annotation_id;source_json;caption;Maschine_Label;manual_plot;manual_photo;manual_diagram;unclear;notes;manual_label
1;10.1101_2025.03.24.645017.json;Figure S5: Modeling germline-somatic interactions between MSI2 and ASXL1-CHIP in HSCs.;;1;;1;;;Plot+Diagram
2;10.1101_2025.06.02.657382.json;Figure 7. Sustained Ca²⁺ bursts in high-mobility myeloid cells. Acute brain slices were prepared from non-infected Cx3cr1/EGFP mice and from SSLOW-infected Cx3cr1/EGFP mice at the advanced stage of disease. a Quantification of signal intensity of Ca²⁺ puncta within high- or low-mobility EGFP⁺ cells. Data from normal, non-infected mice are shown for reference. Sustained Ca²⁺ bursts were detected using Calbryte-590 AM and averaged per cell over a 3-hour period. N = 24-28 cells per group. *p < 0.05, **p < 0.01, ns = not significant by non-parametric Kruskal-Wallis test with Dunn's multiple comparisons. b Changes in Ca²⁺ signal intensity in individual EGFP⁺ cells over the 3-hour imaging session. Images were acquired at 5-minute intervals. c Time-lapse imaging of acute brain slice from a SSLOW-infected Cx3cr1/EGFP mouse recorded over 3 hours. Upper panels (Video S19): EGFP⁺ cell (#1) envelops a neuronal soma and exhibits low Ca²⁺ activity. Lower panels: highly mobile EGFP⁺ cell (#2) displays sustained somatic Ca²⁺ bursts. Scale bars = 50 μm.;;1;;1;;;Plot+Diagram
3;10.1101_2024.04.02.587830.json;Figure 4. Malate-induced stomatal closure is mediated by anion channels and Ca 2+ .;;;;1;;;Diagram
4;10.1101_2025.03.18.643876.json;"Figure 9 . Workflow for characterizing the microbiome (16S rRNA sequencing; DNAbased) and microbiota (meta-transcriptomics; RNA-based) in vaginal swabs, endometrial brushes, and endometrial biopsies. Taxonomy was assigned using the Kraken2/Braken methodology, and in silico decontamination was performed with the Decontam R package. Characterization included abundance, diversity, and correlation between techniques. The study cohort consisted of 44 reproductive-age women. In the validation cohort (N=5), a dual approach (DNA- and RNA-based) was applied to all three sample types. Additional validation analyses for endometrial biopsies were performed using realtime PCR (qPCR) and microbial culture.";;;1;1;;;Diagram+Photo
5;10.1101_2025.04.22.650000.json;Figure 3. Accumulation of pulses to induce collective pacemaker activity. In vitro monolayers of optogenetically modified NRVMs show that the transition from the stationary state (STA) towards the oscillatory state (OSC) is dependent on the number of excitatory waves passing through an illuminated area at a constant electrical pacing frequency of 600 𝑚𝑠 . (A) Two pulses are not enough to induce the transition. (B) Four pulses are sufficient to induce the transition.;;1;;1;;;Plot+Diagram
6;10.1101_2025.08.01.668053.json;"Fig.5 | Growth in SimUrine.v2 and hemin supplemented versions . Cultures of E. coli (UBM3190) (A) and S. anginosus (UMB8616) (B) in SimUrine.v2 (solid lines) and SimUrine.v.2 supplemented with hemin 1X (dotted lines) and hemin 10X (dashed lines). Optical density at 600 nm (OD600) is shown on the y-axes; time (hours) on the x-axes. Lines represent mean values and shading standard error of the mean.";;1;;;;;Plot
7;10.1101_2025.09.29.679248.json;Figure 2. Block diagram of the experiment ' s technical setup .;;;;1;;;Diagram
8;10.1101_2023.09.13.557676.json;Fig 2. Effect of WSS on vessel pruning. (A) Actual pruning sites (pink) in the vascular network (gray) were shown in the left panel. Right panels showed 𝛼 distribution in the vascular network. The color on the vessel surface represented the value of a . (B) Pruning possibility (pp _ exp ) and 𝛼 were plotted.;;1;;1;;;Plot+Diagram
9;10.1101_2025.04.23.650164.json;Fig. S2 Results of Microscale Thermophoresis (MST) binding check assay. Binding check results for the interaction of spike (20 nM) and the indicated GAGs (15 µM) in 50 mM Tris buffer pH 7.4, supplemented with 150 mM NaCl, 10 mM MgCl 2 and 0.05% Tween-20. An MST on-time of 1.5 sec was used for analysis. (n = 4. A- G : Fnorm values of spike alone and in complex with the indicated GAGs ADP (complex). H : Signal-to-noise ratio obtained from the normalized fluorescence (Fnorm 0 / 00 ) evaluation shown above. The horizontal red line indicates the signal-to-noise ratio value designated as the cut-off between binding and nonbinding molecules following the manufacturer's instructions.;;1;;1;;;Plot+Diagram
10;10.1101_2024.06.14.599120.json;Figure 3. rad51-ED and rad51-KN display a strong mutator phenotype similar to a;;;;1;;;Diagram
11;10.1101_2025.07.14.664667.json;"Figure 3. Synteny comparison with Osmia bicornis . (A) A two-row parallel link plot giving an overview of syntenic regions between putative chromosomal scaffolds of O. bicornis (Obic; top of each row) and O. cornuta (Ocor: bottom of each row) based upon comparisons of predicted proteomes. The markers show the genomic coordinates for each putative chromosome in megabases (Mb). (B) Dot plots displaying a more detailed examination of synteny between the two species. The binned x-axis represents the position along identified chromosomes in O. bicornis with one chromosome per bin. Similarly, the y-axis represents the position along chromosomes in O. cornuta with one chromosome per bin. A dot represents a syntenic region that is shared between the two species at the respective chromosomal loci.";;1;;1;;;Plot+Diagram
12;10.1101_2024.03.22.585864.json;311 Figure 3: Characterizing the dual-color reporter approach to sort cells undergoing distinct phases of Shox2 312 regulatory trajectory. A. FACS plot of Shox2 trac hindlimbs dissociated cells illustrating the distribution of cells 313 based on dmCherry and EYFP fluorescence in all the developmental stages investigated. B. Heatmap profiles of 314 representative marker genes in different sorted populations from E11.5 hindlimbs. dmCh. = dmCherry, maint. = 315 maintaining, interm. = intermediate and inac. = inactive. C. Proportions of each sorted population at E10.5, E11.5, 316 E12.5, E13.5, and E14.5 in both forelimbs and hindlimbs, showcasing the dynamic changes in population sizes 317 over developmental time. D-F. Heatmaps of gene expression analysis of marker genes in sorted cells throughout 318 fore- and hindlimb development. D. Marker gene expression in inactive cells. E. Marker gene expression in 319 maintaining cells. F. Marker gene expression in decommissioned cells. Inactive (EYFP-, dmCherry-, in grey), 320 maintaining (EYFP+, dmCherry+, in red), decommissioned (EYFP+, dmCherry-, in yellow), blood (EYFP-, 321 dmCherry+, in black), low-EYFP (low EYFP+, low dmCherry+, in blue), intermediate (high EYFP+, intermediate 322 dmCherry+, in light grey or white). In C , D-F : Z-score scale derived from normalized FPKMs provides a normalized 323 measure by rows of gene expression levels enabling comparison across samples. 324;;1;1;;;;Plot+Photo
14;10.1101_2025.01.17.633518.json;Fig. 1. VP3 encodes a C-terminal domain with a predicted lack of secondary structure. A;;1;;1;;;Plot+Diagram
19;10.1101_2025.04.23.650164.json;Fig. S19 Molecular structures and models of the K5 polysaccharides. 2D representation of the (A) heparin, (C) K5OSH, and (E) K5NOSH disaccharide repeat units used to model the K5NOH and K5NOSH polymers. 3D representations of the (B) heparin, (D) K5NOH, and (F) K5NOSH tetrasaccharides used to build the 31mer chains (with 31 monomers) bound to spike by employing the incremental sliding window docking method 1 . In the incremental sliding window docking method, docking begins with a 4-mer probe. The docking grid then shifts along the identified basic groove path, overlapping with the last monosaccharide of the docked 4-mer. This ensures that the last monosaccharide of one probe overlaps with the first monosaccharide of the next, preserving the glycosidic linkage properties between monosaccharides. With 10 iterations, this process results in a chain of 31 monosaccharides, with an extra monosaccharide at the end of the chain. Heparin, K5OSH, and K5NOSH are shown in stick representation colored by element with green, pink, and purple carbons, respectively.;;;;1;;;Diagram
20;10.1101_2025.07.07.663569.json;"Figure 4. Observed and model-predicted ROC curves and posterior parameter estimates from the hierarchical Bayesian DPSD model. (A) ROC curves for each stimulus condition: repeated colors (CLR REP ; red), repeated meaningful objects (OBJ REP ; green), and trial-unique meaningful objects (OBJ UNI ; blue). Circles represent observed mean hit rates (HR) and false-alarm rates (FAR) across confidence levels, and the horizontal and vertical error bars indicate standard errors of the mean FAR and HR, respectively. Solid lines depict model-predicted ROC curves based on posterior mean values of the model parameters. (B) Posterior means and 95% highest density intervals (HDIs 95% ) for the population-level recollection (left) and familiarity (right) parameters, across stimulus types. The boundaries of HDI 95% not crossing over between conditions indicate a statistically credible difference.";;1;;;;;Plot
23;10.1101_2025.03.18.643707.json;Figure 5. Prevotella -driven susceptibility to arthritis is associated with IL-6 expression in mice and RA patients;;1;;;;;Plot
24;10.1101_2023.09.05.556329.json;Figure 7 : Model for the regulation of CTT1 by Scd6: In the absence of any stress, the CTT1 mRNA serves as a target for the protein Scd6, forming a stable complex. However, when exposed to hydrogen peroxide (H 2 O2 ), there is a disruption of the CTT1 -Scd6 interaction which could be due to a reduction in the methylation of Scd6, causing their dissociation. Under these oxidative stress conditions, Scd6 locates to a distinct puncta which is neither stress granule or p body within the cell. Meanwhile, the CTT1 mRNA becomes actively engaged in translation in response to the H 2 O2 treatment. This interaction enables Scd6 to regulate the abundance of CTT1 mRNA in untreated conditions, where it is not required in large quantities. In summary, H 2 O2 treatment induces the dissociation of CTT1 and Scd6, leading to CTT1's translation and Scd6's localization to stress granules and P bodies.;;;;1;;;Diagram
25;10.1101_2025.09.04.674184.json;"Figure 3. (A) Comparison of the relative abundance of the main lipid families studied in this work between LC, Me5 and SNc neurons; (B) principal components analysis (PCA) of the lipid fingerprints of the three types of neurons. * = p<0.05, ** = p<0.01, *** = p<0.001.";;1;;;;;Plot
26;10.1101_2025.07.04.663163.json;"Fig. 1. Pm4 gain-of-virulence mutants all exhibit mutations in Bgt-55142 , encoding a non-canonical effector. ( A ) Schematic representation of Bgt-55142 protein structure, indicating predicted domains (described in detail in Supp. Fig. S2C ) and a nuclear localisation signal (NLS) predicted by NLStradamus. The phenotype and genotype of the Bgt gain-of-virulence mutants on Pm4a and Pm4b are shown above. ( B ) Cartoon and surface representation of the Alphafold3 structural prediction of Bgt-55142, with domains shown in different colours and labelled accordingly. Glutamate at position 360, mutated in mutant 4AB-6 to a lysine, is represented by spheres and indicated in brown. The predicted aligned error (PAE) is depicted in Supp. Fig. S2A . ( C ) Sequence alignment of the MEA domain of Bgt-55142 (amino acids 175 to 329) and AVR-Rmg8 reveals a region of high identity. In particular, the RGPGGPPP motif is 100% conserved, and overlaps with the NLS (in yellow; Supp. Fig. S2B ).";;;;1;;;Diagram
27;10.1101_2024.03.13.584141.json;"Fig.S3 Details of the fMRI results in children (complement to Fig.2 and Fig.3 in the main text) A: Statistical map associated with the contrast 'single geometric shape > faces, houses and tools', projected on an inflated brain (top: adults; bottom: children; for illustration purpose we display the uncorrected statistical map at the p<.01 level). Notice how similar the activations are in both age groups. B: Same as A, but for the contrast 'single geometric shape > all single-object visual categories (face, house, tools, Chinese characters)'. The activation maps are very similar to the previous contrast, and very similar across age groups. C : Whole brain correlation of the BOLD signal with geometric regularity in children, as measured by the error rate in a previous online intruder detection task ( 7 ). Positive correlations are shown in red and negative ones in blue. Voxel threshold p<.001, no correction for multiple comparisons, but the p-value indicates the only cluster that was significant at the cluster-level corrected p<.05 threshold. D , Results of RSA analysis in children. No cluster was significant at the p<.05 level for the geometric feature models; one right-lateralized occipital cluster reached significance for the CNN encoding model (cluster-level corrected p=.019), and its symmetrical counterpart was close to the significance threshold (cluster-level corrected p=.062)";;;1;;;;Photo
28;10.1101_2023.04.18.537072.json;FIG. 10. Kinetic trajectory in the multicomponent phase diagram Illustration of the assembly kinetics at phase equilibrium, for systems corresponding to M = 3 and initially composed of monomers only.;;;;1;;;Diagram
29;10.1101_2025.01.22.633938.json;Figure 6. Optimization of lipid nanoparticle (LNP) composition for delivery of functional CFTR-encoding constructs. ( A ) Schematic overview of LNP optimization approach for maximal integration of donor CFTR-encoding linear double-stranded DNA (ldsDNA) constructs. ( B -D ) Droplet digital PCR (ddPCR) data reporting integration efficiencies of CFTR ldsDNA constructs co-encapsulated into LNPs with mRNA encoding Cas9 and single guide RNA (sgRNA) targeting CFTR at (left) ldsDNA:mRNA w/w ratios of 2:1, 3:1, and 4:1 and (center, right) nitrogen:phosphate (N/P) ratios of 5, 7, 9, 11, or 13. ( E-G ) Metabolic tetrazolium salt (MTS) assay data reporting cell survival relative to untreated cells 24 h after treatment with LNPs loaded with CFTR ldsDNA constructs, mRNA encoding Cas9, and sgRNA targeting CFTR at (left) ldsDNA:mRNA w/w ratios of 2:1, 3:1, and 4:1 and (center, right) nitrogen:phosphate (N/P) ratios of 5, 7, 9, 11, or 13. ( H ) Integration efficiencies of CFTR ldsDNA constructs co-encapsulated into LNPs with mRNA encoding Cas9 and sgRNA targeting CFTR at a ldsDNA:mRNA w/w of 3:1 and N/P of 11 at a total dose of 50, 75, or 100 ng mRNA per 20,000 cells. ( I ) MTS assay data reporting cell survival relative to untreated cells 24 h after treatment with LNPs loaded with CFTR ldsDNA constructs, mRNA encoding Cas9, and sgRNA targeting CFTR dosed at 50, 75, or 100 ng mRNA per 20,000 cells. Cells were treated with or without drugs AZD7648 and ART558. One-way analyses of variance (ANOVA) were performed, with the threshold of statistical significance set at p < 0.05. Letters A-E represent a compact letter display of statistics wherein differences between groups labeled with the same letter are not statistically significant.;;1;;1;;;Plot+Diagram
30;10.1101_2024.09.27.615364.json;Fig 7. Optimization and performance of the binary pitch classifier neuron CCN. A. Mean MCC of 15 LOOCV iterations for the CCN while varying ω ccn and R ccn . B. A single LOOCV iteration that scores closest to the mean LOOCV values plotted in panel A, i.e., for optimal values ω ccn = 0 . 15 mV and R ccn = 1 . 8. The CCN mainly spiked when body pitch exceeded 10 ◦ .;;1;;;;;Plot
32;10.1101_2025.01.17.633518.json;Fig. 2. The VP3 C-terminal domain is predicted to be a highly dynamic intrinsically disordered region (IDR) . The mean relative B-factor, calculated from MD simulations of the VP3 monomer (6 independent 20 nanosecond simulations), was plotted on the y axis against VP3 amino acid residue number on the x axis. Error bars represent standard error of the mean (SEM) (A). The Pearson's product moment correlation coefficient between the trajectories of each pair of atoms was calculated and plotted as a heatmap. Yellow represents perfect positive correlation, purple represents perfect negative correlation, blue/teal suggests a lack of correlation (B). The movement of the atoms (average positional correlation coefficient) within the 36 amino acids of the C terminus were compared to equally-sized windows of 36 amino acids in length spanning the whole length of the VP3 protein sequence, and the p-values were plotted on the y;;1;;;;;Plot
33;10.1101_2025.04.23.650164.json;Fig. S13 Exposure of the S1/S2 multifunctional site during the MD simulations. (A-C-E) Solvent Accessible Surface Area (SASA) (Å 2 ) of the S1/S2 site versus time (µs) and (B-D-F) the probability density versus SASA of the S1/S2 site (Å 2 ) for the simulated systems of (A-B) closed spike with heparin bound (from Paiardi et al. 2 ) and for the four replica MD trajectories of the two systems of closed spike glycoprotein with (C-D) K5OSH and (E-F) K5NOSH bound simulated in the current study. (A-C-E) The SASA is computed along the simulations while (B-D-F) the probability density is computed on the converged MD trajectories (from 0.2 to 1 μs) and is shown for each subunit - S A , S B , S C - in blue, pink, and brown for systems with heparin bound, in blue, teal, and cyan for systems with K5 compounds bound. (B-D-F) The dashed lines showing the mean values for the single distribution are colored according to the SASA of the respective subunit.;;1;;;;;Plot
36;10.1101_2025.08.04.668590.json;"Figure 5. Sheet aggregates are found in CPQ + migrasomes. (A-D) 700× cryo-EM micrographs of PFA fixed vitrified 1 DIV rat cortical neurons overlaid with CPQ (red) and Hoechst (blue) fluorescent stains. (E) , (F) , and (H) 5,300× cryo-EM micrographs depicting aggregates inside CPQ + migrasomes (top) and their corresponding 45,000× images (bottom). (G) 5,300× cryo-EM micrograph depicting mitochondria inside CPQ + migrasomes (top) and its corresponding 45,000× images (bottom). (I) and (J) 5,300× cryoEM micrographs depicting extracellular aggregates not associated with CPQ + migrasomes (top) and their corresponding 45,000× images (bottom). Dashed boxes and lines depict areas of interest that are gradually increased in magnification. Scale bars for 700× micrograph = 20 µm; 5,300× = 1 µm; and 45,000× = 200 nm.";;;1;;;;Photo
37;10.1101_2025.01.27.635038.json;Fig. 5: Top 10 enriched KEGG pathways and GO terms among the top 500 genes ranked by MUSICiAn across targets for the genome-wide MUSIC dataset. Top left to bottom right - KEGG pathways, GO biological processes, GO molecular functions, and GO cellular components. The horizontal axis shows the ratio between the numbers of genes annotated with the pathway or GO term among the top 500 ranked genes vs. all genes. Circle color denotes the negative log10 of the FDR-corrected p -value, and circle size indicates the number of genes annotated with a pathway or GO term among the top 500 ranked genes.;;1;;;;;Plot
38;10.1101_2025.04.01.646591.json;Figure S9. Estimating fluorescent signal of a single labelled polymerase.;;1;;;;;Plot
39;10.1101_2024.04.30.591897.json;Figure S3. Deletion of the ATG5 interacting region of TECPR1 prevents ATG5 recruitment to lysosomes in response to damage. Representative live-cell fluorescent images of HeLa WT cells co-transfected with EGFP-TECPR1 and mCherry-ATG5 and treated with 1 mM LLOMe for 15 minutes. Scale bar = 20 µM.;;;1;;;;Photo
40;10.1101_2024.11.19.624303.json;Figure 4. Distractor-locked pupil dilation (group-average, subtraction of the surrogate DIS-locked PDR & 250ms pre-distractor baseline subtraction ) . A: Mean pupil dilation in AAV, PAV conditions and the subtraction between the two. B: Mean pupil dilation in informative & uninformative conditions and the subtraction b etween the two for the AAV-PAV subtraction curves. Shadowed areas surrounding the curves represent standard errors of the mean. The blue area (A) corresponds to the time windows where the task effect is significant. For these time windows, boxplots with individual data are depicted (mean pupil dilation amplitude in 500ms time-windows). Within each boxplot, the horizontal line represents the group median, the box the first and third quartiles, the whiskers the largest value under 1.5*IQR. (IQR = inter-quartile range). Superimposed to each boxplot, the dots represent individual means. * p < 0.05, ** p < 0.01. AAV: Active AudioVisual condition, PAV: Passive Audio-Visual condition, inf: informative, uninf: uninformative.;;1;;;;;Plot
41;10.1101_2025.03.03.641144.json;Figure 7. Expression of YTHDF proteins regulates the size of distinct progenitor populations. (A) Detection of dd_1837 and SMEDWI-1 by FISH and IF, respectively, is shown following co-suppression of ythdfs and in control animals. Cell counts of dd_1837 + /SMEDWI-1 + cells in the head area were normalized to animal size and compared to control RNAi. A significant increase in dd_1837 + /SMEDWI-1 + cells was observed in the triple RNAi animals (Student's t-test, p-value < 1x10 -4 ). Scale bar = 10 μm. (B) Quantification of the SMEDWI-1 + population size by IF is shown following co-suppression of ythdf s and in controls. Cell count of SMEDWI-1 + cells in the region between the brain and pharynx were normalized to animal size, revealing no significant difference in cell number (Student's t-test, n.s. > 0.05). Scale bar = 100 μm. (C) Detection of the parenchymal cell marker dd_940 and SMEDWI-1 by FISH and IF, respectively, is shown following co-suppression of ythdf s and in control animals. Cell counts of dd_940 + /SMEDWI-1 + in the region between the brain and pharynx were normalized to animal size and compared to control. A significant decrease in dd_940 + /SMEDWI-1 + cells was observed in the RNAi animals (Student's t-test, p-value = 0.0052). Scale bar = 10 μm.;;1;1;;;;Plot+Photo
42;10.1101_2024.07.02.601807.json;Figure 4: An overview of the different functionalities provided in panmanUtils . Starting from the input PanMAN (top), the panels show the following biologically relevant operations and their associated subcommands that can be performed using panmanUtils : (i) providing node and network-level statistics, (ii) extracting raw sequences at the tips or internal nodes in FASTA format, (iii) extracting the multiple-sequence alignment (MSA) of tip or internal sequences in FASTA format, (iv) extracting a PanMAN corresponding to a subnetwork in the input PanMAN based on the provided list of node identifiers in the tab-separated values (TSV) format, (v) extracting variation in VCF format present in all the sequences of a single PanMAT in a PanMAN with respect to a user-defined reference sequence (S2, in this case), (vi) converting any PanMAT in a PanMAN to a Graphical fragment assembly (GFA) file representing the pangenome (vii) extracting multiple whole genome alignment (m-WGA) for each PanMAT in a PanMAN in the form of multiple alignment format (MAF), (viii) annotating any node in the PanMAN with a custom string (e.g., lineage name) provided in a TSV format file, (ix) translating DNA mutation annotations to amino acid mutations with the reference being the root sequence, and (x) extracting multiple Newick files, one corresponding to each PanMAT topology, and an additional file describing the complex mutations resulting in network connections (if exist) between the different PanMATs.;;;;1;;;Diagram
44;10.1101_2025.05.15.654300.json;Fig. S14. Yeast surface display binding for PAN nita.1 measured for indicated ligands . **** indicates p<0.0001 and ns indicates not significant. n=4, error bars indicate 1 s.d.;;1;;1;;;Plot+Diagram
45;10.1101_2025.09.25.678455.json;Figure 1: Scheme of TTR minimal model, showing the transitions for tetramers, T, and monomers, M, together with corresponding rates (described in the main text). Possible in-direct effects of action of tetramer stabilisers are denoted as ([Drug]?).;;;;1;;;Diagram
46;10.1101_2025.08.01.667674.json;Figure 2. Benzalkonium chloride (BAC) sensitive E. coli MG1655 (wildtype, WT) shows increased evolvability against antibiotics as compared to its BAC-tolerant S4 strain. A) Scheme showcasing the design of the adaptive laboratory;;1;;1;;;Plot+Diagram
47;10.1101_2025.03.18.643876.json;Figure 7 . ( A ) Boxplots of relative abundance of the most abundant microbes in endometrial brush samples revealed by 16S rRNA gene sequencing and metatranscriptome. ( B ) Scatter plots of Spearman's correlation between the taxonomic profiles of 16S rRNA gene sequencing (X axis) and meta-transcriptomics (Y axis). Significance was considered for adjusted p -value < 0.05 (***).;;1;;;;;Plot
48;10.1101_2025.01.05.631374.json;Figure 6. CyMA modulate tumor microenvironment. (a) Schematic illustration showing the inhibition of cancer associated fibroblasts (CAFs), senescent tumor cells (STCs), and selective inhibition of M2 tumor associated macrophages (TAMs) but not M1 TAM, as well as the suppression of cytokine secretion (TGFβ 1 and VEGF). (b) Cell viability of CAFs treated with 3a for 24, 48, 72 hours (n = 3). (c) Cell viability of the co-cultured CAFs with LNCaP cells treated with 3a for 72 hours (n = 3). (d) Cell viability of M1 and M2 TAMs treated with 3a for 24 hours (n = 3). (e) Immunoblotting of CES1, CES2 and β -Actin in THP-1 cells and THP-1 derived M1 and M2 TAMs. (f) CLSM images of M1 or M2 TAMs treated with 1a (500 nM, 100 nM, 16 minutes). (g) Quantitative analysis of fluorescence intensity within or outside the Golgi in cells in (f) treated with 1a (500 nM) (n = 8). (h) Cell viability of STCs treated with 3a for 24,;;1;1;1;;;Plot+Diagram+Photo
50;10.1101_2025.03.18.643707.json;Figure 7. Prevotellaceae -derived OMVs induce IL-6 secretion by DCs and transfer CIA susceptibility to resistant mice;;1;;;;;Plot
51;10.1101_2025.08.23.671809.json;"Figure S6: Ps WCS417r growth in root exudates, and in unplanted control. (A) Ps WCS417r growth in wildtype and umamit30 root exudates, as well as in unplanted control. (B) Ps WCS417r growth in wildtype, Iht1, and umamit14 root exudates, as well as in unplanted control. For (A), data are average ‡ SE (n=6 biological replicates). For (B), data are average + SE (n=6 biological replicates x 2 = 12 replicates). Statistical analyses were performed using 'Compare Groups of Growth Curves' method as previously described [38], with the following results: (A) no significant difference between bacterial growth in wildtype and umamit30-1 exudates. (B) wildtype vs umamit14: p=0.8719; wildtype vs Iht1: p=0.0400. Experiment in (A) was performed three times with similar results.";;1;;;;;Plot
52;10.1101_2024.09.03.611057.json;Figure 4: Multivalent chromatin binders reduce diffusion of nucleosome nanodomains. (a) Heteropolymer model of chromatin consisting of A-type, B-type, and C-type particles. (b) Interaction potentials 𝑈 $( (𝑟 %& ) of multivalent chromatin binders with B-type chromatin beads. (c,d) Example free heteropolymer and heteropolymer with a number density of C-type particles of 𝜌 = 500/𝜇𝑚 ) in a 10um periodic box. (e) Scaled diffusion coefficient 𝐷 for various chromatin binding energies of C-type particles, averaged over ten independent simulations, with burn-in discarded.;;1;;1;;;Plot+Diagram
53;10.1101_2023.04.04.535507.json;Figure 6. OsTLP inhibits callose deposition to facilitate RSV infection.;;1;1;;;;Plot+Photo
56;10.1101_2024.07.26.605262.json;Figure 4. Role of grouped spindles in motor skill consolidation and generalization. (A) Relationship between the proportion of grouped spindles over isolated spindles (a.u.), extracted at scalp derivation C4, and the magnitude of post-night performance changes (in %) on the learned motor sequence in the IMMO (n = 15) and CTRL (n = 14) groups. (B) Relationship between the proportion of grouped spindles over isolated spindles (a.u.), extracted at scalp derivation C4, and the magnitude of inter-manual skill transfer (in %) in the IMMO (n = 15) and CTRL (n = 14) groups. (C) Relationship between the proportion of grouped spindles over isolated spindles (a.u.), extracted at scalp derivation C4, and the magnitude of skill transfer toward a new sequence (in %) in the IMMO (n = 13) and CTRL (n = 14) groups. Individual data (colored circles) and trend lines are provided, along with Pearson's r and associated p-values.;;1;;;;;Plot
57;10.1101_2025.01.02.631135.json;Supplementary Figure 2. Additional NSCLC results for cleaning fibroblast cells.;;1;;;;;Plot
58;10.1101_2025.09.25.678391.json;Figure 1. The BiOM T2 battery-powered ankle-foot prosthesis attached in series with the Low Profile (LP) Vari-flex prosthetic foot.;;;1;;;;Photo
61;10.1101_2025.01.27.635038.json;Fig. 4: Performance of MUSICiAn, recovery of known DNA repair genes. Precision-recall curves using MUSICiAn ranking (orange) or random ranking (blue) against the following gold standards for evaluation: (left) curated genes in Repair-seq and (right) genes annotated with DSB repair-related in Gene Ontology.;;1;;;;;Plot
62;10.1101_2025.04.02.646756.json;Figure 2 Investigation of the activity of recombinant Gs PEBA and Gs PEBB and identification of reaction 326 products. 327;;1;;;;;Plot
63;10.1101_2024.12.11.627930.json;Figure S8. Genomic results for Cross 3. Top three plots: Mean traits (FRE, MRE, rMA) across the genome. Thick red, blue and black lines indicate mean trait values for homozygotes inherited from either Control (blue) or X-only populations (red) or heterozygotes. The horizontal, dashed line indicates mean trait values for all individuals. Vertical dashed lines indicate the location of QTL, shaded areas indicate the Bayesian credible intervals for QTL. Plot 4: p -value of χ²-test for segregation distortion. The red line indicates the significance threshold ( p < 0.05 ) after Bonferroni correction. Bottom plot: recombination maps inferred from RADseq data. Shaded red and blue bars in the background indicate genomic windows enriched for the two most common centromeric repeats.;;1;;;;;Plot
64;10.1101_2023.12.01.569683.json;Fig. 4 N-terminal acetylation also regulates the activity of PA-X proteins from circulating influenza A virus subtypes. HEK293T cells were transfected for 24 hours with empty vector, WT PR8 PA-X-eGFP, WT H1N1 pdm09 PA-X-eGFP, or WT Perth PA-X-eGFP or the indicated PR8 PA-X-eGFP mutants carrying changes in the second amino acid. mRNA levels of a co-transfected luciferase reporter were measured by RT-qPCR and normalized to 18S rRNA. Levels are plotted as change relative to vector transfected cells. Error bars indicate the standard error of the mean. (n>3) *p < 0.05 **p < 0.01 ***p < 0.001 ****p < 0.0001 ANOVA with Dunnett's multiple comparison test compared to wild-type PA-X;;1;;;;;Plot
65;10.1101_2024.10.31.621279.json;"Figure 2. Data set #2: Letter-color 2AFC task and results. (A) Left , an independent learning phase was administered in the form of an odd-ball detection task during which six letters together with six shades of green colors as background (squares) were presented in three frequency conditions (33%, 50%, and 84%) on most trials (91%). Participants had to quickly respond to odd-ball targets (numbers and/or non-green color, 9% of trials). Lettercolor mapping conditions were randomized per participant. Right , events during a single trial of the subsequent letter-color decision 2AFC task. While pupil dilation was recorded, participants indicated whether the letter 'matched' the colored square with a button press. A match was correct when the letter and color had occurred most often together in the preceding odd-ball task. Gray box indicates the feedback event of interest. (B) Accuracy (fraction of correct responses) as a function of letter-color frequency. Dashed line represents chance level. Data points are individual participants; stats, paired-samples t-test. (C) RT as a function of both letter-color frequency and accuracy; stats, repeated-measures ANOVA. (D) Feedback-locked pupil response time course, plotted as a function of letter-color frequency and accuracy. Shading represents the standard error of the mean. Gray boxes, time windows of interest; early time window, [0.75, 1.25]; late time window, [2.5, 3.0]. The purple horizontal bar indicates a significant two-way interaction effect (uncorrected for multiple comparisons). No significant time points remained after correction using the false discovery rate (FDR). (E) Early time window, average feedback-locked pupil response as a function of letter-color frequency and accuracy. (F) As E , for the late time window. ANOVA results (multiple panels): top, main effect of frequency; middle, main effect of accuracy; bottom, frequency x accuracy interaction. Error bars, standard error of the mean. * p < 0.05, ** p < 0.01, *** p < 0.001.";;1;;1;;;Plot+Diagram
66;10.1101_2025.08.19.671051.json;Fig 5. Model to detect cell turns a: Schematic and prevalence of four different modes of cell turning in RPE1 cells: depolarisers contract and then protrude into a new direction, bananas gradually change direction of protrusion resulting in curved cell shape at turn, bifurcaters split the cell front with one front later becoming the new rear and the other the new front, protruders form a new protrusion at the side or rear that becomes the new front. All four modes account for roughly a quarter of observed cell turns in RPE1 cells expressing GFP-Actin. n=37 cells b-d: Example of depolariser from training set for Hidden Markov Model (HMM). All 43 frames in the track were classified into one of four categories representing important stages of the mechanism: red, green, yellow and blue corresponding to polarised, depolarised, depolarising and repolarising respectively. Selected stills from timelapse movie in b, corresponding segmented outlines and the path of the 'centre of mass' of the cell in real space in c and track through the Diffusion Maps based shape representation in d. Selected frames shown in b are shown with larger dots in c and d. The asterisked red dot corresponds to the first frame in the sequence. Time is given in minutes, the scale bar corresponds to 50 µ m. Grey dots in d are positions of the shapes from full RPE1 dataset described in Figures 2-3. e: Diffusion map embedding of RPE1 cells and training of 4-state Hidden Markov Model with polarised (red), depolarised (green) and two transition states depolarising (yellow) and repolarising (blue) to which a 2D Gaussian was fitted, displayed in the plots by a diamond as the mean and an ellipse representing the covariance. In our framework, we are predicting that the cell turns will coincide with repolarisation (blue) events.;;1;1;1;;;Plot+Diagram+Photo
67;10.1101_2024.05.12.593008.json;Figure 5. Actin filaments organization of bladder cancer cells . The organization of actin filaments (F-actin stained with phalloidin conjugated with Alexa Fluor 488 dye) inside the bladder cancer cells (HCV29, HT1376, and T24 cells) cultured on uncoated and lectin-coated Petri dish plastic surfaces. The scale bar is 50 µm.;;;1;;;;Photo
68;10.1101_2025.04.09.648026.json;"Figure S4 . Mice lacking Snca Enh+37 are protected against motor deficits as measured by: (A) pole descent performance; (B) Grip strength; and (C) Rotarod performance. (D) Mice lacking Snca Enh+37 are also protected against anxiety-like behaviours. Bar charts report both combined and sex-dependent analyses of 8-10 mice/sex/genotype/treatment group. Error bars represent standard error (SE). Significance was determined using a two-way ANOVA and Tukey's Honestly Significant Difference (HSD) test with a 95% confidence interval. See Tables S3-S26 for ANOVA summary statistics. * = p < 0.05, ** = p < 0.01, *** = p < 0.001.";;1;;;;;Plot
69;10.1101_2024.10.25.620274.json;Figure S4: The impact of different T cell co-signalling receptors on ligand sensitivity and discrimination using the secreted cytokine IFN γ . (A) Representative dose-response and (B) Change in potency over affinity as described in Fig. 1D for target killing. Data in (A) are representative of at least N=2 independent experiments with different blood donors. Dashed line in (B) indicates fold change of 1. Data is shown as means ± SDs. Significance of non-zero slope was assessed by an F-test.;;1;;;;;Plot
70;10.1101_2024.06.16.599248.json;Note . A) Includes data from 193 participants. B) Includes data from 178 participants. C) Includes data from 178 participants. All scatter plots show partial regression holding Matrix Reasoning Task performance constant.;;1;;;;;Plot
71;10.1101_2022.03.28.486070.json;"Figure 3 - figure supplement 7 | PACEs from FaFaCuRo species are functionally equivalent in restoring bacterial infection in the L. japonicus nin-15 mutant. L. japonicus nin-15 roots were transformed with T-DNAs carrying a Ubq10 pro :NLS-GFP transformation marker in tandem with the LjNIN gene driven by either of the following promoters: ( A ) the 3 kb LjNIN promoter ( NIN pro ), the LjNIN minimal promoter ( NINmin pro ), the 3 kb LjNIN promoter with PACE deleted ( NIN pro ::∆PACE ) or mutated ( NIN pro ::mPACE ); ( B ) the 3 kb LjNIN promoter with LjPACE replaced with either of the PACE sequence variants from nodulating or non-nodulating FaFaCuRo species and analysed 21 dpi with M. loti Ds Red. ( A - B ) Representative overview pictures of nin-15 transgenic roots systems. Sections of representative nodules are displayed in Figure 3 . Note the drastic reduction of restoration of infection in nodules and root hairs associated with the mutation or deletion of PACE as well as the replacement of PACE with JrPACE-like in the context of the LjNIN promoter . White asterisks and arrowheads: infected and non-infected nodules, respectively. ( C - E ) Boxplots displaying c, the percentage of root hair ITs among total infection events (sum of bacterial entrapments and ITs) and ( D - E ) the number of infected nodules from two independent experiments. Each dot in ( D - E ) represents one nin-15 transgenic root system. ( C ) displays merged data from all experiments as the percentage represents a normalised value calculated for each root piece (see Figure 3 - Source Data 1 ). n: number of transgenic root systems or root pieces analysed. For species abbreviations see Figure 1 - figure supplement 5A . The applied statistical method was ANOVA with post hoc Tukey: ( C ) F 9,313 = 106.7, p < 2x10 -16 ; ( D ) F 6,346 = 82.89, p < 2x10 -16 ; ( E ) F 4,135 = 20.18, p = 4.76x10 -13 . Different small letters indicate significant differences. Bars, 2 mm. WLI: white light illumination.";;1;1;;;;Plot+Photo
72;10.1101_2024.11.20.624446.json;Figure 1 Statistical parametric maps of group activation differences between tasks (FDR-corrected P < 0.05 with spatial extent n ≥ 10 voxels). ( a ) represented the group differences during Noun contrasted with non-character symbols. ( b ) represented the group differences during Verb contrasted with non-character symbols. ( c ) and ( d ) represented the group differences during Noun and Verb conditions contrasted with non-character symbols.;;;1;;;;Photo
73;10.1101_2024.09.09.612073.json;"Figure 2: A recurrent neural network generates barcode activity through recurrent dynamics. A. Diagram of a RNN; the activity of the network units is denoted as ⃗ x . Place information arrives from an input layer with activities p ⃗ . Recurrent weights are initialized randomly, that is, J ij ∼ N ( µ N x , σ 2 N x ) for the synapse connecting neuron j to neuron i , where N x is the number of RNN neurons. B. Correlation of activity vectors across different locations, when RNN weights are initialized with σ = 1 (left), σ = 7 (center), and σ = 20 (right). We show correlation of place inputs (gray) and correlation of RNN activity (black) as σ is varied. X-axis is in units of site distance (see Methods for definition). C. Response of RNN units when simulating a visit to a location halfway around the circular track (with r = 0 ; equation 3). In gray is the activity of the RNN at t = 0 . In black is the activity at t = 100 . 200 RNN units are uniformly subsampled and sorted by the tuning of their inputs for plotting purposes. D. As in (C), but for r = 1 . RNN activity is more sparsely distributed, including high activity in neurons without place tuning for the current location. For visualization purposes, 50 RNN units with nonzero activity and 50 RNN units with 0 activity are sampled at this time point ( t = 100 ) for display, and responses greater than 1 are clipped to > 1 . E. RNN activity in response to state 1 compared to state 2 , when r = 0 . Each point corresponds to a single RNN unit. F. As in (E), but for r = 1 . RNN activity for these neighboring states is substantially decorrelated by recurrence. G. Firing fields of three example units on the circular track displaying place-cell activity. Maximum value of each field is labeled and the colormap is max-normalized. H. Simulated spike counts of a RNN population during visits to each location on the circular track. Spikes are generated by simulating Poisson-distributed counts from underlying unit rates. Place tuning results in a strong diagonal structure when units are sorted by their input's preferred location. The maximum limit of the colormap is set to the 99 th percentile value of spike counts ( ≥ 3 spikes). I. Same neurons as (G), but for r = 1 with units now showing barcode activity. The location of the r = 0 place field peak of each unit (i.e., its corresponding peak in (G)) is marked by a red triangle. J. As in (H), but for r = 1 . The independence of barcode activity for neighboring sites results in a matrix with reduced diagonal structure.";;1;;1;;;Plot+Diagram
75;10.1101_2025.03.07.642120.json;Figure 8: Overlay of representative binding curves of 80nM 48d and 80nM 48d.cl ICs to 1.25nM 3mutA32 representing low ligand concentration and associated binding kinetics. A 1:1 fit model was used for the calculation of the gpCore kinetics and a 1:2 fit model was used for the calculation of the 48d and 48d.cl IC kinetics. Sensorgrams showing the components for the 48d and 48d.cl IC curves are provided in the Supplementary Material.;;1;;1;;;Plot+Diagram
76;10.1101_2025.05.03.651968.json;Figure 18: Smoothing versus folding compensation of cortical thickness. Folding-compensation preserves sharp spatial features and fine-scale details in the resulting gradient maps, which are diminished by conventional smoothing.;;;1;;;;Photo
78;10.1101_2025.06.14.659486.json;Supplementary Figure 4: a) Brightfield images and H&E staining comparison of duodenum organoids on day 8 grown in domes or hydrogel droplets. b) Size development analysis of organoids in droplets over several days, with average size highlighted above (n organoids ≥ 55). c) mIF staining of organoids in hydrogel droplets on day 8. d) Quantification of mIF staining of organoids in droplets on day 6 and day 8 (n organoids ≥ 17).;;1;1;;;;Plot+Photo
79;10.1101_2024.11.01.621525.json;Figure 1. Feedback information to foveal V1 in the peripheral object task (n=18).;;1;1;1;;;Plot+Diagram+Photo
80;10.1101_2025.11.21.689680.json;Fig. 2 Absorption-based microCT scan of the lung with 3D-printed reference structures. While the overall high contrast achieved allows for straightforward segmentation, non-uniform distribution of the contrast agent is evident (as indicated with the white arrows). The spatial resolution in these scans is noticeably lower, as illustrated in (B), complicating the precise overlay of fine branches in the lung tissue.;;;1;;;;Photo
81;10.1101_2025.09.04.674023.json;Figure 5 . A CLFA PoC kit for CRP testing in human whole blood od.;;;1;1;;;Diagram+Photo
82;10.1101_2025.08.22.671799.json;"Figure 2. Antigen coverage for antibodies in Pox-AbDab . The number of antibodies against various antigens in VACV (A), VARV (B), MPXV (C), and CPXV (D). Antigens are shown according to their labeling in Pox-AbDab and coloured based on studied homology. Most VACV proteins are labelled according to the Copenhagen strain, while orthologs in the other viruses can be labelled according to the VACV ortholog (indicated with ""(o)"") or their own naming scheme. The former is assigned the identical colour used for VACV, the latter is assigned a slightly lighter shade of that colour, and includes the sequence identity score to VACV (in white). The sequence similarity scores were determined based on the Genbank IDs OP868847.1 (VACV), DQ441428.1 and DQ437581.1 (B6-only) (VARV), HM172544.1 (MPXV), and AF482758.2 (CPXV199) and X94355.2 (J3) (CPXV).";;1;;;;;Plot
83;10.1101_2025.05.15.654044.json;Figure 5: An ISOSCELES combination index predicts synergistic combination of an OLIG2 inhibitor CT-179 with Depatux-M (ABT-414), an anti-EGFR antibody MMAF drug conjugate. a. Volcano plot depicting the results from limma-based differential drug connectivity between predicted CT-179 sensitive and resistant GBM cells. Patient ID was used as a covariate in the model design. b. Barplot of L1000 small molecule mean resistant cell connectivity (RCC) to predicted CT-179 resistant cells. Color depicts this same value. c. Scatterplot of L1000 small molecules plotted by resistant vs. sensitive differential connectivity;;1;;;;;Plot
84;10.1101_2025.06.11.659048.json;"Figure 1. Clock correlated genes ( CCorGs) are enriched with both cycling transcripts and clock genes. Correlation values were higher in the subset of genes with higher amplitudes (95th percentile) compared to those with lower amplitudes (5th percentile) across all analyzed tissues, except in the LHR (MW, p = 0.05259). Boxplots indicate median and 95% confidence intervals. Time course experiments were obtained from van Rosmalen et al., 2024 (A) and Zhang et al., 2014 (B). *** indicates p ≤ 0.001; ** p ≤ 0.01; * p < 0.05. C. The ratio of clock genes recovered in the 90th percentile of CCorGs (with Fdr < 0.05) are higher in 13 regions compared to the mean ratio in the input samples for mice (0.11) and humans (0.07) (Fisher's Exact Test p < 0.05). Vertical dashed line indicates the p.value cutoff of 0.05. Horizontal dashed lines indicate average clock genes ratio in mouse and human input datasets for WGCNA. Supplementary Tables 2 and 3 detail the statistical parameters. relative Amplitude (rAMP); central nervous system (CNS); cerebellar hemisphere (CEH); spinal cord (SC); substantia nigra (SNI); nucleus accumbens (NAC); anterior cingulate cortex (ACC); arcuate nucleus of hypothalamus (ARC); brainstem (BRS); cerebellum (CER); whole cortex (COR); prefrontal cortex (PFC); olfactory bulb (OLB); hippocampus (HIP); dorsomedial hypothalamus (DMH); preoptic area (POA); suprachiasmatic nuclei (SCN); paraventricular nuclei of hypothalamus (PVN); lateral hypothalamus-caudal region (LCH); lateral hypothalamus-rostral region (LHR); ventromedial hypothalamus (VMH); periventricular zone (PVZ); whole hypothalamus (HYT).";;1;;;;;Plot
85;10.1101_2025.05.06.652517.json;Figure 6. Performance of YuelBond on Kekulized Dataset.;;1;;1;;;Plot+Diagram
86;10.1101_2025.06.30.662370.json;Figure 5: The effect of BGS on genetic diversity in C. grandiflora and C. orientalis . (A) : Nucleotide diversity ( π ) is plotted as a grey line across seven C. grandiflora chromosomes in 200 kb sliding windows. Predicted levels of π and B from BGS are shown as a red line. The estimated DFE parameters are listed above the plot. (B) : The same as in (A) but for C. orientalis . (C) : Estimates of N max through time for C. grandiflora and C. orientalis plotted on a log-log scale. (D) : The normalised unfolded SFS for C. grandiflora is shown as grey bars and the predicted SFS is shown as red bars. (D) : The same as in (B) but for C. orientalis .;;1;;;;;Plot
87;10.1101_2025.09.30.679456.json;Figure 6: Time course of cortical neurotransmission changes following paired associative stimulation. Short intracortical inhibition (A) showed no changes after PAS. Individual responses for short intracortical inhibition across phase are shown in panel B. However, intracortical facilitation (C) increased in the LF phase only after the PAS protocol. The individual responses (D) illustrate the consistency of this in the late follicular phase. Bold lines indicate phase estimated marginal means with error bars indicating 95% confidence intervals. Thin lines represent individual participant data. EF: Early Follicular, LF: Late Follicular, MEP: Motor evoked potential, ML: Mid-luteal, PAS: Paired associative stimulation. # late follicular phase higher than early follicular and mid-luteal, * significantly greater than Pre, ** significantly different than Post15.;;1;;;;;Plot
88;10.1101_2025.08.01.668053.json;"Fig.4 | Growth in SimUrine.v2 . Cultures of E. coli (UBM3190) (A) and K. pneumoniae (UMB9987) (B) in SimUrine.v2. Optical density at 600 nm (OD600) is shown on the y-axis; time (hours) on the x-axis. Parallel cultures in BHI (green lines) were used as a reference. Solid lines represent mean values and shading standard error.";;1;;;;;Plot
89;10.1101_2025.02.26.640381.json;"Figure 4 | MAGPIE co-registration of spatial multi-omics datasets from AZX-treated rat lung. a , Outline of experimental design and Visium and DESI MSI data generation from a rat lung exposed to the AZX compound. b , Spatial cross-correlation assessment of overlap between MSI AZX compound distribution ( m/z 550.15724 ) and Visium NMF factors. c , Spatial distribution of MSI AZX intensity distribution (capped at 99 th percentile) and the scaled (0-1) Visium NMF factor activities for Factors 14, 8, and 4, overlayed on H&E images. Scale bars corresponding to 500 µm. d , Over-representation analysis on the top 100 contributing genes for NMF Factor 14, showing the Gene Ontology (GO) enriched terms. Colours represent gene intersection size between queried genes and genes annotated to each term; dot size corresponds to the recall (ratio between gene intersection size and number of term genes).";;1;1;1;;;Plot+Diagram+Photo
91;10.1101_2025.04.07.647511.json;Fig. 5. Group differences in the neural correlates of temporal recalibration. Left panel: For auditory (unimodal) trials, group differences in delay-related activation emerged in the left middle frontal gyrus, where HC exhibited reduced activation after delay exposure, particularly in active conditions, whereas SSD showed the opposite pattern. Right panel: For visual (cross-modal) trials, group differences in delay-related activation emerged in the cerebellum, where HC exhibited increased activation after delay exposure, particularly in active conditions, while SSD showed the reversed pattern. Error bars show standard errors of the mean. MFG = middle frontal gyrus, L = left, R = right.;;1;1;;;;Plot+Photo
97;10.1101_2025.04.08.647715.json;Figure 14: Distributions of the values of risk of inadequate vitamin A intake, across households.;;1;;;;;Plot
98;10.1101_2025.04.28.650930.json;Figure 1 | Cryo-EM structures of the prokaryotic Ku-D N A complex : (a) EM map and structural model of the mKu-linear DNA supercomplex. Three adjacent mKu dimers are bound to two linear DNA molecules, with each protein and DNA chain colour-coded as shown. The C-terminal 46 residues of the mKu protein are not visible due to missing electron density. (b) EM map and structural model of the mKu-hairpin DNA supercomplex. Three adjacent mKu dimers are bound to three DNA molecules, having a terminal hairpin. The hairpin region (dotted circle) is unresolved due to missing electron density.;;;;1;;;Diagram
99;10.1101_2025.08.29.672906.json;Fig. 2: Inferred phylogenetic relationships between S. suis isolates recovered from Irish farms and global sources. (A) Phylogenetic placement of Irish isolates recovered from diseased pigs within the global context, based on PopPUNK lineages. A circular neighbour joining tree was constructed using core distances. The tip nodes of only the genomes of Irish origin are coloured. The outer ring represents the assigned lineages for both Irish and global isolates. The dashed red arc indicates isolates within the ten pathogenic lineages of the central population of S. suis. (B) A midpoint-rooted maximum likelihood tree inferred for the Irish isolates using IQ-Tree from an alignment of core genes (n=1284) identified by Panaroo. Tip nodes are coloured based on PopPUNK lineage assignment. The dashed green arc represents Irish isolates within lineage 37. The scale of each tree represents nucleotide substitutions per site.;;1;;;;;Plot
100;10.1101_2025.04.10.648182.json;Figure 3 - Dimensionless concentration delivered by odorant sources at dynamic pseudo-stationary regime (Yh,psr), as a function of the partition coefficient (Khl) of odorants. Black circles: observed Yh,psr values, measured at source exit using the calibrated PID. Red lines: fit of equation (13) to the observed Yh,psr data (RSS = 0.146, thick: estimate, thin: confidence interval, computed from the limits of 95% confidence intervals for kh and kl). Black crosses: predicted values for the partition coefficients corresponding to the panel of VPCs (Table 2).;;1;;;;;Plot
101;10.1101_2025.01.14.633045.json;Figure 9 . Pili mutant displays a normal symbiotic interaction with soybean. A. Shoot dry weight per plant. B. Chlorophyll content in leaves. C. Number of nodules per plant. D. Nodules dry weight per plant. Results correspond to one representative experiment from two independent repetitions, and all results are given as means ± SD. *, ** and ****, indicate p<0.05, p<0.01 and p<0.0001 respectively.;;1;;;;;Plot
102;10.1101_2023.04.08.532456.json;Figure 2. Speed tuning curves of four example neurons to bi-speed stimuli and constituent single-speed components. A. Illustration of the visual stimuli and the response tuning curves of an example neuron. Green and blue dots in the diagram indicate two overlapping achromatic random-dot patterns moving in the same direction at different speeds. Colors are used for illustration purposes only. The abscissas in green and blue show the speeds of the slower and faster components, respectively. The abscissa in black shows the log mean speed of the two speed components. A-D. The four example neurons are sorted by their preferred speeds (PS) from slow to fast. A1-D1. X4 speed separation. A2-D2. X2 speed separation.;;1;;1;;;Plot+Diagram
103;10.1101_2025.06.02.657373.json;Figure 5 . Role of sux genes in Xoo motility. Quantification of A) swarming area on 0.6 % agar plates and B) swimming area on 0.3 % agar plates of ∆sux mutants (blue) compared to wildtype (grey). Boxes range from 25th to 75th percentiles, with median values shown as center lines and mean values as empty boxes with whiskers ± 1 SD. Significance between two groups was calculated using unpaired two-tailed Student`s ttest with 95 % confidence.;;1;;;;;Plot
106;10.1101_2022.03.28.486070.json;Figure 1. Acquisition of PACE was a key step in the evolution of RNS .;;;;1;;;Diagram
108;10.1101_2024.08.22.609246.json;Fig. 1: ERC analyses of all pairwise combinations of protein-protein interactions in angiosperms. (A) Phylogenetic tree displaying twenty angiosperm species included in this analysis. Branch lengths were inferred from the ClpP1 protein sequence. Star indicated the node that was used as the 'ingroup' node, to the exclusion of the two outgroup species used in this study, Amborella trichopoda and Liriodendron chinense. Figure adapted from (Forsythe et al. 2021). (B) Summary of the major analytical steps of ERCnet that were applied to the angiosperm dataset.;;;;1;;;Diagram
109;10.1101_2025.01.16.633379.json;Figure 3: The pH of vacuole formation depends on the size of droplets and the rate of pH change (a) Representative microscopy images of a large and small droplet over time as the pH decreases at the same rate. The larger droplet forms vacuoles earlier and at a higher pH. (b) Representative microscopy images of droplets of similar size over time as the pH decreases at varied rates. Vacuoles form depending on the rate of pH change, where a faster rate of change leads to earlier vacuole formation at a higher pH. (c) The pH of vacuole formation depends on both the droplet radius and the rate of pH change. (d) The pH of vacuole formation increases with the droplet radius within a given range of rates. (e) The pH of vacuole formation increases with the rate within a given range of drop radii. Data points represent droplets from a single capillary experiment in each of (c)-(e). Trend lines were created by linear regression to a parabolic surface.;;1;;1;;;Plot+Diagram
112;10.1101_2024.12.11.627930.json;Figure S2. Result from single-QTL analyses for Cross 1. Colours indicate FRE (blue), MRE (red) and rMA (green). Dashed horizontal lines indicate significance thresholds ( p = 0.05) inferred by 1000 permutations, vertical dashed lines indicated positions of QTL. Black bars at the bottom indicate location of RAD loci on linkage maps.;;1;;;;;Plot
113;10.1101_2025.09.04.674317.json;Figure 3 - Phylogenetic analysis of OvHV-1 and Macaviruses.;;1;;1;;;Plot+Diagram
114;10.1101_2025.07.07.663494.json;Figure 2. Dynamics of visual coding for orientation, spatial frequency, colour, and contrast at a 6.67 Hz stimulus presentation rate with varying electrode density. (A) The time course of decoding accuracy for orientation with varying electrode density at a 6.67 Hz presentation rate. Confidence intervals for the onsets and peaks of individual electrode densities are plotted above the decoding traces. The head maps illustrate the channel clusters with the highest feature information at the peak of decoding, based on results from a channel searchlight analysis. Bayes Factors for classification evidence compared to chance (0.25) are plotted below. In the bottom row, the correlation coefficient matrix across different electrode densities and the corresponding correlation coefficient bar plot are displayed. (B-D) Same as (A), but for spatial frequency (B), colour (C), and contrast (D).;;1;;1;;;Plot+Diagram
115;10.1101_2023.09.05.556329.json;Figure 5 : The methylation of Scd6 decreases upon H 2 O2 treatment. Scd6GFP was pulled down using a GFP-Trap followed by probing with mono Methyl Arginine (MMA) antibody and α-GFP (a) MMA levels of Scd6GFP in untreated and H2 O 2 treated condition (b) Quantification for the MMA signal normalised with GFP levels. '*' represents the statistical significance. It calculated using two-tailed paired t- test.;;1;;1;;;Plot+Diagram
116;10.1101_2025.06.05.658010.json;Figure 4. Relative importance of molecular descriptors and interaction features in the Weighted Ensemble Multiple Structure Hybrid Model for CYP450 binding prediction. Features are shown as normalized importance percentages.;;1;;;;;Plot
117;10.1101_2025.04.01.646591.json;Figure S3. Nick detection assay for quantification of laser-induced damage.;;1;1;1;;;Plot+Diagram+Photo
118;10.1101_2025.04.15.648987.json;"Figure 6. Structural variation (SV) accuracy as measured by A) precision on the draft Q100 benchmark; B) recall on the draft Q100 benchmark; C) Precision on the CMRG SV benchmark; D) Recall on the CMRG SV benchmark. PB-Hybrid/LongRead and Pbsv PB are shown as curves covering 5x-30x long-read depths. Dragen ILMN is showing at full depth accuracy.";;1;;;;;Plot
119;10.1101_2025.07.08.660448.json;Supplemental Figure S2. The relationship between gene ranks for T-cells and non-T-cells. The plots display the ranks for all genes expressed in T cells. Genes with higher expression in T cells receive a higher T-cell rank (x-axis), and genes with lower expression in non-T cells receive a higher non-T-cell rank (y-axis). A) The topranked T-cell genes (n=22, shown in orange) have a specificity score that is more than four standard deviations from the mean. The comparator gene set containing the non-specific T-cell genes (n=8,562, shown in blue) have specificity scores within three standard deviations from the mean. B) We created a size-matched control gene set by selecting the 22 bottom-ranked genes as our genes of interest (orange) and the top 8,562 ranked T-cell genes as our comparator set of genes (blue).;;1;;;;;Plot
120;10.1101_2025.05.16.654520.json;Figure 2. Viral populations contain diverse mutation rates. A) A single infectious unit can produce viral progeny with varying mutation rates due to mutations in the viral polymerase. Red dot indicates a mutation. Based on estimates of the viral mutation rate of IAV, 1-2 nonsynonymous mutations occur within the polymerase complex per replicated genome. B) A mixture of viral mutation rates within a population gives rise to mutations that follow a gamma-Poisson distribution (a mixture of Poisson distributions with gamma-distributed mutation rates). U, mutations per replicated genome.;;1;;1;;;Plot+Diagram
121;10.1101_2024.10.25.620274.json;Figure S6: Expression of the incompatible CD4 co-receptor in cytotoxic T cells enhances ligand discrimination (4-1BB).;;1;;;;;Plot
122;10.1101_2025.09.09.675153.json;Figure S2. Representative flow cytometry gating scheme for evaluation of surface-displayed mSbencoding pDNA constructs used to generate mRNA LNP vaccines.;;;;1;;;Diagram
123;10.1101_2025.04.10.648182.json;Figure 5 - PID signal recorded at source outlet in response to 60-s puffs of 11 VPCs sorted vertically from top to bottom by increasing air-mineral oil partition coefficient. Response amplitudes were normalized relative to the plateau. For clarity, from the bottom (isoprene) to the top ( β -caryophyllene), each recording is shifted up and to the right.;;1;;;;;Plot
124;10.1101_2025.08.01.667674.json;"Figure 1. The benzalkonium chloride (BAC)-tolerant strain S4 has a selective advantage over the E. coli MG1655 wildtype/parental strain (WT) under ciprofloxacin (CIP) stress (A), but not in the presence of ampicillin (B), colistin (C) and gentamicin (D). Competitions between the WT and the BAC-tolerant strain S4 were performed under three different antibiotic concentrations (CIP: 0; 0.0025; 0.005; 0.01 µg/mL, AMP: 0; 0.5; 0.75; 0.85 µg/mL, COL: 0; 0.2; 0.3; 0.4 µg/mL, GEN: 0; 0.05; 0.1; 0.2 µg/mL). The panels display the selection coefficient of S4 against the WT as a function of the concentration represented as the fold-difference to the minimum inhibitory concentration (MIC) of the WT (CIP: 0.01 µg/mL; AMP: 4 µg/mL; COL: 0.5 µg/mL; GEN: 0.5 µg/mL). The selection coefficient was calculated from the change of S4 relative to the WT over generations of competition (as calculated from data shown in Supplementary Figure S2). The regression of the experimental results (black line) in A was fitted with a logistic function including all nine competitions per concentration (black, open circles). The intercept with the x-axis represents the minimum selection concentration (MSC). Positive values on the y-axis indicate selection for S4 and negative values selection for the WT. The red circles show the mean of the nine individual replicates (open circles). The error bars show the standard deviation. Competitions of WT-mCherry against S4-YFP are shown. Outcomes of competitions with reciprocal fluorescent tags are shown in Supplementary Figures S1 and S3. One-sample Wilcoxon test was performed against 0 and the p-values are shown above each concentration. Stars indicate significance (p<0.05) at n=9. The pvalues were corrected for multiple comparisons with the method from Benjamini & Hochberg 40 .";;1;;;;;Plot
125;10.1101_2025.02.21.639456.json;FIGURE 5. Pseudogene dating estimate and DNA sequence alignment for numbat ACP4 . Average date is mapped on a timetree based on divergence times from (Westerman et al. 2016). Paintings by Carl Buell except numbat (Michelle S. Fabros).;;;;1;;;Diagram
126;10.1101_2024.08.26.609718.json;Fig. 6 Analysis of signal direction and spatial variation. (a) Results of signal direction based on raw spatial data and imputed spatial data. The left figure represents the signal direction of the FGF pathway based on raw spatial data. The middle figure represents the signal direction of the CXCL pathway based on imputed spatial data. The right figure represents the signal direction of the ANGPTL pathway based on imputed spatial data. (b) Visualization of spatial variation based on UMAP. The left figure represents the spatial variation of raw spatial data and the right figure represents the spatial variation of imputed spatial data. (c) Expression levels of DEGs for cells with spatial-induced cell types. The upper figures represent the DEGs of neuron cells and the bottom figures represent the DEGs of neural crest cells.;;1;;1;;;Plot+Diagram
127;10.1101_2025.01.02.631135.json;Supplementary Figure 1. Segmentation error impact and correction for Xenium human pancreatic cancer dataset.;;1;;;;;Plot
128;10.1101_2025.03.18.643876.json;"Figure 3 . Microbial alpha and beta-diversity measures in vaginal (DNA), endometrial brush (DNA) and endometrial tissue biopsy (DNA and RNA) samples. ( A ) Shannon index and ( B ) observed richness. Significance levels: **** p < 0.0001; *** p < 0.001; ** p <";;1;;;;;Plot
129;10.1101_2025.08.22.671799.json;"Figure S4. Bar charts showing the distributions of CDR lengths in the full-length sequenced, human antibodies in Pox-AbDab relative to a sample of the baseline natural repertoire from the Observed Antibody Space (OAS) database (38, 39): (A) CDRH1; (B) CDRH2; (C) CDRH3; (D) CDRL1; (E) CDRL2; (F) CDRL3. Comparison against the natural human repertoire is based on 5000 randomly samples natural antibody sequence from the Jaffe et al., 2022 (53) as stored in OAS.";;1;;;;;Plot
131;10.1101_2025.07.23.664352.json;Figure 5 : The gene Gp-pat-1 meets all three criteria of a resistance-breaking effector. ( A ) A flowchart of the three selection criteria leading to the identification of a single candidate (highlighted box). ( B ) Principal component (PC) analysis on RNAseq data of pre-parasitic juveniles (ppJ2) and parasitic juveniles, shows that time captures most of the variance (24.5%). This indicates a transcriptional shift in the nematode as the infection progresses. ( C ) Expression of Gp-pat-1 in the avirulent Rookmaker and virulent AMPOP02 populations on Seresta. Expression peaks at 3 days post inoculation, roughly coinciding with defence activation of GpaVvrn .;;1;;1;;;Plot+Diagram
132;10.1101_2025.05.06.652397.json;Figure 1: The effect of RRS on (a) immobility time in the FST (** p < 0.01) (b) faecal corticosterone levels (** p < 0.01), (c) mechanical and (d) thermal heat sensitivity, n=12-15/group. The effect of RRS on (d) paw withdrawal threshold (von Frey) and (e) paw withdrawal latency (Hargreaves test) post pawincision or sham surgery. ### p <0.001 no RRS + sham vs. no RRS + paw incision, * p <0.05, *** p <0.001 RRS + sham vs. RRS + paw incision, + p <0.05, ++ p <0.01 +++ p <0.001 no RRS + paw incision vs RRS + paw incision. n=6/group.;;1;;;;;Plot
133;10.1101_2023.09.27.556556.json;Fig 4. aTF/pretroDNA pair as synthetic molecular 'bait and prey' system for modular control of protein subcellular localization. ( A ) PretroDNA_tetO is produced by mCherry-fused RT in E. coli . mCherry is a model cargo protein. Error bars indicate SD for n=3 biological replicates. ( B ) mCherry-RT with pretroDNA_tetO tag is recruited to Tar-TetR-GFP localized at membrane poles. Demographs are generated from normalized mCherry intensity profiles along the medial axis of each cell observed in 10 different field of view using MicrobeJ, an ImageJ plugin 15 . Cells are sorted according to their length. ( C to E ) mCherry-RT with pretroDNA_tetO tag is colocalized with ( C ) Tsr-TetR-GFP at inner membrane poles, ( D ) TatA-TetR-GFP uniformly distributed throughout the inner membrane, and ( E ) PopZ-TetR-GFP forming condensate at poles. P tac was activated by IPTG 0.5 mM. P lux was activated by 3OC6HSL 2.5 nM (B and C) or 5 nM (D and E). All fluorescence microscopy image data are representatives of n=3 biological replicates. Scale bar, 5 µm. The width of inset in all fluorescence microscopy image data is 2 µm.;;1;1;1;;;Plot+Diagram+Photo
134;10.1101_2025.06.02.657373.json;"Figure 1. Identification of sux cluster in Xoo by RNAseq. PXO99 A cells were grown in NB media with and without supplementation of sugar and were sampled over eight hours for an in vitro RNAseq analysis. A) The first two principal components explaining the variance between Xoo grown in NB (grey), NB + sucrose (pink), and NB + glucose (blue). B) RNAseq data of Xoo grown for 4 hours in the three media types, where the abundance of each gene is assigned radial coordinates and color based on which treatment has more abundant RNA. The z-axis is the -log 10 p-value with a significant p < 0.01. C) Proposed model of the sux cluster-encoded sucrose uptake system in Xoo, including a schematic representation of the gene cluster. SuxA (brown): β-barrel outer membrane porin; SuxC (blue): major facilitator superfamily (MFS)-type sucrose/H + -symporter; SuxB (pink): cytosolic sucrose hydrolase; SuxR (purple): LacI-type transcriptional repressor. D) RNAseq read counts for suxC (blue), suxA (brown), and suxB (pink) after 6 hours of growth in media without additional sugar (Ctr) or supplemented with 30 mM sucrose (Suc). Values were normalized to the 0 h time point and the condition without additional sugar.";;1;;1;;;Plot+Diagram
135;10.1101_2025.06.24.661367.json;Figure S2: Physical and mechanical properties of TauT -/- murine model in vivo.;;1;1;;;;Plot+Photo
136;10.1101_2025.09.09.675153.json;Figure 5. In vivo evaluation of secreted monomeric, secreted multimeric, and surface-displayed mSbencoding mRNA LNP vaccines.;;1;1;1;;;Plot+Diagram+Photo
137;10.1101_2025.08.23.671809.json;"Figure 3: Root biomass (A, B) and concentration of total free amino acids in root exudates (C, D) of wild-type, ut30-1 (umamit30-1; Salk_140547C) and ut302 (umamit30-2; Salk_146977C) in 14-day-old seedlings. AVR ‡ SE (n=6). Statistically significant differences (p ≤ 0.05) between wt and ut30 determined by a two-sided Student's t-test are indicated by (*). ns: Non-statistically significant difference. Similar results were obtained in three of three independent experiments.";;1;;;;;Plot
138;10.1101_2024.02.27.582302.json;"Fig. 5 | Behavioural and machine classification of the reconstructed stimuli. a,b,c, Decoding of voice identity information in brain-reconstructed spectrograms. Performance of linear classifiers at categorizing speaker gender (chance level: 50%), age (chance level: 50%), and identity (17 identities, chance level: 5.88%). Error bars indicate s.e.m across 40 random classifier initializations per ROI (instance of classifiers; 2 hemispheres x 20 seeds). The horizontal black dashed line indicates chance level. The blue and yellow dashed lines indicate ceiling levels for the LIN and the VLS respectively. *p < .05; **p < .001, ***p < .001; ****p < .0001. d,e,f, Listener performance at categorizing speaker gender (chance level: 50%) and age (chance level: 50%), and at identity discrimination (chance level: 50%) in the brain-reconstructed stimuli. Error bars indicate s.e.m across participant scores. The horizontal black dashed line indicates chance level, while the red, blue and yellow dashed lines indicate the ceiling levels for the original stimuli, the LIN-reconstructed and the VLSreconstructed, respectively. *p < .05; **p < .01; ***p < .001, ***p < .0001. g, Perceptual ratings of voice naturalness in the brainreconstructed stimuli' as assessed by human listeners. *p < .05, ****p < .0001.";;1;;;;;Plot
139;10.1101_2025.01.17.633518.json;Fig. 4. The C terminal IDR is not required for the recruitment of IBDV VP3 into VFs. AlphaFold3 predictions for the wt VP3 (magenta) and the VP3 ∆ C (cyan) were aligned with ChimeraX and overlaid (N terminal helices numbered H1-5) (A). DF-1 cells were transfected with mNG::VP3 alone, or were transfected with mNG::VP3 and simultaneously infected with IBDV strain PBG98 (MOI 5) (B). DF-1 cells were transfected with mNG::VP3 ∆ C alone, or transfected with mNG::VP3 ∆ C and simultaneously infected with strain IBDV strain PBG98 (MOI 5) (C). Cells were fixed at 12hpi, and the nuclei were stained with DAPI (blue) and the mNG signal is shown in green. Scale bars, 10µm.;;;1;1;;;Diagram+Photo
140;10.1101_2025.04.15.648987.json;Figure 4. UpSet plots of (A) SNPs and (B) Indels, including 3 benchmarked pipelines and the GIAB v4.2.1 benchmark VCF. The intersection (bar) of variants identified by all 3 pipelines that are also in the GIAB VCF is removed, and the remaining intersection categories are sorted by size. Call set sizes for each pipeline are displayed on the lower left panels. The UpSet plots have slightly different results from that in Figure 2 and Table S1, due to different comparison approached used.;;1;;;;;Plot
141;10.1101_2025.08.12.669914.json;Fig 6 Vessel diameter decreases while inter-vessel distance and vessel length increase. Subplots show (a) vessel diameter, (b) vessel length, (c) vessel tortuosity, (d) inter-vessel distance, and (e) plaque radius. Data was tested for normalization and statistical analysis was done using the Mann-Whitney U test. p values are indicated by stars, * p < 0.05, ** p < 0.01 and *** p < 0.001.;;1;;;;;Plot
144;10.1101_2024.12.23.627604.json;Figure 4: Exemplary light exposure and wear status for a participant (n=1) across the study. The continuous black line shows mEDI as measured by the light glasses. Red points represent button presses performed by participants in case of any (non-)wear behaviour. Shaded areas represent selfreported wear status (Wear log).;;1;;;;;Plot
145;10.1101_2025.06.03.657562.json;"Figure 1. Extrinsic and intrinsic spatial coding. A. Examples of extrinsic (top row) and intrinsic (bottom row) spatial coding of tactile events (purple and red dots) occurring at different body postures. In the extrinsic coding, locations are defined based on a common origin, here placed at the body midline. Touch location is thus limb independent, as it is defined by its physical position relative to the origin, regardless of where it happens on the body. Tactile stimuli delivered on the hands are in the same extrinsic coordinates when the hands occupy the same position in physical space, like in Posture B. Instead, the intrinsic coding is tied to the joint kinematics of the limbs and is therefore defined by mirror-symmetric sets of coordinates, here centered at the shoulders. In this case (see Posture A), tactile stimuli delivered on the hands are in the same intrinsic coordinates when the arms are in the same posture (i.e., same patterns of joint angles). B. Predictions of SEP amplitude linear modulation as a function of tactile stimulus spatial location, with location 1 being at the level of the left shoulder, and 8 at the level of the right shoulder. For the extrinsic reference frame (top), the amplitude modulation is tied to the absolute position of the stimulus, regardless of which hand is touched. That is, the modulation gradient increases in the same direction for both hands (e.g., from position 1 to 8). For the intrinsic reference frame (bottom), the amplitude modulation is tied to each limb, assuming mirror symmetric properties. For instance, it may increase from the most contralateral position (1 for the right hand; 8 for the left hand) to the most ipsilateral (8 for the right hand; 1 for the left hand).";;1;;1;;;Plot+Diagram
146;10.1101_2025.06.24.661403.json;Fig. 8 Mean sigma estimates across participants in Experiment 3 for the individual cue conditions and conflict conditions. Error bars = +/- SE.;;1;;;;;Plot
147;10.1101_2025.01.08.631962.json;Fig. 2: Stromal subclustering identifies key CAF and perivascular populations.;;1;1;;;;Plot+Photo
150;10.1101_2025.05.19.654939.json;Fig. 1: The single infection cycle model of influenza A Virus (IAV) reveals impact of NP dynamics on innate immune activation. a, Schematic of IAV replication and transcription during IAV infection. The viral ribonucleoprotein (vRNP) consists of a copy of the viral RNA-dependent RNA polymerase (RdRp), vRNA (orange), and NP (purple). The RdRp consists of three subunits: PB1 (blue), PA (green) and PB2 (pink). Canonical;;1;;1;;;Plot+Diagram
151;10.1101_2025.04.09.648026.json;Figure S3. Representative smFISH/RNAscope images from Snca Enh+37 founder mice, showing WT( Snca Enh+37 +/+ ), Het( Snca Enh+37 +/- ), and Hom (Snca Enh+37 -/- ) mice from founder lines L1, L2, Y1, and Y7. Scale bars = 100μm.;;;1;;;;Photo
152;10.1101_2025.11.19.689351.json;Figure 1. CX-5461 and BMH-21 combinations reduce MCF-7 cell viability. (A) Viability of MCF-7 luminal breast cancer cells treated with increasing doses of CX-5461 or BMH-21. Viability was measured by MTT assay following treatment of cells for 48 hours. Error bars represent the standard deviation across three technical replicates. (B) CX-5461 and BMH-21 synergy evaluation workflow. MCF-7 cells were treated with combinations of BMH-21 (0 -4 μM) and CX -5461 (0 -20 μM) for 48 hours prior to viability measurement. Viability measurements were evaluated using SynergyFinder Plus to determine synergy scores. (C) Dose-response matrix indicating percent inhibition of MCF-7 cells, normalized to vehicle-treated cells, following 48-hour treatment with CX-5461 and BMH-21. Serum concentrations of CX-5461 achievable in clinical trials are bolded. Values represent the average of three biological replicates composed of four technical replicates each. (D) Viability of MCF-7 cells treated as in (C). Error bars represent the standard error of the mean. Viability was compared using RM oneway ANOVA with Dunnett's multiple comparisons test, with p -value < 0.05 (*), p-value < 0.01 (**), p-value < 0.001 (***), and not significant (n.s.) indicated.;;1;;1;;;Plot+Diagram
153;10.1101_2025.07.16.665043.json;Figure 2: Identification of suitable insertion sites for the creation of responsive biosensors for iron ions.;;1;;1;;;Plot+Diagram
154;10.1101_2025.11.12.687812.json;Figure 4 MMF treatment reduces the clustering of Rac1 in microglia;;1;1;;;;Plot+Photo
155;10.1101_2025.04.23.650164.json;Fig. S3 Lack of binding of heparin, K5OSH and K5NOSH to sensorchip-immobilized ACE2. Spike RBD (20 nM) or the indicated GAGs (100 µ M) were injected over the ACE2 containing biosensor to evaluate their capacity to bind directly to the receptor. * P < 0.05.;;1;;;;;Plot
156;10.1101_2025.07.30.667774.json;Figure 6 Site-directed mutation at residue 133 disrupts AvrPstB48 -mediated defence activation in wheat protoplasts. Normalised luminescence signals from protoplast-based defence reporter assays using the pD14 promoter and UBI-pRedf. One-way analysis of variance (ANOVA) followed by the Tukey Honestly Significant Difference (HSD) test was used to compare the treatments. Conditions sharing the same letter are not significantly different (p > 0.05).;;1;;;;;Plot
157;10.1101_2025.04.23.650164.json;Figure 5. Measurements of cytotoxicity and antiviral activity against SARS-CoV-2 B.1 and Omicron BA.1 show inhibition by the K5 compounds with K5OSH showing the greatest inhibitory effect . VeroE6 cells or A549 ACE2+ cells were treated with increasing concentrations of heparin, K5, K5OSH, and K5NOSH. (A, B) The cells remained viable in the presence of heparin and the K5 compounds as evaluated by measuring the ATP levels. VeroE6 or A549 ACE2+ cells were infected with the B.1 (C, D) or Omicron BA.1 (E, F) isolates in the presence or the absence of increasing concentrations of heparin, K5, K5OSH, and K5NOSH. Infection was reduced in a;;1;;;;;Plot
158;10.1101_2025.02.06.636927.json;"Figure 3: Improving data completeness by merging data collected from crystals of different orientations on the sample grid. (A) Zoomed in atlas view showing crystals I and II positioned perpendicular to each other on adjacent grid squares of the same sample. EM stage tilt axis vertical, red arrows show direction of consecutive data acquisition regions. (B -D) Effect of data completeness on the quality of calculated maps for the Gab1 fragment. Upper panels: Reciprocal space reflection distribution prepared with 3D Data Viewer in Phenix [50]. Missing reflections shown in white and systematic absences in pink; it is evident from the former that the b* axes of both crystals are in the direction of the electron beam. Lower panels: 2Fo -Fc maps (contoured at 1.5 σ , blue mesh) for Gab1 residues 624 -631 (yellow sticks) in complex with the N -terminal domain of SHP2 1 -222 (grey surface) using phases from the final structure refined against the corresponding data set. (B) Data collected from crystal I (oriented perpendicular to the rotation axis) with a total completeness of 79 % results in density for the peptide but misses a significant wedge of data. (C) Crystal II (oriented parallel to the rotation axis) yielded data with a completeness of 55 %, resulting in recognisable yet broken density for the peptide. (D) Merging the data from both crystals I and II reduces significantly the missing wedge, resulting in a better -defined density with improved connectivity.";;;1;1;;;Diagram+Photo
159;10.1101_2025.04.28.650930.json;Figure 5 | Higher order oligomerization of mKu facilitates D N A synapsis : (a) Structure of the mycobacterial Ku-mediated DNA synaptic complex, with individual chains uniquely coloured to distinguish them. (b) Enlarged view of the β -hairpin1 interaction, highlighting residues 12-15 (GLVN), which are crucial for oligomerization. (c) 2D representation of atomic contacts between adjacent mKu homodimers, essential for forming the mKuDNA supercomplex. Here, chains a-d represent individual mKu monomer (d) AlphaFold3-modeled structure of the mKu Δ 12-15 mutant DNA complex, showing impaired DNA synapsis. The mKu dimers are depicted in grey, while the two DNA molecules are shown in red and green. A detailed view of the truncated β -hairpin1 in the mKu Δ 12-15 mutant is provided below. (e) FRET assay results demonstrate that wild-type mKu forms stable DNA synapses, bringing broken DNA ends into proximity. The normalized fluorescence intensities of the donor (Cy3, green) and acceptor (Cy5, red) are plotted across a range of mKu concentrations (0-305 nM).;;1;;1;;;Plot+Diagram
160;10.1101_2025.02.21.639456.json;FIGURE 6. Pseudogene dating estimates for short-beaked echidna ( Tachyglossus aculeatus ). Average dates are mapped on a timetree derived from Dos Reis et al. (2012). * indicates minimum date of inactivation based on whole gene deletions. Also included are relevant fossil taxa, indicated by black circles or bars and daggers. Bars indicate the date range for the earliest fossils (see Discussion). Paintings by Carl Buell.;;1;1;1;;;Plot+Diagram+Photo
161;10.1101_2025.08.30.673206.json;Figure 3: Bat Reviewer V1.0. The interface provides an integrated environment for browsing and visualising ultrasonic recordings. On the left, the file list allows quick navigation through multiple recordings collected in a session, with playback and export options for selected files. The main panel displays waveform (top) and spectrogram (bottom), with user-configurable FFT size, window type, and overlap. Additional controls enable heterodyne listening with adjustable carrier frequency and playback volume. This combination of visual inspection and listening facilitates rapid sorting and selection of recordings of interest from collected datasets.;;1;1;;;;Plot+Photo
163;10.1101_2025.04.29.651251.json;Figure 6. NF2 loss and nutrient starvation cooperate to induce therapeutic resistance. A. Representative images of KPTN organoids cultured in CM or LM and treated with RMC 7977, Gemcitabine or vehicle control. Scale bar = 250 µm. B. Quantification of cell viability shown in A . Statistical analysis was performed by two-tailed Student's t test from 3 independent experiments. Error bar represents standard deviation. *, *** indicate p-value < 0.05 and 0.001, respectively, compared with vehicle treatment. C. Representative images of KPTN organoids cultured in CM or LM and treated with WH244 or vehicle control. Scale bar = 250 µm. D. Quantification of cell viability as shown in C . Error bar represents standard deviation. *** indicates p-value < 0.001 between CM versus LM at the same dosage. E. Representative images of KPTN organoids cultured in LM and treated with indicated single or combination regime or vehicle control. Scale bar = 250 µm. F. Quantification of cell viability of organoids as shown in E . Error bar represents standard deviation. *, *** indicate p-value < 0.05 and 0.001, respectively, compared with vehicle treatment. ### indicate p-value < 0.001 compared with single agent treatment.;;1;1;;;;Plot+Photo
164;10.1101_2024.12.16.628816.json;Figure 4: Permutation distributions. ( A) Distribution of t-values from shuffling the trial labels of hippocampal novelty trials predicting target VTA trials. ( B) Distribution of t-values from shuffling the trial labels of dlPFC target trials predicting target VTA trials. Dashed red line represents the observed t-value of the predictor from the model. es;;1;;;;;Plot
165;10.1101_2025.03.07.642120.json;Figure 7: Overlay of binding of 48d and 48d.cl ICs to 2mutVRC01 and associated binding kinetics for gpCore, 48d and 48d.cl ICs. A 1:1 fit model was used for the calculation of the above kinetics.;;1;;1;;;Plot+Diagram
166;10.1101_2025.09.04.674184.json;lipid distribution recorded at 10 µ m/pixel in negative-ion mode. Scale bar 100 µ m. Icons created with BioRender.com.;;;1;;;;Photo
167;10.1101_2025.07.30.667774.json;Figure S2 - Differential activation of defence reporters by AvrPstB48 paralogs reveals genotype-dependent recognition. Normalized luminescence signals from protoplast-based defence reporter assays using the pD14 promoter construct and UBI-pRedf in (a) Triticum spelta Yr5 , (b) Gabo and (c) Chinese 166. AvrSr50 and AvrSr50:Sr50 were included as negative and positive controls, respectively. One-way analysis of variance (ANOVA) followed by Tukey's Honestly Significant Difference (HSD) test was used to compare treatments. Conditions sharing the same letter are not significantly different (p > 0.05).;;1;;;;;Plot
168;10.1101_2023.04.04.535507.json;Figure 1. Laodelphax striatellus feeding is necessary for Rice stripe virus (RSV) to infect rice.;;;1;1;;;Diagram+Photo
169;10.1101_2025.06.03.657562.json;Figure 5 . Mirror-symmetric spatial gradients for left and right hands. A. Slope time-series for left and right hands are plotted for six representative channels. Slopes were obtained from GLM fitted on each individual hand with stimulus position predicting SEP amplitude. B. Individual amplitude values (small dots) and mean amplitude values (big dots) are plotted against stimulus position. Note that amplitude values are normalized, i.e., the intercepts estimated through regression models were subtracted from the amplitude values at each time point. The regression lines (with SEM) illustrate the change in amplitude across positions for the corresponding time-windows marked in panel A. The amplitude from position 1 to 8 decreased for the left hand, while it increased for the right hand. In other words, the amplitude decreased for the most ipsilateral to the most contralateral positions.;;1;;;;;Plot
170;10.1101_2025.07.02.662878.json;Figure 6. Group level comparison of DTI-, qMT-, and CEST-derived MRI metrics at specific ROIs across all segments (C4 and C5) underwent nerve root injury. Boxplots of MRI measures of non-lesioned contralateral side and lesion side post-lesion with those from respective prelesion healthy spinal cord segments (n = 8) in several ROIs: three white matter ROIs (VP: ventral pathway, LP: lateral pathway, DP: dorsal pathway), two gray matter ROIs (VH: ventral horn, DH: dorsal horn), DREZ (dorsal root entry zone), and DNR (dorsal nerve roots). Definitions of these ROIs are illustrated in Figures 1 and 5. (A-C) Diffusion measures FA (fractional anisotropy), AD (axial diffusivity), and RD (radial diffusivity). (D) PSR (pool size ratio) from qMT. (E-H) Peak amplitudes showing the CEST and NOE effects at different RF offsets, including CEST(3.5 ppm), CEST(2.0 ppm), NOE(-1.6 ppm) and NOE(-3. 5 ppm). In the boxplots, middle lines indicate medians and markers indicate mean values. * p < 0.05, ** p < 0.01, and *** p < 0.001 vs. the corresponding regional values for the normal spinal cords ( Wilcoxon rank sum test ). fic res -P: ral s). A ize F he < ds;;1;;;;;Plot
172;10.1101_2023.04.18.537072.json;FIG. 5. Identification of shrinkage and growth regions for different classes . Here, we study phase-separating systems initially composed of monomers only and we monitor phase volume changes as they relax to thermodynamic equilibrium. a For linear assemblies (d=1) belonging to class 1 the final binodal line (coloured curve) is wider than the initial one (black curve), corresponding to monomers and solvent only (black curve). Areas in orange and light blue correspond to growth and shrinkage of the ϕ tot -dense phase (phase I), respectively. b The hehaviour of linear assemblies (d=1) belonging belonging to class 2 is remarkably different. Since, in this class, the interaction with the solvent is screened, the final binodal is shrunk compared to the initial one. As a consequence of the shrinkage, the domain corresponding to phase I growth (light blue area) precedes in ϕ tot the shrinkage domain (orange area), for class 2.;;1;;;;;Plot
174;10.1101_2025.08.19.671129.json;Figure 6. IRP1 deficiency triggers metabolic reprogramming in mice fed high-fat or iron-deficient diets. 5weeks old male Irp1 -/-mice and wild type littermates (n=4-5 per experimental group) were provided a high-fat diet (HFD) or an iron-deficient diet (IDD) for 10 weeks. At the endpoint, the mice were;;1;;;;;Plot
176;10.1101_2025.08.19.671129.json;Figure 1. Young Irp1 -/-mice are hypoglycemic and adult animals do not develop high fat diet-induced hyperglycemia. Male Irp1 -/-and wild type mice (n=4-8 per experimental group) were analyzed at weaning (at the age of 5 weeks) or following dietary interventions initiated immediately after weaning (10-week;;1;;;;;Plot
177;10.1101_2025.05.03.652001.json;Figure 4. CB biases E. coli LplA towards open or closed adenylate ester-bound conformations.;;1;;1;;;Plot+Diagram
179;10.1101_2025.07.08.660448.json;Supplemental Figure S9. Pearson correlations (r) for counts per million (CPM) derived from amplicon-sequencing replicates (n=3) for transfected A) Jurkat and B) K562 cell lines.;;1;;;;;Plot
181;10.1101_2024.10.05.616794.json;Figure 4: Linear regression of canary weight overnight. (A) Weight data measurements (grams, blue dots) of one canary through darkness hours. The vertical orange line shows the average value calculated from the whole 'on-scale' sequence (8PM - 5:36AM). (B) A closer look at the 'on-scale' sequence, where the data points (blue dots) are matched with a linear regression line (red line). The opaque red cloud around the red line shows ± 1 standard deviation for every data point (calculated as the standard deviation of a rolling window with a window size of 200). This line depicts the regression of the canary's weight during the night period (0.08 g, or 0.52% of bodyweight loss per hour, for a total of 0.8 g weight loss, which is 5.17% of its bodyweight). (C) Results from the control experiment of weighing an idle object during night time. Measured data points (grams) and smoothed line (grey dots and black line accordingly) show little-to-no fluctuations in the measured weight ( ± 0 . 05 g). This validates that the measured canary weight regression overnight is not a result of scale deviations.;;1;;;;;Plot
183;10.1101_2025.02.07.636194.json;Fig. 6 Estimation of the heritability of observed and predicted leaf traits under different water treatments.;;1;;1;;;Plot+Diagram
185;10.1101_2024.10.29.620954.json;Fig 6 - Violinplot showing the distribution of the sizes of the pathways within each hierarchy level.;;1;;;;;Plot
187;10.1101_2025.01.20.633902.json;Figure 4: Scube2 is not a general enhancer of A10 shedding activity. A) HEK cells and A10 -/-cells were transfected with the established A10 target IL-2R a and its A10-mediated proteolytic release was analyzed by SDS-PAGE and immunoblotting using antibodies directed against the myc-tagged receptor, both in the presence and absence of Scube2. As expected, IL-2R a release from A10 -/-cells is severely impaired and its release from A10-expressing HEK control cells is not controlled by Scube2. A') Quantification of IL-2R a release as shown in A. IL-2R a release from HEK cells expressing Scube2 was set to 100%. One-way ANOVA, Dunnett's multiple comparison test. ns: p>0.05, ****: p<0.0001, n=8.;;1;;1;;;Plot+Diagram
189;10.1101_2025.09.11.673547.json;Figure 5 . Lesson 3 Block breaker video game with direction selective receptive fields . A , Example circuits for generating direction selective RGCs with preferred directions for leftward ( left ) and rightward ( right ) motion. B , Example settings for the Connectivity Manager. C , The RetINaBox GUI can be used to load a block breaker video game that takes its left and right input commands from the activity of RGC1 and RGC2, respectively.;;;;1;;;Diagram
191;10.1101_2024.12.23.630084.json;"Fig. 1 | Holographically triggered spikes in a single pyramidal neuron rapidly elicit significant excitation in many visual cortex neurons during ongoing activity at rest. a Holographic stimulation (100 ms, flash; ) targeting a single pyramidal neuron ( TC ; averaged over n = 150 trials) alters the relative fluorescence in the TC soma , its dendrites , and neighboring neurons (indicated by arrows ), reflecting changes in spontaneous spiking activity. Inset : Mean from n = 54 TC somata. b Example of variable spike count (z-scored) in a holographically targeted TC (100 ms, 5mW stimulation) and neurons within a 450×450 µm 2 field of view (n = 166, ranked by mean spike count within 132 ms of stimulation; n = 50 consecutive trials; single experiment). Bottom : Summed z-score of population activity per trial, highlighting overall network response. Arrows indicate trials with a high number of co-active neurons. c Mean transient response to short-lasting holographic stimulation. Average time course (n = 6 mice; 16 experiments) of z-scored spike count at frame rate resolution (22 ms) for n = 54 TC, n = 1,221 Positive Responders ( PosR ), n = 69 Negative Responders ( NegR ) a nd n = 7,687 Non-significant Responders ( NonR ). Protracted and prolonged reconstructed responses are observed due to deep interpolation (see Supplementary Fig. 7). Base', Base and Resp indicate respective time windows of analysis. Yellow bar : Stimulation window. d The response to single TC stimulation is largely excitatory, while maintaining variability above Poisson-level expectation ( dashed line ). Summary scatterplot of variance vs. mean spike count/132 ms for baseline and response (n = 6 mice, n = 16 experiments). Approximately 15% of neurons exhibit a significant increase in spike count from baseline ( PosR ), while fewer than 1% show a significant decrease ( NegR ). For NonR , only marginal distributions are shown. CPF : Cumulative Probability Function.";;1;;1;;;Plot+Diagram
192;10.1101_2024.11.06.622209.json;Supplementary Figure 2. Electro-antennograms (EAG) were used to record the 660 electrophysiological responses of (n=9) female moth antennae (removed from the 661 body) while exposing them to drying or hydrated tomato plant odors (n=3 in each 662 group). To present the odors, we utilized six tomato plants of identical age, of which 663 three were deprived of irrigation for 72 hours before the experiment. To introduce the 664 odors to the antennae, we fashioned a tube from a leaf of each plant, through which 665 air, carrying the scent, was blown towards the antennae using a pump. The full 666 recording information can be found here (Shvil et al. 2023). The recordings (n=30) 667 are presented in the left panel (Mean±SE) with dry in red and hydrated in blue. We 668 applied a Support Vector Machine (SVM) to examine the separation between the dry 669 and dehydrated plant recordings using 80% (24 signals) of the available data for 670 training and a 5-fold cross validation. This procedure resulted in average accuracy of 671 90±14% when tested on the remaining test signals (Right panel shows a confusion 672 matrix of the test signals of all 5 cross validations). 673;;1;;1;;;Plot+Diagram
193;10.1101_2024.10.05.616794.json;Figure 1: Scale system components and setup design. (A) The scale device. (B) Scale assembly nuances depicted, including an overview, underview, and angles showing the connections between the load cell, the perch and the steel weight. Notice the gap under the steel weight where the load cell cables go. (C) Image of the load cell amplifier (nau7802 board). Notice the labeled spring terminals where the green, white, black and red wires of the load cell connect. In this image, green, yellow, blue and red wires of a JST-SM 4-PIN Pigtail connector's male plug are inserted to the sockets. (D) Image of the Communication Cable, soldered to the Circuit Picoblade plug 425mm female connector on the scale side, and to a JST-SM 4-PIN Pigtail connector male plug that will match the one that is shown in figure 1c inserted to the amplifier. (E) Image of the scale setup inside an Acoustic chamber, fixed to the bottom corner of the birdcage. Notice the 4-pin connector sticking out of the scale in the corner of the cage, connected to the communication cable's, which spreads outside of the acoustic chamber through the designated hole in the side.;;;1;;;;Photo
194;10.1101_2025.08.15.670559.json;Figure 3 Rapamycin inhibits γ H2AX at any point with respect to genotoxic treatment and suppression of mTOR activity correlates with DNA damage Figure 3 Rapamycin inhibits γ H2AX at any point with respect to genotoxic treatment and does not impact on cell cycle progression;;1;;1;;;Plot+Diagram
196;10.1101_2025.08.04.668590.json;Figure S2. Sheet aggregates are not associated with lysosomes or LC3 + autophagosomes. (A) and (C) 700× cryo-EM micrographs of PFA fixed rat cortical neurons overlaid with Lysotracker TM (purple) and Hoechst (blue) fluorescent stains. (B) and (D) 5,300× cryo-EM micrographs of lysosomes overlaid with Lysotracker TM and Hoechst stains (top images) and their corresponding 45,000× micrographs (bottom;;;1;;;;Photo
197;10.1101_2025.04.08.647715.json;Figure 16: Scatter plots of the actual and predicted percentages of risk of inadequate overall intake for the model trained in Ethiopia and applied in Nigeria (left) and for the model trained in Nigeria and applied in Ethiopia (right). Data is aggregated at first-level administrative unit resolution.;;1;;;;;Plot
199;10.1101_2025.09.26.678799.json;Fig. 1 Afterdepolarizations and dendritic compartmentalization. (a) Example of somatic membrane potential response to a step current input displaying an afterdepolarization (ADP) following an action potential. (b) Zoomed-in region (gray dashed box in panel a) highlighting the ADP with first and second derivative null crossing marked in cyan and red, respectively. The first (c) and second (d) derivatives of somatic membrane potential corresponding to the time course in (b) with the null crossings shown (see insets). (e) Model schematic and the membrane potential response of the one compartment model to a 3 ms step current input. (f) The amplitude of the ADP elicited in response to different amplitudes of step current magnitudes ( I syn ) in the one compartment model. Schematic of the two compartmental model receiving a somatic (g) and dendritic (i) step current input (3 ms duration) and resulting somatic membrane potential response. The amplitude of the ADP elicited in response to different amplitudes of somatic (h) and dendritic (j) step current magnitudes ( I syn ) in the two compartmental model.;;1;;1;;;Plot+Diagram
200;10.1101_2025.05.08.652968.json;Extended Data Figure 2: CLC-ec1 stability at pH 3.0. Size exclusion chromatography of CLC-ec1 using EnrichTM SEC 650 10x300 24 mL (Biorad), flow rate 1 mL/min. The top panel shows CLC-ec1 prepared at pH 7.5. The lower panels show CLC-ec1 assessed using size exclusion chromatography immediately after preparation at pH 3.0 and at several time points, demonstrating stability over an 8-hour period.;;1;;;;;Plot
201;10.1101_2025.07.07.663603.json;Figure 5. Dynamics of seasonal selection at the top SNP in 2R. (A) Result of the generalized linear model at the top SNP in 2R using genomic data from Virginia derived from Nunez et al. 2024. The real estimate for the locus is shown in red, and the outcome of 100 permutations is captured by the boxplot. The data shown represents the model summarizing temperature variance 0-45 days prior to collection. (B) Allele frequency relative to temperature variance 0-45d in Charlottesville, Virginia. (C) Same as B, but in Odesa, Ukraine. (D) Same as B, but in Yesiloz, Turkey. (E) Daily mean temperature in Charlottesville, Virginia from 2016-2018. This weather data is matched to the genomic data from Nunez et al. 2024. (F) Number of hours per month above 32°C. This is a proxy for summer-like conditions. (G) Number of hours per month below 5°C. This is a proxy for winter-like conditions. (H) Allele frequency trajectories of the A allele across the growing seasons 2016-2018. The overwintering period is shown in blue.;;1;;1;;;Plot+Diagram
202;10.1101_2025.03.20.644192.json;Figure 6: Additional applications of SidBait.;;1;;1;;;Plot+Diagram
203;10.1101_2025.08.13.670155.json;Figure 5: Loss of KEAP1 desensitizes RET fusion-positive cells to targeted receptor tyrosine 506 kinase inhibition. (A) Dose-response graph showing TPC1 control and TPC1 KEAP1 knockout 507 clones' response to varying concentrations of selpercatinib after 3 days of treatment. Cell numbers 508 were counted after nuclei staining, and percent viability was calculated relative to the 0nM condition 509 for each cell line. (B) 12-day colony formation assay showing clonogenic potential of TPC1 control 510 and TPC1 KEAP1 knockout cell lines in the presence of high-dose selpercatinib. Colonies were 511 stained with crystal violet and each panel is an entire well of a 6-well dish. (C) Quantitation via 512 crystal violet elution. OD measurements were taken, and percent viability was calculated relative to 513 the 0nM condition for each cell line. All experiments were performed in triplicate. * p < 0.05, ** p < 514 0.01, *** p < 0.001 versus control cell line at each concentration of selpercatinib. Statistics were 515 performed using a one-way ANOVA test. 516;;1;1;;;;Plot+Photo
204;10.1101_2022.03.28.486070.json;"Figure 1 - figure supplement 5 | Transcriptional activation of NIN promoter:Firefly luciferase reporter gene by CCaMK 1-314 /Cyclops is restricted to NIN promoters from species of the FaFaCuRo clade. Nicotiana benthamiana leaf cells were transformed with T-DNAs carrying a Firefly luciferase reporter gene driven by either of the indicated promoters in tandem with the AtACT2 pro : Renilla luciferase reporter fusion that provides a quantitative internal standard. ( A ) List of species within the FaFaCuRo clade (light red shade) and outside (light grey shade) and abbreviations. ( B ) Reporter gene activation by L. japonicus CCaMK 1-314 /Cyclops via NIN promoters ( NIN pro ) originating from listed species. ( C ) Comparison of the transactivation potential of Cyclops versions from L. japonicus and S. lycopersicum . Note that the expression of the Firefly luciferase reporter gene driven by LjNIN pro , the RAM1 promoters from L. japonicus and S. lycopersicum ( LjRAM1 pro and SlRAM1 pro , respectively) was induced in the presence of CCaMK 1-314 /Cyclops regardless of the origin of Cyclops. In contrast, the transactivation failed with the SlNIN promoter (panel ( A )). The applied statistical method was ANOVA with post hoc Tukey: ( B ), F 14,214 = 71.07, p < 2x10 -16 ; ( C ), plots from left to right: F 5,18 = 20.58, p = 7.14x10 -7 ; F 5,18 = 25.38, p = 1.45x10 -7 and F 5,18 = 40.49, p = 3.55x10 -9 , respectively. Different small letters indicate significant differences.";;1;;1;;;Plot+Diagram
206;10.1101_2025.11.21.689680.json;Fig. 1 Overview of the extended histological routine. Reference structures are first printed using a tunable UV-resin mixed with a contrast agent (A). The resulting conical markers are embedded alongside the tissue specimen (lung punch biopsy, in this case) in resin (B). The polymerized block is then scanned using PBI-microCT (C) and subsequently sectioned (D). After histological staining, the position of each individual 2D slice is determined using the conical markers and precisely registered to the corresponding in silico plane of the 3D volume (E), thereby facilitating a multimodal fusion of both datasets.;;;1;1;;;Diagram+Photo
207;10.1101_2025.03.03.641144.json;Figure 6. Inhibition of ythdf genes results in excessive production of an abnormal cell population. (A) Heatmap of the top 30 upregulated genes following co-inhibition of ythdf s, compared to individual ythdf suppression and control (FDR < 1 × 10 ⁻⁵ ). Displayed are z-scores ranging from -2 to 2. Rows represent genes, and columns represent samples. Blue and red indicate low to high gene expression, respectively. The rightmost column denotes whether the gene is highly expressed in the kiaa1429 (RNAi)-specific cell population 4 . (B) FISH analysis detecting the kiaa1429 (RNAi)-specific cell population marker gene dd_1837 following co-suppression of ythdf s and in control animals. dd_1837 ⁺ cells in the head region were quantified and normalized to animal size (Methods), revealing a significant increase in dd_1837 ⁺ cells in the RNAi animals compared to controls (Student's t -test p-value = 2x10 -4 ). Scale bar = 100 µm. (C) Mapping of m ⁶ A sites across upregulated genes in the repetitive gene cluster that characterizes kiaa1429 (RNAi)-specific cells. Red arrowheads indicate methylation sites based on the GLORI analysis (see Table S1, S5).;;1;1;;;;Plot+Photo
208;10.1101_2023.07.25.550495.json;Fig. 4 Predicted M1 spikes and decoded movements of Rat 01. recordings of the rat performing the behavior task, and the firing probabilities (red curve) are smoothed from the recorded spikes by a Gaussian kernel. The blue and green curves represent the predicted firing probabilities from the models trained by the RLPP Real movements (first row) of Rat 01 during the task and decoded movements from RLPP (second row) and SLPP (third row);;1;;;;;Plot
209;10.1101_2025.03.14.643101.json;"Figure 4. The crystal structure of the CSM8 A*02:01/TAX9/A6c234 complex reveals a native-like TCR docking footprint . A) crystal structure aligned to the HLA chain of the native A*02:01-TAX/A6c134 structure (PDB ID 4FTV, gray). For the current structure, the α chain is shown in salmon, the β chain in light blue, TAX9 peptide in light orange, and CSM8 A*02:01 in light green. The α1 and α2 helices of the CSM8 molecule are labeled for reference. B) CSM8 A*02:01 interactions with the N-terminus (left) and C-terminus (right) of TAX peptide. Interacting residues are shown as sticks, and hydrogen bonds are shown as dashed lines. C) CSM8 A*02:01 interactions with the β (left) and α (right) chains of the A6c234 TCR. D) Top view of CSM8 A*02:01 (shown as surface representation) with TCR CDR loops shown as tubes (center); CDR loops from the native structure are shown in gray. Peptide contacts from the β chain (left) and α chain (right) are shown as insets.";;;;1;;;Diagram
211;10.1101_2025.04.29.651153.json;Figure 4: NNMT is upregulated in cancer stem-like cells with mesenchymal phenotype. ( A ) Violin plots displaying EMT scores between parental and stem cell-like murine DVL-3 cell lines, calculated using the 76GS scoring method. Expression of CK mRNAs (B) and EMT-associated genes (C) in DVL3-PAR and DVL3-SCM cells by RT-qPCR using beta-actin as the housekeeping gene. (D) Representative image of anchorageindependent soft-agar DVL3-PAR and DVL3-SCM cells growth. (E) Tumor mass volume measurements up to 8 weeks after engraftment of DVL3-PAR and DVL3-SCM cells. ( F ) NNMT expression levels between parental and stem cell-like murine samples. ( G ) UMAP visualization of the murine samples integrated with the CRPC dataset 4 . Data were batch corrected after integration. Student t-test was used to calculate statistical significance between murine samples.;;1;1;;;;Plot+Photo
214;10.1101_2025.10.29.685330.json;Figure 1. Dynamic expression of key islet development and AHR pathway genes throughout pancreatic differentiation. (A) Summary of the 28+ day, 7-Stage differentiation protocol used to generate SC-islets from hESCs. (B) Schematic illustrating the days of differentiation where INS-2A-EGFP parental cells were collected for qPCR analysis of basal gene expression. (C-E) Gene expression of islet development markers: (C) PDX1, (D) NKX6.1 and (E) INS . (F) Representative flow cytometry dot plot for Stage 6 cells (Day 24) expressing insulin (GFP) and NKX6.1. (G-N) Expression of key AHR pathway genes: (G,N) AHR , (H,N) ARNT , (I,N) CYP1A1 , (J,N) CYP1A2, (K,N) AHRR , (L,N) NQO1 , and (M,N) GSTA1. (C-E,G-N) Gene expression at all stages of differentiation is normalized to Day 5. Data represent mean +/- SEM and individual data points represent biological replicates (n=3 biological replicates per time point). Asterisks indicate statistically significant differences at each time point compared to Day 5;;1;;1;;;Plot+Diagram
216;10.1101_2025.06.24.661367.json;Figure 1: Mesenchymal stromal cells have the highest expression of Slc6a6.;;1;1;1;;;Plot+Diagram+Photo
218;10.1101_2025.06.25.661207.json;Figure 2: Pretraining, training, and evaluation tasks of EC-Bench. First, models are pretrained and trained using datasets curated by EC-Bench (left side). Then, the trained models are evaluated across three tasks (right side). For each evaluation task, an example prediction and the corresponding evaluation metrics are illustrated.;;;;1;;;Diagram
219;10.1101_2025.01.20.633902.json;Figure 3: Disruption of endogenous Kuz biofunction impairs Hh-regulated eye development in vivo . 30 A) The cartoon shows short-range Hh signaling in the part of the Drosophila eye disc that gives rise to the compound eye. Reiterated cell-to-cell Hh signaling from a mobile source moving from posterior (p) to anterior (a) (called the morphogenetic furrow (MF)) drives photoreceptor (hexagon) differentiation across the eye primordium. The rate of MF movement over time (t 0 à t +1 ) is Hh-dependent and ultimately determines the number of photoreceptors (ommatidia) in the adult Drosophila eye. Black curved arrows 35;;1;1;1;;;Plot+Diagram+Photo
220;10.1101_2025.04.12.648530.json;Figure 5 . Synteny analysis between M. quadrifasciata scaffold 7 and M. scutellaris corresponding scaffolds (5 and 17). The region involved in inversion and rearrangement is highlighted in yellow, with a zoomed-in view provided in the inset. Orange blocks represent annotated genes along the scaffolds, while orange lines indicate syntenic connections between genes in the two species. The GC content is depicted as a blue line across the scaffolds, and repetitive elements are marked: retroelements in red and DNA transposons in black.;;1;1;;;;Plot+Photo
221;10.1101_2025.07.14.664713.json;Figure 5. Functional ultrasound Doppler imaging of mice brain through a flexible neural interface. a) Schematic of the experimental setup for fUS brain imaging through a coronal plane during visual stimulations. (b-c) mean power Doppler image (MPDI) of mouse brain (i), activation map (ii) and mean fUS signal (iii) without (w/o) interface b) and with (w/) c) interface placed above the cranial window. Squares indicating ROIs. SCR and DBR in (i) for SNR and power Doppler intensity in (d) and (e), respectively. ROI I and ROI II in (ii) for the temporal signal in (iii). d) power Doppler intensity of the SCR and DBR for each condition. Data are presented as mean ± SD with arbitrary units (A.U.). e) SNR of ROIs. Data are presented as mean ± SD. f) tSNR of Doppler signals of ROIs (ROI I = SC region with high effect size (green) and ROI II = deep brain region with low effect size (blue)). g) SSIM map of the two MPDI with and without NEP. h) Histogram of overall SSIM index comparing single frames of fUSI recordings with NEP against the control. All values were normalized against control (MPDI, no NEP, SCR or ROI I). Dots represent individual acquisitions, n = 5752 acquisitions per group. ***P < 0.001);;1;1;1;;;Plot+Diagram+Photo
222;10.1101_2025.01.05.631374.json;Figure 1. Selective accumulation of CyMA at the Golgi through an enzyme switch to establish futile cycles. (a) Schematic illustration of the futile cycle initiated by enzymatic deacylation of CyMA precursors, followed by selective accumulation at the Golgi through an enzyme switch involving thioesterases and palmitoyl acyltransferase. The consequences of CyMA accumulation at the Golgi in cancer and liver cells are illustrated. (b) Molecular structures and involved reaction pathways of CyMA precursors and metabolites within the futile;;;;1;;;Diagram
223;10.1101_2025.01.08.631962.json;Fig. 7: Spatial localization of perivascular populations in thyroid cancer. a, Hematoxylin and eosin staining of representative papillary thyroid cancer (PTC) Thy15 (left) with pathologist annotation of PTC (light orange) and stromal (purple) spatial barcodes (right). b , Spatial feature plots of representative PTC Thy15 showing Robust Cell Deconvolution (RCTD) of PTC (left, red color gradient) and myofibroblast cancer-associated fibroblast (myCAF)/pericyte (right, purple/blue color gradients) populations. c , Violin plots showing myCAF and pericyte RCTD scores within pathologist annotated stromal (purple) and PTC (light orange) barcodes. d, Correlation heatmap showing MERINGUE spatial cross-correlation of myCAF, PTC, and pericyte RCTD scores (ordered by hierarchical clustering) for representative PTC Thy15. e, Boxplot showing pericyte spatial cross-correlation with myCAF (purple) and PTC (light orange) across 12 PTC samples containing PTC and stromal regions. P-value calculated with paired t-test. f , Spatial feature plots (left) and violin plots (right) depicting myCAF ( POSTN ) and pericyte ( RGS5 ) marker gene expression in pathologist annotated stromal and PTC regions. g , Pathologist annotation of PTC tumor regions into predominantly PTC tumor cell (light orange) or a mix of PTC tumor cells and fibrovascular cells (blue). Left: zoomed in hematoxylin and eosin staining. Middle: zoomed in hematoxylin and eosin staining with spatial barcodes labeled as PTC or PTC/fibrovascular component mix. Right: zoomed out hematoxylin and eosin staining with a sample of the spatial barcodes labeled as PTC or PTC/fibrovascular component mix. h, Violin plots showing PTC and pericyte RCTD deconvolution scores (left) and pericyte marker RGS5 expression (middle) across spatial barcodes labeled as PTC (light orange) or PTC/fibrovascular component mix (mix). Right: box plots depicting quantification of pericyte RCTD deconvolution scores in PTC (light orange) or PTC/fibrovascular component mix (blue) regions across five samples (Thy15, Thy16, Thy17, Peds07, Peds08). P-value calculated with paired t-test. i , RGS5 immunohistochemistry of representative PTC. j , Pathologist spatial annotation of large perivascular areas (PVAs) and spatial feature plot of vascular smooth muscle cell (vSMC) RCTD scores.;;1;1;;;;Plot+Photo
224;10.1101_2025.07.23.666348.json;"Figure 7S1. OA receptor GAL4 expression patterns in Drosophila male reproductive system. A) OAMB; B) OA  2R; C) Oct-TyrR; D) OA  1R; E) OA  2R; F) OA  3R. Scale bar: 200  m.";;;1;;;;Photo
225;10.1101_2025.10.27.684901.json;Figure 3: 2D projection of different models;;1;;;;;Plot
226;10.1101_2025.09.25.678487.json;Figure 3. HMGB1 depletion enhances cisplatin sensitivity via altering DNA damage response proteins following cisplatin treatment in human ovarian cancer cells. Representative western blot panels showing the levels of DDR proteins in non-targeting siRNA (siNT) and HMGB1-targerting siRNA (siHMGB1) groups following cisplatin treatment in A, A2780 and B, CP70 cells. Cells were exposed to cisplatin-containing media at the IC50 concentration for 24 hours and allowed to recover in fresh media. Cell collection was performed at 0, 24, 48, and 72-hours post-cisplatin treatment, followed by protein extraction and immune blotting analysis. β -actin was used as the loading control. Semiquantitative analysis of the relative fold changes in DDR proteins are graphically depicted in C, A2780 and D, CP70 cells. Phosphorylated and total protein levels of ATM, ATR, CHK1, and CHK2 were determined over the time course at 0, 24, 47, and 72-hours post-cisplatin treatment for siNT and siHMGB1 groups in both cell lines. The band densitometric intensities were obtained using Image J software. Data were normalized to β -actin, and then to the timepoint 0 hour in the siNT group for each protein. Data are shown as mean ± SEM from at least three independent experiments. Statistical analysis was performed using original two-way ANOVA with Sidak corrections. *p-value <0.05, ** p-value <0.01, *** pvalue <0.001, **** p-value <0.0001, ns = not significant.;;1;;;;;Plot
227;10.1101_2025.09.08.674932.json;Figure 2. Co-culture model to visualize spatially localized bioactive molecules detected via MALDI-MSI . (A) Representative images of the co-culture interaction model between Brachybacterium and A. westerdijkiae on cheese agar (at day 5) employed for the acquisition of MALDI-MSI and LC-MS/MS data. Dashed circles indicate fungal-bacterial interaction (FBI) and bacterial-bacterial interaction (BBI) zones evaluated with the analytical techniques. (B) Optical images (top row) and MALDI imaging mass spectrometry heatmaps showing spatial localization of putatively annotated fungal molecules during interaction between A. westerdijkiae and Brachybacterium . Compounds include ochratoxin B (1), ochindrole A (2), ochindrole C (3), and notoamide A (4). The abundance of m/z signals is shown as heat maps, normalized to total ion count intensities across the following conditions: A. westerdijkiae monoculture, Brachybacterium monoculture, agar control, and the co-culture interaction. Chemical structures and exact mass errors are shown on the right.;;1;1;1;;;Plot+Diagram+Photo
229;10.1101_2025.11.25.690575.json;Figure 6 A possible model for polarity regulation by Wnts and their receptors. Gray and orange arrows indicate permissive and combined permissive + instructive effects of Wnt proteins, respectively. Arrow thickness represents the relative dependence of each Wnt function on its receptors.;;;;1;;;Diagram
230;10.1101_2025.05.16.654520.json;"Figure 1. Diagram of the extinction threshold for RNA viruses, according to Equation 1, adapted from (4). Viruses with mutation rate and fecundity that fall below the threshold will survive, while viruses above the threshold will go extinct. Mutation rate is the mutations per replicated genome; fecundity is the number of offspring per individual.";;1;;;;;Plot
231;10.1101_2024.12.16.628816.json;Figure 1: Afferent circuits modulating ventral tegmental area (VTA) activity . (A) The VTA is modulated by distinct afferent systems, the anterior hippocampus and prefrontal cortex (PFC). The anterior hippocampus modulates VTA activity via a polysynaptic circuit through the limbic striatum (i.e. nucleus accumbens [NAc]). The anterior hippocampus has an excitatory connection with the NAc, which forms a disinhibitory circuit with the VTA (via inhibition of the ventral pallidum, not pictured). The VTA has direct dopaminergic projections back to the hippocampus, influencing its function. The PFC has excitatory projections to the VTA. (B) VTA dopamine neuron activity states are modulated by the hippocampus and PFC. A substantial number of VTA dopamine neurons are not spontaneously firing (i.e. under tonic inhibition, 'silent'). Hippocampal novelty signals release silent dopamine neurons from tonic inhibition, resulting in active spiking activity (i.e. tonic firing). In this way, hippocampal novelty signals control the baseline firing state of VTA dopamine neurons. In contrast, phasic burst firing, considered to be the behaviorally relevant activity of dopamine neurons, is modulated by the PFC. However, only neurons that are in a spontaneously active (tonic) state can elicit phasic burst firing. In this way, hippocampal novelty signaling and PFC goal-directed signaling synergistically modulate VTA dopamine neuron activity. A ). on s, A ly;;;;1;;;Diagram
232;10.1101_2025.03.24.645017.json;Figure 1: Inherited resilience to CHIP and myeloid malignancy at the 17q22 locus.;;1;;1;;;Plot+Diagram
233;10.1101_2024.09.09.612073.json;Figure 1: Hippocampal activity during food-caching reveals sparse 'barcodes' for each cache memory. A. A black-capped chickadee visits cache sites in a laboratory arena. The chickadee does not interact with cache sites during what we call a visit. B. A chickadee caches or retrieves at a cache site by peeling back the rubber flap at the site. This reveals a hidden compartment where seeds can be stored. C. Cartoon example of spiking activity during visits of four hippocampal neurons in a square arena. Spikes are in red. Gray diamonds indicate the location of sites with caches. D. As in (C), for the same cells during caching and retrieval. Neurons fire sparsely and randomly during caches (activity clusters at sites) independent of their place tuning. E. Correlation of population activity during visits to the same or different sites of increasing distance. Values are max-normalized. Reproduced with permission from Chettih et al. (2024). F. As in (E), but comparing activity from caches at a site to activity from retrievals at the same or different sites. Barcode activity shared between caches and retrievals at the same site produces a sharp deviation from smooth spatial tuning. Values are normalized by the same factor as in (E). Reproduced with permission from Chettih et al. (2024).;;1;;1;;;Plot+Diagram
235;10.1101_2024.03.13.584141.json;Fig.S1 Additional CNN encoding models of human behavior. A , Correlation matrix between all pairs of RDMs generated by each CNN and layer considered.;;1;;;;;Plot
236;10.1101_2025.04.15.648987.json;Figure 3. Stratified Region Accuracy - Total Errors of A) SNP and B) INDEL in tandem repeat and homopolymer regions (TRHP) Q100 benchmark. C) SNP and D) Indel in challenging medically relevant gene (CMRG) regions . DS-Hybrid PB+ILMN and DS-LR PB only are shown with curves covering 5x-30x long reads depths. DV PB and Dragen are shown at full depth.;;1;;;;;Plot
238;10.1101_2023.07.25.550495.json;Fig. 5 Comparing the behavior-level performance of RLPP and SLPP.;;1;;;;;Plot
239;10.1101_2025.05.13.653719.json;Figure 3 . Phylogenetic analysis of NIP. Phylogenetic tree was contracted based on a Maximum Likelihood method with 500 bootstrap replicates. Bootstrap values (≥ 70%) are indicated at each branch. A bar on the bottom indicates distance scale. Black arrows indicate proteins whose plastid localization was experimentally demonstrated. Numbers on the left indicate the percentage of serine/threonine residues in N-terminal regions of proteins in clades A and B. Corresponding regions of the NIP2 transit peptide suggested previously (Azevedo et al. 2008) are used for this analysis. For more details, see supplementary figures S1 and S2.;;;;1;;;Diagram
240;10.1101_2023.04.08.532456.json;Figure 3. Population-averaged speed tuning curves to bi-speed stimuli and constituent singlespeed components. Speed tuning curves averaged across A. 100 neurons in our dataset. B. 10 neurons that had PS lower than 2.5⁰/s. C. 61 neurons that had PS between 2.5 and 25⁰/s. D. 29 neurons that had PS greater than 25⁰/s. Error bars represent ±STE. For some data points, error bars were comparable to the symbol size. A1-D1. X4 speed separation. A2-D2. X2 speed separation.;;1;;;;;Plot
241;10.1101_2025.07.04.663163.json;Fig. 4. GWAS and QTL mapping identify a common locus on Bgt Chr-08 controlling virulence on Pm4b and Pm4a . ( A, B ) GWAS analysis using 473,887 SNPs across the 11 Bgt chromosomes, based on phenotypes of 78 isolates on the Pm4b NIL 'W804/8*Fed ( A ) and the Pm4a NIL 'Khapli/8*CC' ( B ). The red line indicates the significance threshold at p < 0.05 after Bonferroni correction. The genomic position of AvrPm4 is indicated by a dashed line. ( C ) Result of a QTL analysis on Pm4a NIL 'Khapli/8*CC, using 118 F1 progenies of the bi -parental mapping population CHE_96224 (avirulent) X THUN-12 (partially virulent). The virulence phenotypes of the parental isolates on the Pm4a NIL are shown in the top left corner. The dashed line indicates the significance threshold LOD (logarithm of the odds) value at p < 0.05, determined by 1 ,000 permutations. ( D ) Depiction of the genomic locus on Chr-08 identified by GWAS and QTL analysis. Locus borders were defined based on the GWAS analysis on the Pm4b NIL (W804/8*Fed). Candidate secreted effector genes are represented by yellow arrows, and non-effector genes by white arrows. Red triangles indicate candidate effectors exhibiting non-synonymous sequence polymorphisms between Pm4b/Pm4a virulent and avirulent reference isolates. The grey box indicates the location of the 13 best associated SNPs with the phenotype on Pm4b (W804/8*Fed) with an identical p-value of 8.660015e -12 . Gene names are based on the gene annotation published for Bgt reference isolate CHE_96224 (Müller et al. , 2019). Gene models are not drawn to scale.;;1;;;;;Plot
242;10.1101_2025.04.01.646677.json;Figure 3: Lipid mediators and APOE genotype define AD resilient phenotype . Minimal model discriminating between stable MCI and MCI-AD converters (within 2 years), generated using stepwise logistic regression, stratified by sex. Biometrics (BMI, age,), presence of APOE4 allele and lipid mediators,;;1;;;;;Plot
244;10.1101_2024.11.03.621732.json;"Figure 7. Distribution and range of measured traits in the field (n = 166) and pixels of estimated traits from annotated tree crowns (n = 50 573) (Cloutier et al., 2023) . We filtered the dataset to keep labels of interest, removing trees identified to the genus level only, as well as dead trees. The y-axis represents the distribution density. Car, carotenoids; Chl a , Chlorophyll a ; Chl b , Chlorophyll b ; EWT, equivalent water thickness; LDMC, leaf dry matter content; LMA, leaf mass per area; SLA, specific leaf area.";;1;;;;;Plot
245;10.1101_2025.07.07.663603.json;Figure 3. Genome scan for targets of embryonic thermal adaptation. (A) Sliding window analysis for F ST outliers across our introgression crosses relative to neutral introgression simulations. (B) Fisher's exact test (FET) P -value (Bonferroni corrected) for the synthetic pool composed of all F16 replicates. Significant regions are shown in purple. The red line represents a threshold of ~10 -8 (equivalent to a Bonferroni cutoff for 0.01). (C) The plot showcases the degree of per-SNP concordance among individual FET tests (for each F16 pool) across the genome. Regions where significant SNP co-occur with windows of interest identified in tests shown in panels A and B are shown with darker shades of purple. The highlighted vertical band between panels C and D show windows with SNPs showing 100% concordance across F16 pools. (D) Functional annotations for the SNPs within windows of high concordance.;;1;;1;;;Plot+Diagram
246;10.64898_2026.01.10.698837.json;"Fig. 5 Random Forest classification results for predicting middle-ear conditions from mobility measurements: (a) classification in 2D space using linear discriminant analysis; (b) representative confusion matrices from leave-oneout cross-validation of a Random Forest classifier trained on all 12 features";;1;;;;;Plot
247;10.1101_2025.01.14.633045.json;"Figure 3. Biofilm structure analysis. CSLM images of horizontal (XY) and vertical (XZ) projections (large and bottom panels, respectively) of 7 day-biofilms formed by WT and the  pili2 mutant. A. Individual biofilms formed by bjGFP-derived WT and  pili2 strains. B. Mixed biofilm formed by bjGFP-WT (green) and mCherry- pili2 mutant (red). No interactions between the WT and mutant were observed inside the cell clusters (merged image). The glass surface is in the upper side of the xz projections; scale bars represent 10 m. Each assay was repeated with at least two biological replicates.";;;1;;;;Photo
248;10.1101_2022.03.28.486070.json;"Figure 1 - figure supplement 1 | Discovery of PACE by MEME analyses. ( A - D ) Consensus sequence of the Position Weight Matrix identified by MEME analyses using the regions upstream of the translational start site (ATG) thus representing the promoters and 5'UTRs of NIN and NLP genes from 37 angiosperm species (see Methods): ( A ) in a discriminative search for a motif that is present in 3 kb upstream regions of the NIN genes from nodulating FaFaCuRo species, but absent in 3 kb upstream regions of the NIN genes from species outside of the FaFaCuRo clade and absent in the 3 kb upstream regions of NLP genes; ( B ) in an independent, nondiscriminative search in the 3 kb upstream regions of the NIN genes from nodulating species revealing that the most conserved nucleotides span a larger region than ( A ); ( C ) the resulted most conserved 29 nucleotides derived from upstream regions of NIN genes of nodulating FaFaCuRo species; ( D ) the resulted most conserved 29 nucleotides ( PACE ) derived from the upstream region of one representative NIN gene per species of nodulating FaFaCuRo species. ( E ) Motif analyses by FIMO using the upstream regions of the NIN and NLP genes from an expanded list of 163 species (see Methods). Left: pruned tree from the whole NLP tree (demarcated in the black rectangle in Figure 1 - figure supplement 2 ) corresponding to the NIN orthologs. Right: three versions of consensus sequence (left to right, ( A, B and D ), respectively) were used to retrieve motifs from the 5 kb upstream region of NIN genes via FIMO search, the output of which is displayed underneath the consensus sequences. Sequence names of nodulating species are coloured in blue. Blank lines represent the absence of significant motifs.";;1;;;;;Plot
250;10.1101_2025.08.22.671799.json;Figure 5. Antibody heavy and light sequence identity score to a set of human antibodies from naive B-cells . The 130 full-length human antibody sequences in Pox-AbDab (blue) and 130 randomly selected human antibody sequences from CoV-AbDab (3) (purple) were compared against human naive B cell receptor sequences from OAS (38, 39) (28.3M heavy chains from 12 studies, 24.6M light chains from 5 studies). The highest sequence identity observed was recorded. P-values of the Mann-Whitney U test are indicated on the x-axis.;;1;;;;;Plot
251;10.1101_2024.07.08.602611.json;Supplementary Figure 2. a) PHATE projection of scRNA-seq data colored for sample. b,c) Expression of canonical FGF ligands across different cell types in 2D gastruloids (b) and human CS7 embryo (c). Expression across clusters is normalized by row, while total expression is shown in a separate column to the directly to left. The leftmost column indicates differential expression between PS-like and pluripotent cells. The color scale of (differential) expression is cut off for better contrast. d) Thresholdbased annotation (left) for human, monkey, and mouse embryos used in interspecies comparison (Fig. 2f), compared to original annotation (right). e) Interspecies comparison as in Fig. 2f but for nascent mesoderm and PS-LC + nascent mesoderm. f) Bulk RNA-seq data by Loh et al 38 for expression of different FGFs in directed differentiation to mid primitive streak (MPS) or anterior primitive streak (APS) relative the human embryonic stem cells (hESCs). g) Expression of genes involved in FGF signaling.;;1;;;;;Plot
252;10.1101_2025.09.30.679456.json;Figure 2: Consort diagram showing the flow of participants from recruitment to completion with the participant 303 attrition and reasons for withdrawal on the right of the diagram. 304;;;;1;;;Diagram
254;10.1101_2025.06.02.657265.json;Figure 3: Experiment 1: Perceived motion and world motion of the retina-contingent stimuli. The blue regions indicate the Gains where the stimulus' motion across the retina is in a direction that is directly opposite to eye motion. The green regions indicate the Gains where the stimulus' motion across the retina is in the same direction as eye motion. (A) Diffusion constants from five subjects as a function of the Gains. Orange points indicate average corrected diffusion constants for perceived motion, cD PM . Purple points indicate average diffusion constants for world motion, D WM . Each point represents one subject and is the average across all matches. (B) Average cD PM /D WM from five subjects as a function of the Gains. Each point represents one subject and is the average ratio across all matches. The red bars indicate the average ratio across all subjects. Note that ratios for Gain 0 were removed. We performed independent, single-parameter linear fits to the ratios of Gains < + 1 ( y = 0 . 15 ) and to the ratios of Gain ≥ + 1 ( y = 0 . 86 ). The gray intervals indicate the 95 % confidence bounds of the fits.;;1;;;;;Plot
255;10.1101_2025.01.20.633902.json;Figure 2: A10 and Scube2 differentially control the release of artificial non- and monolipidated Shh variants. A-C) Solubilization of non-palmitoylated C25S Shh, non-cholesteroylated ShhN and nonlipidated C25S ShhN in serum-depleted media. C25S Shh release remains associated with A10 function but is less controlled by Scube2. ShhN release is independent of A10 and Scube2, as is the solubilization of the C25S ShhN control. A'-C') Protein quantification from HEK cells or A10 -/-cells in the presence of Scube2. Shh signals from HEK cells also expressing Scube2 were set to 100%. Unpaired t-test, two-tailed. ns: p>0.05, ****: p<0.0001, n=7 (A'), n=6 (B'), n=8 (C'). A''-C'') Quantification of protein solubilization from HEK cells in the presence or absence of Scube2. Shh signals from HEK cells also expressing Scube2 were set to 100%. Unpaired t-test, two-tailed. ns: p>0.05, *: p<0.05, n=7 (A''), n=3 (B''), n=8 (C''). See Supplementary Table 1 for detailed statistical information.;;1;;1;;;Plot+Diagram
256;10.1101_2025.05.01.651757.json;"Figure 2. The Impact of Sex/Gender and Experiential Factors on Motor Control. (A-C) Reaction time (A) , movement time (B) , and movement precision (C) differ across sex/genders. To improve comparability across studies, we normalized each measure by subtracting its study-specific mean and adding the grand mean across all datasets. (D-F) Bayesian estimates of sex/gender effects on motor control. Dots indicate posterior means; error bars show 95% credible intervals. Positive values reflect increases in reaction time, movement time, or movement precision, after adjusting for study-level differences. (G-I) Exploratory analysis from Tsay et al. (2024) assessing how biological and experiential factors shape motor control. Age effects remained robust across all variables, consistent with a biological basis for motor decline. In contrast, sex/gender effects largely disappeared after accounting for experiential variables such as input device (trackpad vs. mouse), video game experience, vision quality, sleep, and computer usage. See Methods for full variable definitions and modeling details.";;1;;;;;Plot
259;10.1101_2025.07.08.660448.json;Supplemental Figure S13. Pairs of motifs have additive effects on gene transcription. The activity scores for the pairs of motifs that have additive effects on gene transcription in Jurkats. Error bars represent the standard error.;;1;;;;;Plot
260;10.1101_2024.03.22.585864.json;"Figure 1: Temporal usage of enhancers repertoire hypothesis studied by a dual-color reporter at Shox2. A. Distribution of 90 limb-related loci based on the presence of putative early (green), common (light blue), and late (purple) enhancers defined by H3K27ac enrichment on forelimbs at E10.5 and E13.5 within their contact domain. B. H3K27ac ChIPseq tracks at from E10.5 and E13.5 forelimbs of three examples of developmental loci: Sox11 contact domain shown, mm39; chr12:26470941-28552347), Sox9 (contact domain shown, mm39; chr11:111354041-113105934) and Shox2 (contact domain shown, mm39; chr3:66194862-67308968). Early (green";;1;1;1;;;Plot+Diagram+Photo
261;10.1101_2025.04.15.645785.json;Figure 4 . A) Non-lateralized waveforms recorded over fronto-central electrode sites separately for intact and scrambled objects. Highlighted areas indicate the time windows for statistical analyses. B) Mean ERP amplitudes during the encoding and delay time periods. C) Spatial topographies of the intact - minus - scrambled object conditions for each time window.;;1;;1;;;Plot+Diagram
263;10.1101_2025.06.02.657353.json;Fig 2. Infection of 3-week-old BALB/c and C57BL/6 mice with mSADS-CoV.;;1;;;;;Plot
264;10.1101_2025.06.03.657184.json;Figure 1. Overview of the RSVrecon pipeline workflow. The pipeline takes raw sequence (paired FASTQ) as inputs from users. It then sequentially processes the data. Outputs include consensus sequences (FASTA) and aggregated results in multiple formats (CSV, PDF, HTML). The workflow is implemented in NextFlow, enabling parallelized execution and containerized reproducibility. Green paths represent the data flow of sequencing data through the pipeline, while purple paths indicate the data flow of pre-built reference datasets.;;;;1;;;Diagram
265;10.1101_2025.07.08.660448.json;Supplemental Figure S8. Pearson correlation (r) between sequencing replicates (n=8) obtained from sequencing the STARR-seq plasmid library.;;1;;;;;Plot
266;10.1101_2022.05.01.490196.json;Figure 5-Figure Supplement 1. Directed acyclic graph for a global, variational Bayes HMM. Pink nodes represent hyperparameters, grey nodes represent unobserved variables, and blue nodes represent observed variables. T j is the number of data points in the j th trajectory, and D i,j corresponds to the i th data point of the j th trajectory. Arrows represent conditional dependencies.;;;;1;;;Diagram
267;10.1101_2025.08.22.671799.json;Figure 1. Pox-AbDab database content and Web Application. (A) Species origins of antibodies stored in Pox-AbDab. Most antibodies are derived from humans. (B) Available sequence information of antibodies stored in Pox-AbDab. For 62% of the entries full sequence information is available. (C) Deposited antibodies stored in Pox-AbDab and their sources per year. Model virus VACV is historically most studied, while recent shifts to MPXV are observed. (D) We release Pox-AbDab as a freely available web application ( https://opig.stats.ox.ac.uk/webapps/poxabdab ).;;1;;;;;Plot
268;10.1101_2025.10.10.681551.json;Figure 4. Left column: σ h as a function of sigma ℓ 1 . Vertical red arrows suggest the selected σ ℓ 1 . Right column: The histogram of 1 -Pi computed by eq. (4) using the selected σ ℓ 1 . Upper: ℓ 1 = 2. Lower: ℓ 1 = 3.;;1;;;;;Plot
269;10.1101_2023.04.18.537072.json;FIG. 8. The influence of assemblies on the system phase behaviour . a Focusing on systems with d = 1 belonging to class 1, we compare three binodals corresponding to assembly strength e int /χ = 0 . 5 , -1 , -2 (coloured curves) and the reference binary mixture composed of monomers and solvent only (black curve). The latter can be associated with the limit e int /χ → ∞ . The region enclosed by the binodal, corresponding to phase separation, expands even for assemblies with no assembly energy e int /χ = 0. This can be explained by the entropic advantage caused by size polydispersity. b Dependence of the critical volume fraction and critical temperature on the assembly strength e int /χ . The presence of assemblies causes T c and ϕ c to deviate from the reference values (black dashed lines) corresponding to a binary mixture with monomers and solvent only ( e int /χ →∞ ). In particular, for Class 1, making assemblies more energetically favourable, i.e. decreasing e int /χ , induces an increase in T c and a decrease in ϕ c ,in turn making phase separation more accessible. c Comparison between three binodal lines corresponding to systems belonging to class 2 and d = 1, with assembly energies e int /χ = 0 , -0 . 5 , -1 (coloured curves) and the reference binary mixture composed of monomers and solvent only (black curve). d For Class 2, decreasing e int /χ , causes T c and ϕ c to decrease, overall hindering phase separation. This is caused by the interaction propensity screening in monomers at the bulk of assemblies belonging to class 2, see (10);;1;;;;;Plot
270;10.1101_2025.05.08.652968.json;"Figure 5: K131 mutation reduces Cl -binding at S cen but maintains Cl -/H + coupling. ( a ) Comparison of K131A and WT CLC-ec1 cryo-EM structures. Top panels: Region around the S cen site. The Cl signal at Scen is substantially less distinct in K131 compared to WT (7.9 vs 11.1 sigma z-score 96 ). Bottom panel: The overall structures are highly similar (RMSD = 0.52 Å). Structural alignment was done in ChimeraX using the matchmaker command aligning the dimer. ( b ) Cl binding measured by ITC for WT and K131A CLC-ec1. The top panels show representative primary data from ITC experiments. The summary table below shows results for experiments performed on 3 (WT) or 2 (K131A) separate protein preparations; for K131, no heat of binding was detected (n.h.d.) in either preparation. ( c ) Cartoon depiction of the functional assay to quantify H + /Cl -transport rates and coupling stoichiometry. Extravesicular [Cl -] and [H + ] were simultaneously measured using Ag/AgCl and pH electrodes, respectively. Because the Cl - /H + exchange cycle nets three charges across the membrane per cycle, buildup of an electrical gradient means that measurable Cl or H + transport does not occur until the addition of valinomycin, which dissipates the electrical gradient by shuttling K + ions. The experimental setup involves a 2-fold gradient for H + , such that any leak will involve movement of H + out of the vesicles, and any H + movement into the vesicles must occur via CLC-ec1 actively transporting H + via coupling to the downhill movement of Cl - . ( d ) Representative Cl -and H + traces (upper and lower panels, respectively) for flux assays performed on vesicles reconstituted with WT, K131A, K131M, or no CLC-ec1 protein. 'Val' indicates the time of addition of valinomycin. The signals indicate net Cl release from vesicles and net H + uptake into the vesicles. ( e ) Summary of transport rates for WT, K131A, and K131M CLC-ec1. The graph on the right shows the data using an expanded scale for the y-axis. ( f ) Summary of Cl - /H + coupling stoichiometry of WT and K131 mutant transporters. P values were determined using Student's t-test. ( g ) Summary of flux assays on uncoupled transporters (E148A background) with K (WT), A, or M at the 131 position, showing that K131 mutations do not affect turnover rates of uncoupled transporters.";;1;;1;;;Plot+Diagram
271;10.1101_2024.12.03.626557.json;"Figure 3. Effect of NS on crawling. A. Intracellular NS and extracellular DP recordings during a dopamine-induced crawling episode. A +7 nA pulse was injected in NS at the time indicated by the thick line. Segments above the recordings mark three epochs: previous (pre), during (test) and after (post) the pulse. B. Crawling period (end-to-end), DE-3 mFF, burst duration and duty cycle for cycles in the three epochs marked in A, for control experiments where no current was injected in NS (gray violins, n= 120 cycles from 26 episodes in 26 ganglia from 16 leeches) and for experiments where NS was depolarized (light blue violins, n= 92 cycles from 19 episodes in 19 ganglia from 15 leeches); each point corresponds to the mean value during the epoch for each individual experiment. Bars provide the mean ± SEM. *** p<0.001 (interaction between epoch and treatment factors). C. Mean DE-3 mFF for the three epochs from each individual experiment for control (CTRL) and depolarizing (DEPO) tests. Lines link dots that correspond to each individual experiment. *** p<0.001 (pairwise simple contrasts, Δ pre-test = -15.591 ± 1.037 Hz and Δ test-post = 16.648 ± 0.919 Hz).";;1;;;;;Plot
273;10.1101_2025.05.30.657108.json;Figure 3: Three phylogenetic trees built using the 'core-gene' families identified by Roary (A), Panaroo (B) and PyamilySeq[AA] (C) for the 74 genomes.;;;;1;;;Diagram
274;10.1101_2025.05.08.652968.json;"Figure 3: Cryo-EM structures of CLC-ec1 . ( a, b, c ) Cryo-EM density maps for CLC-ec1, with each panel showing one of the two subunits in color: pH 7.5, orange; pH 4.0, purple; pH 3.0, cyan. ( d, e, f ) Molecular models of CLC-ec1 for structure determination at pH 7.5, 4.0, and 3.0, with colors as in panels a-c. The zoomed-in views of the models showing key residues and resolved Cl ions. Cartoons depictions to the right of the zoomed-in views are as in Fig. 1, highlighting the Egate conformations observed at pH 7.5 ('middle' conformation), pH 4 ('middle' and 'out' conformations), and pH 3 ('out' conformation). ( g ) View from the intracellular side, highlighting major conformational changes between pH 7.5 and 4.0. Residues lining the H + pathway are colored in green (E113, E148, A182, L186, A189, F190, F199, E202, E203, M204, I402, T407 and Y445), to highlight the opening of this pathway in the pH 4.0 conformation. ( h ) Comparison of pH 4.0 and pH 3.0 cryo-EM structures to the 'QQQ' crystal structure. The structural alignment was done in ChimeraX using the matchmaker command aligning the dimer. ( i ) Pore radius profiles calculated using HOLE. ( j ) Zoomed-in view comparing E148 and F357 between pH 4 (out) and pH 3. The inner gate residue Y445 is shown for reference.";;1;;1;;;Plot+Diagram
275;10.1101_2024.07.26.605262.json;Fig. 1. Experimental design . Sleep EEG recordings of 30 participants were acquired during two consecutive nights. Between the two nights, in the morning, participants were trained on an 8-element finger movement sequence. Immediately after training, one-half of the participants were right-hand immobilized (n = 15, IMMO group) for a period of 13 hours, while the other half were not (n = 15, CTRL group). Following the immobilization or control procedure, all participants were tested on the trained motor sequence during prenight and post-night tests. They were then evaluated on two transfer tests: an inter-manual transfer test (same motor sequence performed with the right-hand fingers), and a new motor-sequence test (unpracticed motor sequence performed with the left-hand fingers). EEG: Electroencephalography.;;;;1;;;Diagram
277;10.1101_2025.10.27.684615.json;Fig. 6. Confocal images of galleried stereom in spinelet plates of an adult starfish;;;1;;;;Photo
278;10.1101_2023.10.13.562297.json;Figure 8: ERE-1 Allele frequency dynamics across different genomic regions, intron (left), exon (middle), and CDS (right), of three horse breeds. X-axis displays human gene orthologs and y-axis breed-specific allele frequency. Intron gene orthologs are omitted for clarity.;;1;;;;;Plot
279;10.1101_2025.05.03.652040.json;Figure 1. Mouse to human modeling workflow. (a) Homologous pairs between mouse and human are first matched. Human SA and control groups (Chinese cohort) are projected into the space flight mouse PCs. The human Caucasian and AfroCaribbean cohorts were used for downstream validation analysis. (b) The PCs selected by LASSO are regressed against human SA and control outcomes to determine significance. (c) Significant PCs from the generalized linear model are used for downstream biological analysis. ( d ) Biophysical modeling of motor dynamics. ( e ) Recapitulate behavior deficits in space-induced sarcopenia based on genetic determinants.;;1;;1;;;Plot+Diagram
280;10.1101_2025.08.22.671872.json;Supplemental Figure S3. Density plot of binned ChIP enrichment levels between the two H3K9me3 datasets from (Jiang et al., 2013), justifying use of the 20hpi timepoint for both 10hpi and 30hpi timepoints in the chromatin state analysis. Pearson correlation coefficient = 0.992. The density plot and correlation are based on 10kbp bins across the genome using raw read counts.;;1;;;;;Plot
281;10.1101_2025.04.25.650619.json;Figure 1 : Change detection paradigm A: Example of the three variations ('change appear', 'change disappear', and 'no change') of a scene with 6 streams. Regular (REG) scenes are on the left, and random (RND) scenes are on the right The changing component is indicated with an arrow. B: Examples of gap containing scenes.;;1;;;;;Plot
282;10.1101_2024.09.11.612086.json;"Figure 5: Phylogenetic distribution of Vch CAST activator and inhibitor genes. The phylogenetic distribution of 11 E. coli regulatory genes was mapped across 80,789 representative bacterial genomes from 92 phyla in Genome Taxonomy Database, release 214.0 (GTDB v214.0; (31, 32) with at least 10 members. Homologs were identified using AnnoTree (19) and confirmed with the eggNOG database (29).";;1;;1;;;Plot+Diagram
286;10.1101_2025.06.02.657373.json;Figure 2. Effect of mutations in sux genes on bacterial growth. Growth curves of A) wildtype, B) ∆sux , C) ∆suxR , D) ∆suxC , E) ∆suxA and F) ∆suxB in NB media (grey), supplemented with 30 mM sucrose (blue) or 30 mM glucose (pink). Mean of 3 technical replicates is shown with whiskers for ± SEM.;;1;;;;;Plot
288;10.1101_2025.01.14.632964.json;"Fig 4. Effect of a maternal prolonged maternal presence on the cytoarchitecture of the equine brain ( with mother > without mother ). Sagittal and axial brain slices showing modification of ( a ) fractional anisotropy (FA), ( b ) orientation dispersion index (ODI) and ( c ) isotropic fraction between groups. Orange dashed lines represent the approximate positions of axial brain slices. Data obtained from SPM unpaired Student t-test analysis using a voxel-level threshold p < 0.05, t (21) = 1.7207, FDRcorrected. Abbreviations: aCC = anterior cingulate cortex; Cu/PrCu = cuneus/precuneus; hypo = hypothalamus; pFC = prefrontal cortex; RSC = retrosplenial cortex.";;;1;;;;Photo
290;10.1101_2024.07.26.605262.json;"Figure 2. Behavioral data. Mean response time for each test block in the IMMO group (purple) and CTRL group (pink). The colored circles represent the group average, and the bar represents the standard error of the mean (n = 15 for each group and each test block, with the exception of the transfer test blocks with n = 13 for the IMMO group). * p < 0.05, ** p < 0.01, *** p < 0.001. Intermanual T: Inter-manual transfer; New seq T: new-sequence transfer.";;1;;;;;Plot
292;10.1101_2022.03.28.486070.json;"Figure 3 - figure supplement 4 | The CYC-box and flanking sequences of PACE are required for the complete restoration of the bacterial infection process but are dispensable for the nodule organogenesis process in the L. japonicus nin-2 mutant. nin-2 roots were transformed with T-DNAs carrying a Ubq10 pro :NLSGFP transformation marker in tandem with the LjNIN gene driven by either of the following promoter versions: the cytokinin element-containing region of 5 kb ( CE 5kb ) fused to the 3 kb LjNIN promoter ( CE 5kb :NIN pro ); CE 5kb :NIN pro with PACE mutated ( CE 5kb :NIN pro ::mPACE ); CE 5kb :NIN pro carrying a mutated Cyclops binding site ( CYC-box ) ( CE 5kb :NIN pro ::mbox ); CE 5kb :NIN pro carrying mutated sequences flanking the CYC-box in PACE ( CE 5kb :NIN pro ::mflanking ); CE 5kb fused to the LjNIN minimal promoter ( CE 5kb :NINmin pro ); CE 5kb fused to PACE and to NINmin pro ( CE 5kb :PACE:NINmin pro ) or NIN pro . ( A ) Representative overview pictures of transgenic root systems. Roots were analysed 21 dpi with M. loti Ds Red. White asterisks and arrowheads: infected and non-infected nodules, respectively. Bars, 2 mm. ( B ) Boxplots displaying the number of infected nodules, the percentage of infected nodules among total organogenesis events (sum of infected and non-infected nodules) and the number of organogenesis events. ( C ) Boxplots displaying the number of root hair ITs and the percentage of root hair ITs among total infection events (sum of bacterial entrapments and ITs). Each dot represents one transgenic nin-2 root system or root piece. L. japonicus WT roots transformed with NIN pro :NIN or CE 5kb :NIN pro :NIN were included as controls. Note that the mutation of PACE or only the CYC-box in PACE led to an almost complete loss of IT formation and infected nodules per root system while nodule organogenesis was not significantly reduced; and that mutation of sequences flanking the CYC-box in PACE led to a reduction of the number of infected nodules per root systems. n: number of transgenic root systems or root pieces analysed. Numbers above the boxplots: the value of individual data points outside of the plotting area. n.a.: not applicable. WLI: white light illumination.";;1;1;;;;Plot+Photo
293;10.1101_2025.04.15.648987.json;"Figure 2. Genome-wide Accuracy - Total Errors of A) SNP in GIAB v4.2.1; B) Indel in GIAB v4.2.1; C) SNP in draft Q100; D) Indel in draft Q100. DS-Hybrid PB+ILMN and DS-LR PB only are shown with curves covering 5x-30x long reads depths. DV PB and Dragen are shown at full depth.";;1;;;;;Plot
294;10.1101_2025.09.08.674961.json;Figure 3. Membrane fluidity varies both between and within individual cells. A. Representative GP maps of WT Msm highlighting cells in different growth stages based on the presence of a septum or observation of v-snapping (division). Scale bar = 5 µm. B. Average annular GP measured at the poles or sidewalls of WT Msm . Data from N /i3 = /i3 5 independent experiments, ~100 cells per replicate. C. Average annular GP of high-GP vs. low-GP daughter cells in pairs of dividing cells from WT Msm . N = 6, ~100 cells per replicate. D. The average difference in annular GP ( Δ GP) between paired high-GP vs. low-GP daughter cells of WT or Δ lamA Msm . N = 5, ~100 cells per replicate. E. Msm was metabolically labeled with 25 µM RADA for 15 min and then labeled with 400 µM C-Laurdan for 5 min. Representative RADA images and GP maps are shown. F. Average annular GP at the RADA-bright or RADA-dim pole. N = 3, ~50 cells per replicate. G. Annular vs. septal GP based on identification of the septum by RADA labeling. N = 4, ~20 cells per replicate. Statistical analysis: B, C, F, G: Paired two-tailed ttest. D: Paired one-tailed ttest. * p 0.05, ** p 0.01, *** p 0.001. For all panels, segmentation for GP analysis was based on phase contrast.;;1;1;;;;Plot+Photo
296;10.1101_2024.12.11.627930.json;Figure S7. Genomic results for Cross 2. Top three plots: Mean traits (FRE, MRE, rMA) across the genome. Thick red, blue and black lines indicate mean trait values for homozygotes inherited from either Control (blue) or X-only populations (red) or heterozygotes. The horizontal, dashed line indicates mean trait values for all individuals. Vertical dashed lines indicate the location of QTL, shaded areas indicate the Bayesian credible intervals for QTL. Plot 4: p -value of χ²-test for segregation distortion. The red line indicates the significance threshold ( p < 0.05 ) after Bonferroni correction. Bottom plot: recombination maps inferred from RADseq data. Shaded red and blue bars in the background indicate genomic windows enriched for the two most common centromeric repeats.;;1;;;;;Plot
298;10.1101_2025.01.08.631962.json;Fig. 1: Integrated single-cell atlas of thyroid cancer progression. a , Oncoplot showing histology, location, age, and sex meta data (top) and key driver mutations (bottom) for thyroid cancer publicly available single-cell RNA-sequencing samples. b , Uniform Manifold Approximation and Projection (UMAP) plot depicting the 423,733 cells in the integrated thyroid cancer single-cell atlas labeled by broad cell type. c , Scaled dot plot showing canonical markers for broad single-cell populations from b . d , UMAP plot of the integrated single-cell atlas colored by tumor histology with broad groupings of anaplastic thyroid carcinoma (ATC, blue), papillary thyroid carcinoma (PTC, light orange), or paratumor/normal (Para, grey). e , Bar plots showing overall broad cell type composition for each paper in the single-cell atlas split by tumor histology group (Paratumor, PTC, ATC). Abbreviations: pDC, plasmacytoid dendritic;;1;;;;;Plot
299;10.1101_2025.05.15.654300.json;Fig. S16. Split luciferase assay data for PAN nita measured for indicated ligands . We utilize 4 nM LgBiT-PYR1 and 4 nM SmBiT-ΔNHAB1. **** p<0.0001, * p<0.05, ns not statistically significant. Error bars are shown for 1 S.E.M. for n=4 replicates.;;1;;;;;Plot
301;10.1101_2025.04.08.647715.json;Figure 15: Distributions of the values of risk of inadequate vitamin B12 intake, across households.;;1;;;;;Plot
302;10.1101_2025.09.30.679456.json;Figure 4: Baseline neurophysiological measures across the menstrual cycle. MEP/Mmax (A) was modulated by menstrual phase with increased excitability at LF phase. Short-interval cortical inhibition (B) showed no effect of menstrual cycle phase on inhibitory neurotransmission, likewise intracortical facilitation (C) showed no effect of menstrual cycle phase on facilitatory neurotransmission. Bold black lines indicate phase estimated marginal means with error bars indicating 95% confidence intervals. Thin grey lines represent individual participant data. EF: Early Follicular, ICF: Intracortical facilitation, LF: Late Follicular, MEP: Motor evoked potential, ML: Mid-luteal, SICI: Shortinterval cortical inhibition, ICF: Intracortical facilitation. * greater than early follicular p <0.05, # greater than midluteal p <0.05.;;1;;;;;Plot
304;10.1101_2025.07.28.667162.json;Figure 4. Improvement in factor recovery for varying sizes of the hidden component 𝑳𝟏𝟑 using ACMTF-R. One hundred randomly initialised eight-component ACMTF-R and ACMTF models were fitted for each combination of hidden component size ( 𝛿 ) and tuning ( 𝜋 ), after which the lowest-loss models were compared. The improvement in factor recovery is computed by subtracting ACMTF performance from ACMTF-R performance in all panels. Improvement per setting for (A) overall factor recovery, (B) factor recovery of the hidden component, (C) shared subject mode recovery of the hidden component, (D) feature mode recovery of 𝑿 (1) for the hidden component, (E) time mode recovery of 𝑿 (1) for the hidden component, (F) feature mode recovery of 𝑿 (3) for the hidden component, (G) time mode recovery of 𝑿 (3) for the hidden component. Improvement compared to ACMTF is shown in green, while deterioration is shown in purple. A version of this figure without subtraction of ACMTF performance is shown in Supplementary Figure 9 .;;1;;;;;Plot
306;10.1101_2025.02.06.636927.json;Figure 2: Multi -position data acquisition strategy reduces the cumulative incident beam fluence during 3D -ED/MicroED data collection. (A) Crystal used for 3D -ED/MicroED data collection at a single position while tilting the sample stage through a total range of 90°. (B) Resulting diffraction patterns at the indicated tilt angles with corresponding cumulative incident beam fluence. (C) Multi -position 3D -ED/MicroED data collection involves acquisition of diffraction data from multiple positions along a single crystal within an accumulated total tilt range of 90°. (D) Resulting diffraction patterns taken at the indicated tilt angles using a cumulative fluence ≤ 4 e -/Å 2 throughout the acquisition range. For each diffraction image, the highest resolution Bragg reflection is highlighted with a red circle (magnified view lower right). Data recorded using the multi -position strategy show significantly improved diffraction, with distinct reflections up to around 3.2 Å resolution.;;;1;;;;Photo
307;10.1101_2025.02.07.636194.json;"Fig. 3 Prediction quality of PLSR models for LMA, WCf and WQ depending on the validation set. Models were calibrated using the WW+WD1+WD2 calibration set (dataset I in Table 1) and the MicroNIR_NeoSpectra and ASD devices. a corresponds to the R² and b corresponds to the RMSE in the validation set. Each point in the boxplot represents one of the 15 iterations of the validation (as detailed in Table 1). The blue dots and boxes correspond to the well-watered treatment (WW); orange dots and boxes to the moderate water deficit treatment (WD1); red dots and boxes to the severe water deficit treatment";;1;;;;;Plot
308;10.1101_2025.04.29.651153.json;Figure 2: NAD(H) depletion activates YAP and CHOP in PC3, but not LNCaP cells. (A) Western Blot analysis for the expression of phosphorylated YAP at Serine 127 (p-YAP Ser127) and total YAP protein in PC3 and LNCaP cells, after the treatment for 48 hours with FK866 at concentrations 5 or 10 nM. Actin was used as housekeeping. (B) and (C) mRNA levels of YAP targets CTGF and CYR61 in PC3 and LNCaP cell lines, respectively, after the exposure for 48 hours with 5 or 10 nM concentrations of FK866. RPLP0 was used as the housekeeping gene. Three independent biological replicates were performed. (D) Western Blot for the expression of YAP protein in PC3 cells stably transfected with the scramble (shSCR) or the short-hairpin YAP silencing construct (shYAP). GAPDH was used as housekeeping. (E) Soft agarose assay of PC3 shSCR and shYAP cells treated with 5 or 10 nM of FK866, every 2-3 days for 2 weeks. Images acquired with Operetta and Harmony 3.5.2 software. (F) Gene set enrichment analysis (GSEA) of proteins upregulated in PC3 shSCR cells treated with FK866 (5nM) for 48 hours. All the significant upregulated proteins (p-value above 0,05) compared with the DMSO treated conditions were considered. There independent biological replicates were considered for statistical analysis. (G) mRNA levels of CHOP in PC3 and LNCaP cell lines after exposure for 48 hours with 5, 10 or 20 nM concentrations of FK866, (H) mRNA levels of CHOP in PC3 shSCR and PC3 shYAP cell lines, treated with 5nM concentration of FK866 for 48 hours. RPLP0 was used as the housekeeping gene. Three independent biological replicates were performed. Repeated measures one-way ANOVA was used to calculate statistical significance (ns- not significant, *P < 0.05, **P < 0.01, ***P < 0.001) between DMSO (FK866 0nM) and experimental conditions.;;1;1;;;;Plot+Photo
310;10.1101_2023.12.06.570345.json;Figure 1. Characterization of Rbm20 expression in the brain;;1;1;;;;Plot+Photo
311;10.1101_2025.03.28.645998.json;Figure 6: Movement time. A and B depict the movement times for each participant for the conditions with visual feedback ('VISION') and without visual feedback ('NO VISION') for the dominant (A) and non-dominant (B) hands. The circles indicate the movement times for each condition, averaged across the three trials, with the line connecting the two conditions. For individuals less than 12 years of age (n=16), data is shown with open circles and dashed lines. For individuals 12 years and older (n=15), data is shown with closed circles and solid lines. Adjacent to the individual data, the group means (<12 years and ³ 12 years) are shown with 95% confidence intervals. C-F show the correlation between movement time and age for the dominant hand (C and E) and non-dominant hand (D and F), and the conditions with visual feedback (C and D) and without visual feedback (E and F).;;1;;;;;Plot
312;10.1101_2025.04.13.648583.json;Fig.4. The Resistance Nexus: A Multifaceted Network of Genetic Determinants in Antibiotic Efficacy;;;;1;;;Diagram
314;10.1101_2025.05.30.657108.json;Figure 5: Panels depicting some of the problems with clustering in the DNA and AA spaces and how we get different results from different methods. Panels A and B report the BLAST alignments of sequences ENSB s-GX UiVmBsWL9K and ENSB Vyjslictzez3CNX in DNA and AA, respectively, where both reported a higher than 90% percentage identity. Panels C and D report the multiple sequence alignment conducted by Clustal Omega in DNA and AA respectively but reporting a percentage identity of less than 90%.;;1;;;;;Plot
315;10.1101_2024.09.19.613896.json;Figure 1: Cross-validation results heatmap sorted by total dataset size, with datasets below 100 samples excluded. Cancer datasets exceeding 1000 samples consistently lead to high predictive performance. Notably, UCEC, SKCM, and READ emerge as top performers, achieving F1 scores of 88%, 90%, and 88%, respectively. Despite their smaller sizes, datasets like SKCA also performed well.;;1;;;;;Plot
317;10.1101_2025.04.05.647323.json;Figure 5. Correspondence between behavioral responses and story content features.;;1;;;;;Plot
318;10.1101_2025.10.01.679811.json;"(which was not certified by peer review) is the author/funder. All rights reserved. No reuse allowed without permission. bioRxiv preprint doi: https://doi.org/10.1101/2025.10.01.679811; this version posted October 6, 2025. The copyright holder for this preprint";;1;;;;;Plot
319;10.1101_2025.05.06.652517.json;Figure 1. Workflow and architecture for bonds reconstruction using a graph neural network.;;;;1;;;Diagram
321;10.1101_2025.01.17.633399.json;"Supplementary Figure S3: de novo motifs found for FOXA1 via NoPeak . Highquality ASBs are coloured in blue. CAR (x-axis) is the corrected allelic ratio calculated by BaalChIP for a heterozygous SNP lying within a ChIP-Seq peak; MSD (y-axis) is the motif score difference for each SNP mapped to the labeled motif.";;1;;;;;Plot
323;10.1101_2025.06.20.660802.json;Figure S1: Graph representations of the state transitions in the four motifs studied in the main text: (A) random interactions, (B) non-transitive competition, (C) apparent competition, and (D) intraguild competition. Each of the systems is a single patch with three species. Each node represents a state of the system labeled by a binary vector that denotes whether each species is present. The thickness of an arrow between two nodes corresponds to the rate of transition between the states, calculated from simulations of over 10000 time steps. The thickness is relatively homogeneous in the random interactions motif, showing that the system is near equilibrium. In contrast, there is a dominant cycle in the non-transitive competition motif, showing that the system is far from equilibrium.;;;;1;;;Diagram
324;10.1101_2025.03.24.645017.json;Figure 4: Modified RNA regulation underlying CHIP-resilience in human HSCs.;;1;;1;;;Plot+Diagram
325;10.1101_2024.09.08.611926.json;Figure 4: Distribution of relative 95% confidence intervals per method and rank match. 95% confidence intervals were scaled by estimated size. Rank match refers to the smallest rank in common between the query and the closest database entry with a valid genome size.;;1;;;;;Plot
326;10.1101_2024.12.19.629375.json;Fig. 4. Interactions of PI(4,5)P2 with class B1 GPCRs. ( A) Alignment of top ranked PyLipID PI(4,5)P2 interaction sites across all 15 receptors from cgMD simulation and Chai-1. The view shown is from the cytoplasmic side onto the base of the active (green) and inactive (blue) states of the CTR. Spheres represent PI(4,5)P2 headgroups for the top ranked interaction sites extracted from simulations of active (dark magenta) and inactive (light pink) states of all 15 class B1 GPCRs. Chai-1 predicted an active state for all 15 receptors. For each receptor, five Chai-1 models were generated, each containing three PI(4,5)P2 poses. This yielded 15 poses per receptor, and 225 poses overall. Only poses within the inner leaflet were considered. ( C ) Highest residence time PI(4,5)P2 site in the GIPR active state corresponding to TM6/7, and H8. Residues in contact with the PI(4,5)P2 are labelled. ( D ) Highest residence time PI(4,5)P2 binding site in the inactive GIPR receptor, with residues in contact with the lipid headgroup shown .;;1;;1;;;Plot+Diagram
327;10.1101_2025.08.04.668590.json;Figure 3. Sheet aggregates have a similar diffraction signature to OCP-like elongated plate HA precursors. (A) LDSAED of a sheet aggregate from 1 DIV rat cortical neurons and synthesized OCP-like elongated plates. Top image of pair is the electron diffraction micrograph depicting a maximum spatial frequency of 1/1.0 Å -1 in the full image and 1/2.4 Å -1 in the inset. Reference radial curve in the inset image corresponds to 1/4 Å -1 . The white arrow is emphasizing the broad band between ~1/2.6 Å -1 - 1/3.3 Å -1 observed previously in OCP-like elongated plates (Habraken et al., 2013). Scale bars = 200 nm. (B) Ratio of radially averaged full or partial electron diffraction image intensities from (A) over each group's respective background image. The x-axis has been converted to d spacing (1/q) and the arrow indicates the broad ~2.6-3.3 Å peak.;;1;1;;;;Plot+Photo
328;10.1101_2025.06.16.659879.json;"Figure 3. Reduction and re-oxidation kinetics and radical formation in the aromatic protein core in the absence of a polysaccharide substrate. ( A ) Transient state kinetics for reduction of LPMOCu 2+ with ascorbate at 25 °C ( N = 4). ( B ) Transient state kinetics for oxidation of LPMO-Cu + with H 2 O 2 at 25 °C ( N ≥ 3). Dashed lines in (A-B) show linear regression of the data; slopes, defining the apparent second order rate constants, are presented in Table S7. ( C ) Maximum H 2 O 2 turned over in reactions with 200 µM ascorbate, 100 mM KCl and 100 µM initial H 2 O 2 without substrate at 30 °C ( N ≥ 2). Dashed lines show linear regression of the data; slopes define n max (listed in Table S8). ( D ) Initial rate of H 2 O 2 turnover derived from the experiments performed to produce (C). Dashed lines show linear regression of the data; slopes represent the apparent turnover number (TN, s -1 ) (Table S8). Example curves underlying data in (C-D) are shown in Fig. S11. ( E-H ) Absorbance spectra for Anc2 (E), Anc3 (F), Anc4 (G) and Sm AA10A (H) after mixing LPMO-Cu + with 20 molar equivalents of H 2 O 2 at 4 °C in the absence of chitin. The panels show spectra for the decay of the features; spectra for the initial phase of the reactions (formation of the features) are shown in Fig. S12. Panels E-H show ten spectra for each enzyme, spanning the time of maximum absorbance at 415 nm to full decay. The time to full decay is shown in the box in each panel. Traces are means ( N ≥ 3; technical replicates); errors are not shown for the sake of clarity. Note the different scale of the ordinate axis in (H). ( I ) Time-resolved absorbance at 415 nm derived from the data in panels E-H and Figs. S12-S13. ( J ) The decay rate of the 415 nm absorbance signal extracted from non-linear modelling of the data in (I), illustrated in more detail in Fig. S14. ( K ) Overlay of the aromatic cores of Anc2-4 and Sm AA10A from predicted models generated by AlphaFold3 ( 33 ) and refined using Rosetta Relax ( 40 ). Distances (in angstroms) between residues are for Sm AA10A. Copper ions are shown as orange spheres. Note that Trp92 has the same orientation in Anc2 and Anc3; also note that all shown histidines are close to the protein surface. The color scheme shown in panel K applies to all panels. Error bars in (A-D) and (I-J) are SDs. All reactions were performed in 50 mM sodium phosphate, pH 7.0. Abbreviations: F, Phe; H, His; W, Trp; Y, Tyr; SDs, standard deviations; λ, wavelength; A.U., arbitrary units.";;1;;1;;;Plot+Diagram
329;10.1101_2022.03.28.486070.json;"Figure 4 - figure supplement 1 | PACE alone or in the context of the S. lycopersicum NIN promoter (a species outside of the FaFaCuRo clade) enables IT formation in the cortex. ( A - D ) Representative pictures of sections of nodules formed on L. japonicus nin-15 roots transformed with T-DNAs carrying a Ubq10 pro :NLSGFP transformation marker together with the LjNIN gene driven by either of the following promoters: ( A - B ) the L. japonicus NIN minimal promoter ( NINmin pro ) or PACE fused to NINmin pro ( PACE:NINmin pro ); ( C - D ) the 3 kb S. lycopersicum NIN promoter ( SlNIN pro ), the 3 kb SlNIN promoter with mutated PACE ( SlNIN pro ::mPACE ) or with L. japonicus PACE inserted ( SlNIN pro ::PACE ), 21 dpi with M. loti Ds Red (from the same experiments depicted in Figure 4 ). Black rectangles in ( A ) demarcate the enlarged area displayed in Figure 4A and 4B to focus on the initial infection structures. Note the absence of cells filled with symbiosomes in nodules transformed with the LjNIN gene driven by PACE:NINmin pro or NINmin pro . By contrast, infected cells were often filled with symbiosomes in the SlNIN pro ::PACE:NINtransformed nodules, like those resulted by NIN pro :NIN (see ( C ) and compare the two sections in ( D )) . ( E - F ) Boxplots displaying the percentage of root hair ITs among total infection events (sum of bacterial entrapments and ITs) or the percentage of infected nodules among total number of nodules ( E ) 21 dpi and ( F ) 35 dpi with M. loti Ds Red, respectively. Each dot represents one nin-15 transgenic root system or root piece. ( E ) displays results from an independent repetition from the experiment depicted in Figure 4 . n: number of transgenic root systems or root pieces analysed. Numbers above the boxplots: the value of individual data points outside of the plotting area. The applied statistical method was Fisher's exact test: * p < 0.05; *** p < 0.001; n.s.: not significant. Bars, ( A and C ) 100 μm; ( B and D ) 50 μm.";;1;1;;;;Plot+Photo
330;10.1101_2025.09.25.678545.json;Figure 3: Task dependency graph for BindFlow. Each rectangle represents a task (or group of tasks), while arrows indicate dependencies between them. Some tasks are shared between methodologies. Purple boxes correspond to ligand-in-solvent FEP simulations, and green boxes to protein-ligand complex FEP simulations. The darkest blue boxes denote MM(PB/GB)SA simulations, which reuse some tasks from the protein-ligand complex FEP workflow. All three approaches share the initial system-building step (light blue) and converge at the final result-gathering stage to report the binding free energy, ∆ G bind .;;;;1;;;Diagram
331;10.1101_2025.09.12.675721.json;"Figure 5. Comparison of CD spectra of WT, 3D1, 3D2, and 6D Nps. Shaded regions show total propagated error for each spectrum after three independent measurements, and the inset table shows the intensity ratio at wavelengths 222 nm and 208 nm with propagated error. Two spectra per plot are shown for ease of comparison among all four proteins. Orange, WT; teal, 3D1; brown, 3D2; purple, 6D. A: WT and 3D1 Np; B: WT and 3D2 Np; C: WT and 6D Np; D: 3D1 and 3D2 Np; E: 3D1 and 6D Np; F: 3D2 and 6D Np.";;1;;;;;Plot
332;10.1101_2023.11.14.566925.json;Figure 4. LSECs and KCs support iron recycling by removing hemolysis products from the spleen. (A-D) Mice were administered i.v. with (A-B) stressed GFP +;;1;;;;;Plot
333;10.1101_2025.06.24.661403.json;Fig. 5 Illustration of two of the four conflict stimuli. Recall that participants felt disks laterally along the horizontal axis. A) The -3 conflict stimulus (shaded) has a horizontal extent equivalent to that of a -3 mm radius disk, and a curvature equivalent to that of a +3 mm radius disk, relative to a 10 mm radius circular disk. B) The +3 conflict stimulus has a horizontal extent equivalent to that of a +3 mm radius disk, and a curvature equivalent to that of a -3 mm radius disk, relative to a 10 mm radius circular disk.;;;;1;;;Diagram
334;10.1101_2024.03.13.584141.json;Fig.1. Measuring and modeling the perceptual similarity of geometric shapes. ( A ) The eleven quadrilaterals used throughout the experiments (colors are consistently used in all other figures). (B) Sample displays for the behavioral visual search task used to estimate the 11x11 shape similarity matrix. Participants had to locate the deviant shape. The right insert shows two trials from the behavioral visual task search task, used to estimate the 11x11 shape similarity matrix. Participants had to find the intruder within 9 shapes. (C) Multidimensional scaling of human dissimilarity judgments. ( D ) The behavioral dissimilarity matrix (left) was better captured by a symbolic coding model (middle) than by a convolutional neural network (right). The graph at right shows the GLM coefficients for each participant.;;1;;1;;;Plot+Diagram
335;10.1101_2025.01.17.633399.json;Supplementary Figure S2: Redundant and accessory motifs discovered for FOXA1. Scatter plots for (A) redundant and (B) accessory motifs found for FOXA1 via NoPeak. High-quality ASBs are coloured in blue. CAR (x-axis) is the corrected allelic;;1;;;;;Plot
336;10.1101_2025.08.30.673206.json;Figure 2: Components of the Esperdyne device: (1) 128x32 OLED Display, (2) Perforated PCB (3) Tactile push buttons (for control), (4) Power On/Off Switch (5) microSD card, (6) SD Card Module, (7) Knowles MEMS Microphones with leads (I2S input), (8) WM8782 I2S ADC, (9) ESP32-S3 main controller board with USB-C and PSRAM, (10) Rotary encoder with push-button, (11) PCM5102A stereo DAC breakout board, (12) Set of brass hex nuts and screws for mounting, (13) LiPo battery (1000 mAh), (14) Terminal block for battery input, (15) LiPo battery charging module (with protection), (16) USB-C Port for battery charging connection. See Appendix A for material cost and sources.;;;1;;;;Photo
337;10.1101_2025.01.27.635038.json;Fig. 3: Heatmap of the difference in mutation frequencies between each spectrum obtained for the knockout of a specific gene and the geometric mean of the pseudo-control spectra selected by MUSICiAn, per mutation category and target site. Shown are the top 100 genes with the highest MUSICiAn outlier score across target sites (3 for MUSIC, denoted T1-T3, and 1 for Repair-seq). The horizontal axis represents genes. The vertical axis represents mutational outcomes, coloured by target site. Data was clustered on both dimensions, genes and mutation categories, using hierarchical clustering with Ward cluster linkage and distance between spectra based on Pearson's correlation coefficient.;;1;;;;;Plot
338;10.1101_2025.06.04.657787.json;Figure 3 : Results of the bootstrap analysis demonstrating the distribution of Intraclass Correlation Coefficients (ICC 2,1) for visual inspection compared to accelerometry (Yellow) and electromyography (Blue). Violin plots represent the full distribution of ICC values with the dot representing the mean and vertical line the 95%CI, while box plots indicate the median, interquartile range, and overall dispersion. Each dashed line represents the reliability threshold based on Koo and Li (2016).;;1;;;;;Plot
342;10.1101_2025.08.19.671129.json;Figure 7. IRP1 deficiency stimulates insulin signaling. (A) Western blot analysis of phospho-Akt, Akt, IRP1 and β-actin in primary hepatocytes from Irp1 -/-and wild type mice either left untreated, or previously treated with 10 nM insulin for 5 min. (B) Western blot analysis of phospho-Akt, Akt, IRP1 and β-actin in;;1;;1;;;Plot+Diagram
343;10.1101_2025.04.13.648583.json;Fig. 3. Simulated SEM and Size Distribution of Nano capsules;;;1;;;;Photo
345;10.1101_2024.10.25.620274.json;Figure 4: Expression of the incompatible CD4 co-receptor in cytotoxic T cells enhances ligand discrimination. (A) (Left) Schematic of CD4 expression in cytotoxic T cells and flow cytometry staining of CD4 expression. (Right) Schematic of CD8 → CD4 co-receptor switch T cells and flow cytometry staining of CD4 and CD8 expression. (B) U87 cells were titrated with each of the 7 NY-ESO-1 peptides to stimulate (Top) WT or CD4 expressing cytotoxic T cells or (Bottom) WT or CD8 → CD4 co-receptor switch cytotoxic T cells. Target killing was measured after 20 hours. (C) The fold change in Potency (P15) between the indicated modified and WT cytotoxic T cells over TCR/pMHC affinity (KD). Data for CD8 KO is shown from Fig 1. Data in (A) and (B) are representative of N=3 independent experiments with different blood donors. Data in (C) is shown as means ± SDs. P values were determined by F-test. *p < 0.05, ****p < 0.0001.;;1;;1;;;Plot+Diagram
346;10.1101_2025.03.20.644192.json;Figure 4: SidBait identifies CapZ as a binding partner of the Legionella effector RavB.;;1;;1;;;Plot+Diagram
348;10.1101_2025.01.20.633902.json;Figure 1: Scube2-mediated Shh solubilization requires Disp and A10. A) Experimental setup. HEK293 cells with or without Disp and A10 function were co-transfected with Shh/Hhat and in the presence or absence of Scube2. Cells were grown in DMEM containing 10% FCS for a total of 36 hours before serum-containing medium was aspirated and fresh medium without serum was added for 6 hours (serum-depleted conditions). Proteins secreted into the media were TCA precipitated and the corresponding cells were lysed directly on the plate for subsequent analysis by SDSPAGE/immunoblotting or RP-HPLC. B) Shh solubilization from Disp-expressing HEK cells (arrowhead) requires Scube2, and Shh release from Disp -/-cells is severely impaired. m: media, c: Shh from the corresponding cell lysate (asterisk). Bent arrows indicate Shh solubilization from cells into corresponding media in this and in all subsequent experiments. See Supplementary Figure1A for specificity and loading controls. B') Quantification of relative Shh release from HEK and Disp -/-cells in the presence of Scube2. Only solubilized Shh with increased electrophoretic mobility (lower bands) was quantified using ImageJ.;;1;;1;;;Plot+Diagram
350;10.1101_2025.11.19.689351.json;Figure 2. CX-5461 and BMH-21 synergize at low to moderate doses. Reported values and points represent the average of three biological replicates composed of four technical replicates each. Error bars represent the standard error of the mean. (A) Synergy scores of all CX-5461 and BMH-21 dose combinations. Loewe additivity, Bliss independence, zero-interaction potency (ZIP), and highest single-agent (HSA) reference scores were calculated using SynergyFinder Plus to evaluate synergy. Synergy scores represent the difference between the observed viability and predicted viability estimated by each reference model, with positive (red) values representing enhanced viability reduction and synergy. Serum concentrations of CX-5461 achievable in clinical trials are bolded. Synergy scores which significantly deviated (p < 0.05) are outlined and scores which nearly met significance (p < 0.1) are bolded. Significance was determined using one-sample two-tailed t-test. (B) Viability of MCF-7 cells treated with the most synergistic doses of CX-5461 and BMH-21. The red dashed line represents the viability of combined treatment predicted by the Loewe additivity reference model. Cell viabilities were compared using RM one-way A NOVA with Dunnett's multiple comparisons te st. Cell viability following combination therapy was compared to the predicted viability using one-sample two-tailed ttest, with p-value < 0.05 (*) and not significant (n.s.) indicated. (C) Viability of MCF-7 cells treated with the most antagonistic doses of CX-5461 and BMH-21, as in (B). (D) CX-5461 dose-viability relationship of cells treated with varying doses of BMH-21. Cell viabilities were normalized to the viability of cells receiving the same dose of BMH-21 without CX-5461.;;1;;;;;Plot
351;10.1101_2024.09.09.612073.json;Figure 5: Ablations reveal complementary roles of place code and barcode activity in memory recall. A. Left, as in Figure 4C, bottom, but for the 'Place Code Only' model (barcode-ablated), which has recurrent weights initalized with µ = 0 , σ = 0 . Right, same, but for the 'Barcode Only' model (place-ablated). The barcode only model is the same as the full model, but place inputs are uncorrelated for nearby locations. B. Left, as in Figure 4D, bottom, but for the place code only model. Right, the same but for the barcode only model (for visual clarity, the matrix is downsampled to remove zero-value rows). The place code only model has similar outputs for recall from all current locations. The barcode only model has no place output for recall from most locations. C. As in Figure 4E, but showing the full model (solid line), the place code only model (dotted line), and the barcode only model (dashed line). For all models, s = 0 . The place code only model is unable to discriminate between nearby caches. D. As in Figure 4F, with lines as in (C). For all models, s = 0 . 4 . The barcode only model recalls successfully only when the current location contains a cache. Only the full model reliably recalls remote cache locations.;;1;;1;;;Plot+Diagram
352;10.1101_2025.02.16.637469.json;Fig. 3 | Experimental setup and procedure in Experiment 2 . a , Setup for the EEG experiment. b , Procedure for body ownership and simultaneity judgment tasks. The visuotactile stimulation remained consistent across both tasks, with asynchronies varying across trials between 0 ms, ±100 ms, ±200 ms, ±300 ms, and ±400 ms.;;;;1;;;Diagram
354;10.1101_2025.05.15.654300.json;Fig. S3. Isotonitazene conformers docked to the HMH library member with the largest allowable pocket volume (smallest amino acid contained in library at each position).;;;;1;;;Diagram
355;10.1101_2024.12.19.629375.json;Fig. 2. Global analysis of class B1 GPCR interactions with the regulatory lipids cholesterol, PI(4,5)P2 and GM3. Lipid occupancy ( A ), lipid contact ( B ) and lipid residence time ( C ) is shown for each class B1 GPCR as a function of ECD, helix, and loop number. Helix 1e denotes the extracellular half of Helix 1, and Helix 1i the intracellular half. Active states are denoted by _a, and inactive by _i. Per residue lipid occupancies were computed using PyLipID ( 29 ) and summed over the constituent residues of each region. Occupancies were computed over 3 x 9.8 µs of production run simulation time. The residue ranges defining each region correspond to those from GPCRdb ( 30 ).;;1;;;;;Plot
357;10.1101_2025.05.03.651968.json;Figure 4: Regularization of cortical folding measures. (A) Resampling of the native FreeSurfer midthickness surface to a standardized 164k-vertex mesh. (B) Surface-based smoothing of the midthickness geometry. (C) Smoothing of curvature measures, illustrated here with the maximum principal curvature.;;;;1;;;Diagram
358;10.1101_2024.11.20.624446.json;Figure S2 fMRI Paradigm and Stimuli.;;;;1;;;Diagram
359;10.1101_2025.03.09.641748.json;Figure 4: In vitro Inhibition Data ( A ) Schematic for the reaction of cPLA2 on membrane phospholipid to release AA. The released AA is converted to PGE2 by COX enzymes. ( B ) Preliminary cPLA2 in vitro activity screens of the first and third generation of small molecules. Each square is the cPLA2 in the presence of inhibitor relative to control (no inhibitor). ( C ) Progression of iterative structure optimization id tro he on;;1;;1;;;Plot+Diagram
360;10.1101_2025.02.13.638127.json;"Figure 6. Glycoside hydrolase (GH) carbohydrate-active enzymes (CAZymes) involved in mucin degradation that are seasonally enriched in Late Winter compared with Summer squirrels. Displayed counts represent DESeq2-normalized counts that were Hellinger-transformed. Darker colors indicate higher counts and lighter colors indicate lower counts. T-test results: GH20 P=0.0043; GH33 P<0.0001; GH84 P=0.0048; GH85 P=0.0027; GH109 P=0.0051. N=6 for Summer, N=5 for Later Winter.";;1;;;;;Plot
365;10.1101_2025.06.13.659272.json;Fig 6 (A-H) Characterization of TNBC derived stem-like cells. Immunofluorescence imaging of TNBC stem-like cells (AF) Tumorspheres indicate presence of stemness markers SOX2, OCT4 and EpCAM. DAPI is used as a nuclear stain. SOX2 is tagged with FITC dye and thus emits green fluorescence, OCT4 is indicated in red (AlexaFluor 647) and EpCAM is marked by yellow dye (PE). Scale bar is 10um. Expression levels of stemness marker genes SOX2, ALDH1 and ABCG2 in TNBC and Cancer stem-like cells (CLSC) by qRT-PCR (G) Representative immunoblot showing expression levels of SOX2 in TNBC tumorspheres and cancer cells. GAPDH was used as positive control (H) -in. M nd on;;1;1;;;;Plot+Photo
367;10.1101_2025.08.26.672515.json;S1 Fig. Dissociation and amplification curves for validation and specificity of the primers synthesized for qPCR. (A). IL1β, (B) TNF α, (C) IL-10.;;1;;;;;Plot
368;10.1101_2025.03.06.641943.json;Figure 3. Membrane association does not trigger the activation of Arr2. A. Schematic illustrating how the DEER distance change corresponds to the relative position between the Arr2 C-terminus and N-domain. The inset shows the positions of the A12C and A392C pair on Arr2 (PDB entry 1G4M), with the C  atoms shown as yellow spheres. B, C. DEER distance distribution of Arr2-12/392 in the absence or the presence of p-Rho* ( B ) or the POPC, POPS, POPG, and PI(4,5)P2 nanodiscs (ND) ( C ).;;1;;1;;;Plot+Diagram
369;10.1101_2023.09.05.556329.json;Figure 4: Scd6 forms puncta upon oxidative stress. (a) Live cell imaging of WT cells transformed with PRS316 Scd6GFP plasmid in untreated, 4mM H2O2 treated and Recovery conditions (b) Quantification for the Scd6GFP puncta formation in (a), (c) Live cell imaging for the localization of Scd6 upon 4mM H 2 O2 and CHX treatment (d) Quantification for Scd6GFP puncta formation showing upon 4mM H 2 O2 and CHX treatment '*' represents the significance which was calculated using two-tailed paired t-test (n=3).;;1;1;;;;Plot+Photo
370;10.1101_2025.09.29.679248.json;"Figure 5 ) Histograms for two situations and corresponding baselines. Here and in the following: when a diagram is labeled ""Object"" (panels A,C) it represents the gazes at that particular object that is being manipulated during this episode and similarly for 'Destination' (see next Figure) of where that object wa s put down. Histograms are calculated to represent the number of fixations onto object or destination over all participants and all objects/destinations, where the ordinate is normalized by the number of episodes analyzed (see Method section). On the right side, a schematic shows the table configuration looks like at the given moment in time and also what happens for Leader and Follower (touching an object, untouching the object after placing it at a new destination). Hence, panel (A) left side shows the situation where the Leader touches an object (pictogram of the small red disk) and the histogram(s) show the start of the Leader's hand movement (black) and as indicated by the eye pictogram -the statistics of the Leader's gazes at this object (blue). Diagrams are labeled by different action -as well as inactivity -intervals (numbers and orange, green markers).";;1;;1;;;Plot+Diagram
371;10.1101_2025.06.05.658010.json;Figure 5. Model Performance Comparison between Hybrid Model, ADMET 3.0, and SwissADME across two key metrics: AUC and AUPR for CYP3A4 and CYP1A2 isoforms.;;1;;;;;Plot
372;10.1101_2025.01.17.633623.json;"Figure S2: Supporting information for Figure 2. A) Amplitudes reported by DryR for each gene class) * p<0.05, ** p<0.01, Kruskal-Wallis test (Uncorrected Dunn's-test). B) KEGG Pathway Enrichment Analysis (DAVID) for indicated gene classes. C) Expression of indicated genes in skeletal (gastrocnemius) muscle isolated from WT and hepatocyte specific Bmal1 KO (Bmal1 hep-/) mice (n=3 male mice per genotype per timepoint), FPKM; Fragments Per Kilobase of transcript per Million mapped reads, ZT; zeitgeber time.";;1;;;;;Plot
374;10.1101_2023.07.21.550102.json;"Fig. 2 : Behavioral effects of affordance during value learning and decision making. Upper-row plots show results from the behavioral study while the lower-row plots are from the fMRI study. (a and f). RTs were faster when the response was compatible with the affordance compared to when it was incompatible (pairedt tests; t (18) = 3 . 62 for the behavioral, t (29) = 4 . 68 for the fMRI experiment). RTs for each trial were averaged for each participant and trial types and the dots represent individual participants. (b an g) Initial responses to objects were significantly biased toward affordance-compatible actions. ( t tests; t (18) = 2 . 62 for the behavioral, t (29) = 4 . 48 for the fMRI experiment). Dots represent the average frequencies for each participant and the red line is the chance level 1/3. (c and h) Correlations between the RT effect and the frequency of choosing affordance-compatible actions. (Pearson r ) Dots represent each participant. (d and i) Learning curves averaged across blocks by experimental conditions. The star annotation presents the statistical significance of those difference between congruent and incongruent conditions in each trial (permutation tests; 5000 iterations each; *: p < 0 . 05 Bonferroni corrected) (e and j) Learning slopes averaged across blocks can be analyzed as a function of the number of rewarded trials. The gray lines in D,I,E and J show the choice accuracy difference between congruent and incongruent conditions. All the errorbar shows 95% interval of estimated statistics.";;1;;;;;Plot
375;10.1101_2025.10.06.680657.json;Figure 2: Force-time curves for (a,c) vimentin and (b,d) actin networks obtained from AMR experiments (protocol 1). (a,b) Individual measurements for a maximum displacement s max of 5 µ m at a velocity ˙ s of 5 µ m/s. Each curve stems from a different bead within the same network. In (b) the inset shows zoomed versions of the same data for better visibility. (c,d) Average force-time curves for different displacements s max and velocities ˙ s (see legend for color code and SM, Fig. S3 for the corresponding individual measurements).;;1;;;;;Plot
376;10.1101_2024.10.29.620954.json;Fig S1 - The number of pathways within each hierarchy level.;;1;;;;;Plot
378;10.1101_2024.12.03.626557.json;"Figure 1. The crawling motor pattern. A. Schematic description of a leech crawling step that results from coordinated waves of elongation (i-ii) and contraction (iii-iv) phases, anchored on front and rear suckers. B. Intracellular recording of CV and extracellular recording of DE-3 (in DP nerve) motoneurons during a dopamine-induced crawling episode in an isolated midbody ganglion. Recording diagram on the left. C. Putative neuronal circuitry underlying crawling and the recurrent inhibitory circuit in a midbody ganglion. Units C and E correspond to contraction and elongation units of the segmental oscillator, respectively. DE-3 and CV are examples of motoneurons involved in each phase. NS neuron is connected to DE-3 and CV (Rela and Szczupak, 2003; Rodriguez et al., 2009) through chemical and electrical synapses; the + and - symbols indicate the polarity at which the rectifying synapse conducts.";;;;1;;;Diagram
380;10.1101_2024.04.02.587830.json;Figure 6. Malate signaling is mediated by on G-proteins.;;1;;;;;Plot
382;10.1101_2025.07.23.666348.json;"1472 Figure 9. Low resolution images of nuclear expression of VT019028-GAL4-DBD in 1473 combination with TRH-AD and AbdB-AD in Drosophila male and female adult nervous 1474 system relative to 5-HT and Tdc2. A-D) nuclear expression using HIS2A-GFP marker. 1475 A) male VT019028-GAL4-DBD / TRH-AD ; B) female VT019028-GAL4-DBD / TRH-AD ; C) 1476 male VT019028-GAL4-DBD / AbdB-AD ; B) female VT019028-GAL4-DBD / AbdB-AD . E1477 H) 5-HT expression. E) male VT019028-GAL4-DBD /TRH-AD; F) female VT0190281478";;;1;;;;Photo
383;10.1101_2025.07.05.663288.json;Figure 3: Visually evoked 5-Hz oscillations in V1 and their dynamic changes following treatment with 5-HT2AR agonist. a : Trial averaged V1 population membrane voltage activity (shading represents SEM) before ( i-ii ) and after ( iii-iv ) treatment of the 5-HT2AR agonist (TCB2 in this example). b : Time-resolved spectral analysis of the evoked oscillations shown in a-i . Time zero indicates onset of visual stimulus. c : Same as b after drug treatment ( a-iii ), showing an increase in both duration and amplitude of 5-Hz oscillations. d : Duration of oscillations before and after treatment comparing the mean across all experiments (indicated inside, *, p-value = 0.0144, paired t test) and individual trials (indicated outside, ***, p-value = 1.35e-06, Welch's t-test, nbefore = 109 and nafter = 189). Data based upon N = 7 experiments in 5 mice, symbol shape indicates individual mouse experiments. e : Same as d , for mean oscillatory power across all experiments (indicated inside, *, pvalue=0.0410, paired t test) and individual trials (indicated outside, ***, p-value=7.11e-04, Welch's t-test).;;1;;1;;;Plot+Diagram
385;10.1101_2025.08.29.672906.json;Fig. 6: Viral proteomic tree of streptococcal phages, including full-length prophages identified in this study. Tip nodes are annotated by shape and colour to indicate the species of the host bacterium, with S. suis shown in red circle, S. thermophilus in green circle, and other streptococcal species in additional shapes and colours. The inner ring indicates source of phages, including S. suis prophages identified in this study (red), S. suis prophages from other studies (black), and all other non-S. suis streptococcal phages from other studies (grey). The outer ring represents the lowest viral taxonomic classification, including the genus Vansinderenvirus (orange). Although most S. thermophilus phages (green circle tip node) from distinct clades, members of Vansinderenvirus cluster more closely with several S. suis phages (red circle tip nodes) than with other S. thermophilus phages, despite the relationship being relatively distant overall.;;;;1;;;Diagram
386;10.1101_2025.02.21.639456.json;"FIGURE 1. Summary of gene functional status in the focal taxa. Evolutionary relationships depicted using a composite phylogeny with branch lengths proportional to time (Dos Reis et al. 2012; Gibb et al. 2016; Hassanin et al. 2021; Foley et al. 2023; Heighton et al. 2023). Paintings by Carl Buell except giant armadillo, pygmy anteater and numbat (Michelle S. Fabros).";;;;1;;;Diagram
387;10.1101_2023.12.01.569683.json;Fig. 5 During infection, N-terminal acetylation of PA-X at any position is sufficient for host shutoff activity. HEK293T cells were transfected for 24 hours with empty vector, eGFP, and eGFP-tagged WT PA-X, or the following eGFP-tagged mutants: unmodified mutant PA-X EP (gray), NatB-modified PA-X E2D mutant (purple), NatA-modified mutant E2A (blue), or NatC-modified mutant E2M (yellow). Eight hours post-transfection, cells were mock infected or infected with WT PR8 or the PA-X deficient PR8 PA(AX) virus at an MOl of 1. RNA samples were collected 16 hrs post-infection (24 hrs post-transfection). mRNA levels of A) viral HA mRNA, B) endogenous G6PD mRNA, and C) the co-transfected luciferase reporter were measured by RT-qPCR and normalized to 18S rRNA. For B,C, Levels are plotted as change relative to vector transfected cells. For C, significance is calculated in comparison to the WT transfected conditions in each infection condition. (n>3) *p < 0.05 **p < 0.01 ***p < 0.001 ****p < 0.0001 Ordinary two-way ANOVA with uncorrected Fisher's LSD multiple comparison test compared to the wild-type PA-X in each infection condition.;;1;;;;;Plot
388;10.1101_2024.11.20.624446.json;Figure 3 Statistical map of mean T1 values in left BA 44 comparing COPD and HC groups using a right-tailed Wilcoxon rank-sum test.;;1;;;;;Plot
389;10.1101_2025.06.14.659486.json;Figure 3. Growth and morphology of colon tumor organoids: a) Brightfield images of colon tumor organoids in hydrogel droplets on day 3, 6, 8 and 12 (scale bar 250 µm). b) Size development analysis of colon tumor organoids over several days, with average size highlighted above (n organoids < 110). c) Brightfield images (scale bar 250 µm) and H&E staining (scale bar 100 µm) of organoids grown in domes (1:6 dilution) or droplets. d) mIF staining of organoids in hydrogel droplets and domes (1:6 dilution) on day 12 ( ECAD white, Ki67 red, SOX9 turquoise, CEACAM5 pink, scale bars 100 µm). e) Drug treatment of bioreactor grown tumor organoids. Dose-response curves to compounds FOLFOX (5-Fluorouracil,: Leucovorin:Oxaliplatin = 25:5:1, the concentration specified in the graph is based on 5-Fluorouracil), SN-38, Bortezomib, Capecitabine, quantified by fluorescence analysis of cell viability by live/dead staining (n samples = 3). Schematic was created with BioRender.com.;;1;1;1;;;Plot+Diagram+Photo
390;10.1101_2025.08.01.668053.json;606 A 607 608 609;;1;;;;;Plot
391;10.1101_2025.04.22.650000.json;Figure 2. Frequency dependency of induced collective pacemaker activity. In vitro monolayers of optogenetically modified NRVMs show that the transition from the stationary state (STA) towards the oscillatory state (OSC) is dependent on the frequency of excitatory waves passing through an illuminated area under a constant number of 4 pulses. (A) Four pulses at high frequency (200 𝑚𝑠 ) are not enough to induce the transition. (B) Four pulses at medium frequency (600 𝑚𝑠 ) are sufficient to induce the transition. (C) Four pulses at low frequency (1200 𝑚𝑠 ) fail once again in inducing the transition.;;;1;1;;;Diagram+Photo
392;10.1101_2025.04.29.651251.json;Figure 2. Loss of NF2 facilitates aggressive progression of acinar-derived human PDAC. A. Kaplan-Meier plots of TCGA PDAC patients (all 149 patients, 84 classical PDAC patients, 65 basal PDAC patients, respectively) separated by median NF2 expression level. B. Western blot of NF2 expression in KPT and KPTN organoids derived from 4 independent cultures. C. Representative images of xenograft tumors harvested from NSG mice transplanted with KPT and KPTN organoids derived from 4 independent cultures. The number of tumor formation/ transplantations was indicated in the figure. D. Quantification of tumor size. Data was analyzed by two-tailed Student's t test. Error bar represents standard deviation. *, **, *** indicate p-value < 0.05, 0.01, 0.001, respectively, compared with corresponding KPT counterparts. E. Representative HE and Alcian blue staining of tumor sections. Scale bar = 100 µm. Insert scale bar = 25 µm. F. Representative immunofluorescence staining of tumor sections. Cell nuclei was counter stained with DAPI. Scale bar = 50 µm. Arrows indicate invasive lesions.;;1;1;1;;;Plot+Diagram+Photo
393;10.1101_2025.04.22.650000.json;Figure 9. Collective pacemaker activity in a simplified in silico NRVM model. (A) Phase space trajectories of a point inside the illuminated region for different combinations of stimulus train period and number of pulses. A low stimulus frequency (2250𝑚𝑠 period) and a low number of 2 pulses, as well as a high stimulus frequency (540𝑚𝑠 period) with a high number of 8 pulses both result in no transition from the resting state to ectopic pacemaker activity, moving towards the stationary stable fixed point from outside and inside the stable limit cycle, respectively. However, when applying 3 pulses with a low frequency (2250𝑚𝑠 period ) or 2 pulses with a high frequency (540𝑚𝑠 period), ectopic pacemaker activity is induced and the stable limit cycle is approached from outside and inside, respectively. (B) Under illumination, long period stimulation (1000 𝑚𝑠 ) shows a repolarised state after pacing, while short period stimulation shows a depolarised state (500 𝑚𝑠 ). (C) 1 Evolution of the voltage variable as a result of high frequency voltage perturbations of high (blue trajectories) and low (green, orange and red) magnitudes. The dashed parts of graphs demonstrate the transient non-periodic parts of the trajectories, the solid lines show the periodic and stationary states. 2 Corresponding trajectories in the ( 𝑉 , 𝑥 𝑟 ) phase plane.;;1;;;;;Plot
395;10.1101_2025.04.09.648026.json;Figure S5 . Mice lacking both copies of Snca Enh+37 record more peripheral movement. (A) Bar chart showing center movement for 16-20 mice/genotype/treatment group. (B) Bar chart showing sex differences in peripheral movement of 8-10 mice/sex/genotype/treatment group. Error bars represent standard error (SE). Significance was determined using a two-way ANOVA and Tukey's Honestly Significant Difference (HSD) test with a 95% confidence interval. See Tables S18-S20 for ANOVA summary statistics. ▪ = p < 0.1, * = p < 0.05, ** = p < 0.01, *** = p < 0.001.;;1;;;;;Plot
396;10.1101_2025.07.08.663108.json;Figure 6. Fetal reversion drives inflammatory stress tolerance.;;1;1;1;;;Plot+Diagram+Photo
397;10.1101_2025.11.21.689680.json;Fig. 5 Matched and registered histological section and PBI-microCT plane. The histological slice was rigidly transformed to align with the extracted in silico plane by optimizing the mean square error, yielding an optimal spatial match. For better visual comparison, the colors of the histological section were digitally enhanced. Black pixels visible in the in silico plane result from rotation moving the plane partially outside the volume during the extraction process.;;;;1;;;Diagram
398;10.1101_2025.05.03.651968.json;Figure 5: Optimization of patch size for local nonlinear folding compensation of cortical thickness. (A) Example vertex-centered patches (6 mm FWHM) displayed on the midthickness and inflated surfaces of a representative individual from the HCP-YA cohort. (B) Patch size optimization using a golden-section search algorithm. The initial optimization targets the group-average cortical thickness map following global linear regression-based folding compensation. Final optimization uses the group-average map generated from local nonlinear regression-based folding compensation, initialized with the parameters from the first stage. Error bars represent the variability across the 10 tested individuals.;;1;1;;;;Plot+Photo
399;10.1101_2025.03.06.641943.json;Figure 5. Membrane Association of Arr2/3 is Regulated by Membrane-Tethered Phosphopeptides. A. Fluorescence spectra of Arr2 and Arr3 in the absence (black) or presence of the POPC (grey), POPG (orange) or PI(4,5)P2 (blue) nanodiscs, with and without ACKR3pp1, ACKR3pp2, ACKR3pp3 Or ACKR3p4. The fluorescence spectra in the presence of the POPS nanodiscs were similar to the POPG nanodiscs and are not shown. B. Cartoon modes illustrating distinct modes of Arr2 and Arr3 binding to the membrane in the presence of ACKR3pp1 and ACKRpp2.;;1;;1;;;Plot+Diagram
401;10.1101_2025.09.17.676819.json;Figure S2. Subcellular localisation of GFP-tagged TiLV proteins in mammalian and tilapia cells. (A) 293T and (B) OmB cells were transfected with plasmids expressing C-terminal GFP fusion constructs of TiLV segments 1-10 or an empty GFP vector (pEGFP-C1), or were mocktransfected. 48 h post-transfection, cells were fixed and stained with Hoechst dye to visualise nuclei. GFP (green) and Hoechst (blue) fluorescence images were acquired using a Zeiss LSM710 microscope. Images are single optical slices, representative of three independent experiments, each performed with a single technical replicate. Scale bars: 10 µm, n/d: not determined because of poor expression.;;;1;;;;Photo
402;10.1101_2025.05.03.651968.json;Figure 15: Effect size difference between uncompensated cortical thickness and foldingcompensated cortical thickness. Areas outlined in black indicate areas where the effect size of uncompensated cortical thickness exceeds that of folding-compensated cortical thickness.;;;1;;;;Photo
403;10.1101_2025.02.13.638127.json;Figure 1. Principal components analyses (PCA) for 13C-enriched metabolomes from 13-lined ground squirrel cecal contents (A), liver (B), and quadriceps muscle (C). Treatment groups include gut microbiota-intact and depleted groups from Summer (sum), early winter (EW), and late winter (LW) squirrels. PERMANOVA results for each tissue are presented next to its;;1;;;;;Plot
405;10.1101_2025.07.28.667162.json;Figure 1: common, local and distinct variation. Common variation 𝐶123 is shared between all datasets 𝑿 (1) , 𝑿 (2) and 𝑿 (3) . Local variation is shared between some of the datasets. Hence 𝐿12 is shared between 𝑿 (1) and 𝑿 (2) , but not 𝑿 (3) . Similarly, 𝐿13 is shared between 𝑿 (1) and 𝑿 (3) , but not 𝑿 (2) , and 𝐿23 is shared between 𝑿 (2) and 𝑿 (3) , but not 𝑿 (1) . Distinct variation is unique to one dataset: 𝐷1 for block 𝑿 (1) , 𝐷2 for block 𝑿 (2) , and 𝐷3 for block 𝑿 (3) . Together, they make up the Common, Local and Distinct (CLD) structure of the data.;;;;1;;;Diagram
406;10.1101_2024.06.14.599120.json;Figure 6. Rad51-ED is severely affected in binding to damaged DNA and Sister Chromatid Junction formation. A. rad51-KN and rad51-ED are defective in the accumulation of Sister Chromatid Junctions (SCJ), as determined by 2D gel analysis of X-shaped molecules in sgs1 ∆ (W303sgs1), sgs1 ∆ rad51-KN (W303sr305) and sgs1 ∆ rad51-ED (W303sr135) cells synchronized in G1 and released in the presence of 0.033% MMS. A schematic representation of the migration pattern of X-shaped (SCJs) and Y-shaped (replication intermediates) molecules, as well as the DNA content analysis of the different cultures along the time course, is shown on the left. The panel on the right shows the amounts of X-shaped molecules relative to the total amount of molecules at the indicated times. The highest value is set at 100, and the mean and SEM from four independent time courses are given. The area under the curve (AUC) is also plotted. Two and three asterisks indicate statistically significant differences according to a One-Anova (Bonferroni) test ( P < 0.001 and 0.0001, respectively). (B) Rad51 binding to replicative DNA lesions as determined by ChEC analysis of exponentially growing RAD51-MN id is );;;;1;;;Diagram
407;10.1101_2023.09.05.556329.json;Figure 6 : Scd6 binds CTT1 mRNA(a) Blot represents Input and PD for Scd6GST pull-down. The GST signal was detected using α GST antibody (b) Log2FC for CTT1 in the PD fraction showing the enrichment of CTT1 mRNA in the Scd6GST pull-down in untreated and 4mM H2 O 2 treated condition. '*' represents the statistical significance. It calculated using two-tailed unpaired t- test .;;1;;1;;;Plot+Diagram
409;10.1101_2025.05.01.651757.json;"Figure 1. Motor control declines gradually with age. (A) Experimental setups from four large-scale reaching datasets. (B) In a standard centerout reaching task, a visual target appears (pink circle), prompting participants to initiate a movement. The trial terminates when the visual cursor (black circle) crosses the target distance. Reaction time is defined as the delay from target onset to movement initiation; movement time as the time from movement onset to target crossing; movement angle as the angle of the hand at target crossing; and movement precision as the standard deviation of movement angle across trials. (C-E) Reaction time (C) , movement time (D) , and movement precision (E) all exhibit a gradual decline with age. To enhance cross-study comparability and visualization, we normalized each dependent variable by subtracting its study-specific mean";;1;;1;;;Plot+Diagram
410;10.1101_2023.07.25.550495.json;Fig. 1 General structure and information flow of RL-based spike generation.;;;;1;;;Diagram
411;10.1101_2025.07.08.660448.json;Supplemental Figure S11. The positive control sequence (seq1305) drives transcription in Jurkat cells (left), as well as K562 cells (right). Most of the activity is driven by the 3' end of the enhancer sequence.;;1;;;;;Plot
414;10.1101_2025.03.31.645993.json;Figure 1. (A) Distributions of wild giraffe populations based on IUCN red list lineage ranges [5,18]. (B) Inferred ancestry proportions for zoo giraffes based on a supervised ADMIXTURE analysis in which nine giraffe lineages in the wild are used as the reference panel. (C) A photo of Marius on the left. (D) Pedigree of Marius based on the studbook information.;;1;1;1;;;Plot+Diagram+Photo
417;10.1101_2025.07.05.663288.json;Figure 1: Spontaneous and stimulus-evoked 5-Hz oscillations are observed in V1 voltage fluctuations.;;1;1;1;;;Plot+Diagram+Photo
418;10.1101_2025.06.13.659272.json;Fig 9: PPI and RNA-protein association analysis using STRING. (A) Venn diagram shows intersection of 14 miRNA targets between hsa-miR-1180 and hsa-miR-4728. (B, C) RNA-protein Association and Interaction Networks (RAIN) were identified. (D) Interaction of miRNA targets. STRING diagram of target PPI of hsa-miR-1180 and hsa-miR-4728 target proteins indicate potential role of epigenetic modifiers of HATs (red nodes), TP53 regulation of metabolic pathways (Blue nodes) and PPAR /i2 regulated gene expression in breast cancer (Green nodes). Lines indicate interaction evidence. A re et ue;;;;1;;;Diagram
419;10.1101_2025.01.22.633938.json;Figure 3. Evaluation of candidate lipid nanoparticle (LNP) formulations for their transfection capabilities. ( A ) Schematic depicting stepwise selection of lipid nanoparticle (LNP) constituents for optimized delivery of mRNA to a human bronchial epithelial cell line (16HBE14o-) and workflow for synthesis of LNPs using a bifurcating toroidal microfluidic mixer and screening for LNP-mediated delivery of reporter mRNA constructs encoding green fluorescent protein (GFP) to 16HBE14o- cells. Optimized formulation includes 50 mol% IL-A, 38.5 mol% sterol-C, 10 mol% 1,2-dioleoyl-sn-glycero-3phosphoethanolamine (DOPE), and 1.5 mol%, LP-B. ( B ) Flow cytometry data depicting percentage GFPexpressing 16HBE14o- cells 24 h after treatment with LNPs containing different (left) ionizable lipids, (center) sterols, and (right) PEG-lipids. ( C ) Cell viability indicated by 7-AAD staining and measured by;;1;;1;;;Plot+Diagram
421;10.1101_2025.10.27.684901.json;Figure 8: Cosine Similarity Matrix with Distribution Across Different Models. (A) Cosine similarity matrix for DNABERT-S sorted by class. (B) Cosine similarity matrix for DNABERT-2 sorted by class. (C) Cosine similarity matrix for DNACSE sorted by class. (D) Intra-class vs inter-class similarity distribution for DNABERT-S. (E) Intra-class vs interclass similarity distribution for DNABERT-2. (F) Intra-class vs inter-class similarity distribution for DNACSE, with mean values indicating the average similarity within and between classes.;;1;;;;;Plot
422;10.1101_2024.10.30.620813.json;Figure 3. Distribution of misannotations across species. The species tree of six representative organisms is shown with the annotation of selenoprotein genes in Ensembl ( a ) and NCBI ( b ), color-coded by annotation/misannotation labels grouped by subfamily. Gene-level annotation classes are used (Figure 1), wherein 'Absent' (grey) means that a selenoprotein predicted by Selenoprofiles has no overlapping annotation in Ensembl/NCBI. Moreover, the yellow color is used to mark 'Missing' genes, i.e. expected in this genome based on lineage but not detected by Selenoprofiles. Also, red crosses mark those genes 'Filtered out' by Selenoprofiles lineage, i.e. unexpected genes. The names of selenoprotein families and subfamilies (columns) are denoted with abbreviations: 'S.' stands for SELENO, and 'T.' stands for TXNRD. Subfamilies with Cterminal Sec are highlighted in green. In the species tree, stars denote model organisms with well;;1;;1;;;Plot+Diagram
424;10.1101_2025.06.02.657373.json;Figure 4 . Effect of sux genes on EPS production and biofilm formation. A) Qualitative analysis of biofilm formation by inverted plates following the hanging droplet assay. Supplementary Figure 5 shows effects on glucose-supplemented media. B) Quantification of crystal violet from wildtype and ∆sux cells in NB media ± 30 mM sucrose supply. Boxes range from 25th to 75th percentiles, with median values shown as center lines and mean values as empty boxes with whiskers ± SEM. Significance between two groups was calculated using unpaired two-tailed Student`s t-test with 95 % confidence. C) Crystal violet staining of wildtype, ∆sux, and negative control (no cells) in NB media ± 30 mM sucrose supply.;;1;;1;;;Plot+Diagram
426;10.1101_2024.11.01.621525.json;Figure 4. Information transmission between cortical regions revealed by Granger causality analysis (n=15).;;1;;1;;;Plot+Diagram
427;10.1101_2025.08.22.671872.json;Supplemental Figure S4. Genome wide proportion of the quiescent state for ChromHMM models varying by the number of chromatin states generated from 4 states to 25 states. All three timepoints are shown for each number of states. The 'elbow point' occurs at state 11.;;1;;;;;Plot
428;10.1101_2025.02.26.640381.json;Figure 1 | Spatial multimodal processing workflow and integration using the MAGPIE framework . a , 403 Experimental workflow for spatial multi-omics profiling of rodent lung, consisting of agarose inflation of the lung 404 tissue to facilitate the preservation of tissue integrity, followed by snap-freezing and cryo-sectioning to create 405 consecutive sections, used for spatial transcriptomics and spatial metabolomics, respectively. b , MAGPIE 406 computational framework for co-registering same or consecutive section spatial transcriptomics (Visium) and 407 metabolomics (mass spectrometry imaging, MSI) data. The pipeline's inputs and outputs are in standardised Space 408 Ranger-tyle and tabular formats to ensure compatibility with other tools. Preprocessing the MSI data produces a 409 data-generated image used for landmark selection and subsequent image co-registration. The output from the 410 pipeline is the MSI data with updated coordinates aligned to the Visium data. c , To create a 1:1 mapping between 411 Visium spots and MSI pixels, MAGPIE expands Visium spot radii, such that there are no gaps between spots, and 412 then aggregates MSI pixels that fall within these spot boundaries. This results in matching observations between 413 modalities and a processed object which can then be read by analysis toolkits, including semla 26 . d , Overview of 414 downstream analysis options once the modalities are aligned into a matching coordinate system. Examples include 415 joint clustering, dimensionality reduction, linking transcriptomic and metabolic changes to histologic information, 416;;;;1;;;Diagram
429;10.1101_2025.09.29.679248.json;Figure 1. A) Objects used in the ACA game and their allowed configurations. B) Simple example of an action -counteraction pair (glass inverting). C) More complex compound action example.;;;;1;;;Diagram
430;10.1101_2025.09.26.678799.json;"Fig. 7 NMDA mediated spike-adding in the presence of Ca 2+ and Ca 2+ activated K + currents. (a) An example somatic membrane potential response to an AMPA and NMDA current input. The last action potential is identified with a red dot, and the time at which it occurs is delineated by a dashed red line. (b) The integral of dendritic Ca 2+ concentration ([ Ca d ]), and (c) dendritic K(Ca) current amplitude ( I K ( Ca ) ,d ) computed from the start of the input to the time of the last AP (red shading) and normalized by the difference of the input start time and the time of the last AP. (d) The number of APs elicited, (e) the amplitude of the ADP, and (f) the normalized integrals of [ Ca d ] and (g) I K ( Ca ) ,d with increasing NMDA conductance ( g NMDA ). The range of NMDA conductance corresponding to a decrease in the number of evoked APs despite the increase in NMDA conductance is highlighted in gray. For each range of NMDA conductance that consistently evokes the same number of APs in d, the slope of the ADP amplitude (h), normalized dendritic Ca 2+ (i) and dendritic K(Ca) current integral (j) with respect to NMDA conductance are computed. The gray region in h-j corresponds to the NMDA conductance range in gray in d-g. Example traces for g NMDA = 2.5 µ S/cm 2 (k), 6.5 µ S/cm 2 (l), 10 µ S/cm 2 (m) with schematic of the effects of NMDA current input of AP generation, positive feedback of Ca 2+ concentration ([Ca]) and negative feedback through K(Ca) current ( I K ( Ca ) ). The somatic membrane potential responses (top), dendritic Ca 2+ concentration ([ Ca d ]; middle) and the dendritic K(Ca) current ( I K ( Ca ) ; bottom) are shown below each schematic. The example in l is in the gray region in d-g and h-j and is thus also shaded gray.";;1;;;;;Plot
432;10.1101_2025.01.24.634819.json;Fig. 5. Contributions of cis and trans effects to the expression divergence between Km and Sc. (A) Schematic representation of cis and trans effects in expression divergence between Km and Sc. The expression differences between Sc and Km reflect a combination of cis and trans effects (cis+trans). The expression differences between alleles in the hybrid reflect cis effects. Trans effects are calculated by subtracting cis effects from cis+trans effects. (B) Clustered heatmap of genes with only significant cis effects ( cis only), only significant trans effects ( trans only), or a combination of significant cis and trans effects ( cis & trans ) in YPD. ( C) Proportion of genes showing cis only, trans only, cis & trans , compensatory ( cis and trans effects act in the opposite directions), and reinforcing ( cis and trans effects act in the same directions) effects in three conditions. Numbers indicate the proportion of cis only, trans only, and cis & trans category. (D) Genome-wide Pearson correlations between cis and trans effects across conditions. YPD (Y), TM (T), NaCl (N). (E) The number of genes with significant cis and trans effects among those showing the divergence of transcriptional response. (F) Proportion of genes exhibiting conserved and diverged regulation in YPD. For stress conditions, see Fig. S10 . (G) The magnitude of cis and trans effects between essential and dispensable genes, and between genes with or without paralogs in Sc. The magnitude was represented by the average of the absolute values of cis or trans effects under three conditions. Bars and whiskers represent mean;;1;;;;;Plot
433;10.1101_2025.09.29.679119.json;Fig. 2 Effects of flight, high vs. low intensity, on the use of nectar-derived nutrients in abdomen (left panel) and thorax (right panel) tissues of P. rapae females. The y-axis represents the estimated marginal means ± 95CI of the atom percent excess (APE 13 C (%)), with higher APE values indicating greater incorporation of nectar derived sucrose, non-essential amino acids (glycine and proline) and an essential amino acid (threonine).;;1;;;;;Plot
434;10.1101_2025.05.09.653141.json;Figure 3: DAAM, Dia and Ena localize to adherens junctions and/or ARAFs. (A) Dia in an ommatidium at 35 h APF, with boxed region at higher magnification in (B). (C) DAAM in a 35 h APF ommatidia, with boxed region in (D). (E) Dia and (G) DAAM in ommatidia;;;1;;;;Photo
435;10.1101_2025.09.03.674038.json;"Figure 2. α burstiness does not predict retrospective duration in VR (Exp. 3). (A) Participants were seated for 4 minutes in a small room (N=29; left panel) or a large room (N=28; right panel). The lamp turned green for 500 ms at the beginning and at the end of the interval. (B) Localization of α activity in the spectral domain. The topographic map shows the distribution of the t-values obtained when testing the integrated α power at each channel against the average of all channels. The white dots denote the cluster retained in all subsequent analyses. (C) Distribution of the rTEs in the small (N = 29; green) and large (N = 28; yellow) rooms. Each dot is a participant. No significant underestimation was found in either condition (standalone n.s. markers). No significant differences were found between experimental conditions, as assessed by a two-sample unpaired Wilcoxon test. (D) Pearson's correlation between the relative α burst times and the rTEs. The straight line is the regression line, and the shaded area is the 95% CI.";;1;;1;;;Plot+Diagram
437;10.1101_2025.11.19.689351.json;Figure 3. CX-5461 and BMH-21 synergistic combinations enhance Pol I inhibition. (A) Ethynyl uridine (EU) incorporation assay measuring nascent RNA synthesis. MCF-7 cells were treated for 3 hours prior to addition of EU. Examples of nucleoli are indicated with pink arrows. Representative images are shown. (B) Quantitation of nuclear EU signal in (A). Nuclear mean fluorescence intensity (MFI) of single cells were compared across treatments using Brown-Forsythe and Welch ANOVA tests and Dunnett's T3 multiple c omparisons test. At least 100 cells were analyzed for each treatment condition. (C) Western blot probing for the large catalytic subunit of Pol I (RPA194) as a measure of Pol I inhibition. MCF-7 cells were treated 24 hours prior to harvesting. A representative Western blot is shown. (D) Densitometry of (C). Bars represent the average of three biological replicates and error bars represent the standard deviation. Relative abundance was compared using RM one-way ANOVA with Dunnett's multiple comparisons test.;;1;1;;;;Plot+Photo
438;10.1101_2025.04.10.648182.json;830 831 832 833 834 835 836 837 838 839 840 841 842 843;;1;;;;;Plot
439;10.1101_2025.01.13.632248.json;Figure 1: Most enriched pathways from Gene Ontology (GO) analysis of the 120 significant differentially expressed proteins between treatment and control specimens.;;1;;;;;Plot
440;10.1101_2025.05.15.654300.json;Fig. S13. Yeast surface display binding for all pan-nitazene contenders measured for indicated ligands. pRMC079 - pRMC084 were screened against the indicated concentrations of butonitazene, isotonitazene, N-pyrrolidino isotonitazene, and benzylfentanyl. pRMC079 is PAN nita and pRMC082 is PAN nita.1 , which were selected as the top contenders due to their either low constitutive activity or high dynamic range.;;1;;;;;Plot
441;10.1101_2025.01.17.633518.json;Fig. 3. IBDV VP3 can exist as a homodimer with two C terminal dynamic IDRs extending from;;;;1;;;Diagram
443;10.1101_2024.10.25.620274.json;Figure S1: Establishing a panel of peptides that bind the c259 TCR with a range of affinities as measured by SPR at 37°C.;;1;;;;;Plot
444;10.1101_2025.09.11.675743.json;Figure 4. Relative changes in SYK phosphorylation in response to TREM2 agonists, measured by AlphaLISA. Histogram illustrating the relative levels of phosphorylated SYK (Tyr525/526) in HEK-hTREM2/DAP12 cells under control conditions and following treatment with candidate TREM2 agonists: T2K-014 , T2M-02 , T2M-03 , T2M-010 and T2M-016 at 25 µM for 1 hour. Additionally, cells were treated with the commercial TREM2 agonist VG3927 (25 µM, 1 h) as a reference compound. Phospho-SYK levels were quantified using the AlphaLISA SureFire Ultra assay and are expressed as a percentage relative to the control condition (vehicletreated cells). Data represent the mean ± SEM from five independent biological replicates. Statistical significance was assessed using Brown-Forsythe and Welch Anova test followed by Dunnett 's multiple comparison test (* p <0.05, ** p < 0.01).;;1;;;;;Plot
445;10.1101_2024.09.09.612073.json;Figure S2: A. Diagram of the feedforward model for barcode generation. Place inputs p ⃗ are passed through an expansion layer W h with a nonlinear activation function to get the hidden layer activity x h . A subsequent compression layer W o with a nonlinear activation function generates the final barcode activity x . B. As in Figure 2B but adding in red the results for the feddforward model as sparsity is varied. C. As in Figure 2GI, but for 16 randomly sampled units from the feedforward model.;;1;;1;;;Plot+Diagram
446;10.1101_2025.03.20.644192.json;Figure 1: The SidBait approach to discover protein targets of small molecules.;;1;;1;;;Plot+Diagram
447;10.1101_2025.06.13.659272.json;Fig 2 (a-d): Intersection of predicted target genes from selected miRNA pool of miR-4728-3p, miR-940, miR-1180, miR6803-5p and miR-1915-3p. (a-b): Indicates predicted target genes for differentially expressed miRNAs 4728-3p, 940, 1180, 6803-3p, and 1915-3p. Functional enrichment analysis for predicted target genes of the selected five miRNA. (c-d) -0, d);;1;;1;;;Plot+Diagram
449;10.1101_2025.08.15.670559.json;Figure 8 Low-dose rapamycin in vivo attenuates biomarkers of immune cell senescence and exhaustion Figure 8 Low-dose rapamycin in vivo attenuates biomarkers of immune cell senescence;;1;;;;;Plot
451;10.1101_2025.04.02.646756.json;Figure 1. Phylogenetic analysis of FDBRs. Detailed views are shown for phylogenetic analysis of PebA/PEBA proteins (top), PebB/PEBB proteins (middle), and PcyA/PCYA proteins (bottom). The full tree is presented in Figures S2-S3. Support was evaluated using the transfer bootstrap expectation value (TBE) with 100 bootstraps as described in the Methods. Experimentally characterized proteins are indicated in boldface . Proteins characterized in this study are highlighted ( Gs PEBA, Gs PEBB, and Cm PCYA).;;;;1;;;Diagram
452;10.1101_2025.05.07.652702.json;Figure 4. Marmoset component clustering and temporal relationships . (A) Hierarchical clustering dendrogram of the 12 functional marmoset components using squared Euclidean distance and Ward's linkage. Colors indicate functional clusters: multisensory (red), somatomotor (green), visual-default (turquoise), and subcortical-motor (purple). (B) Within-species correlation matrix showing pairwise temporal correlations (Pearson's r) between component timecourses. Components are ordered based on the sequence specified by the hierarchical clustering tree. Networks within the same functional group show strong positive correlations, while cross-cluster relationships are more variable, including anticorrelations between somatomotor and multisensory networks. Clusters identified through hierarchical clustering are highlighted on the matrices with colored squares, following the same color scheme presented in panel A. Red shades indicate positive correlations, while blue shades represent negative correlations. Only correlations with an absolute r value greater than 0.10 are displayed.;;1;;1;;;Plot+Diagram
453;10.1101_2025.09.12.675800.json;Figure 1. Experimental identification of homothallic and heterothallic strains in the S. cerevisiae Reference Assembly Panel (ScRAP, (17)). (A) Haploid selfing through mating type switching (i). During mating-type switching, the Ho endonuclease creates a double strand break in the MAT locus, which is repaired by gene conversion using the sequence of the repair cassette HMR or HML (ii), the grey circle represents the centromere. In homothallic strains, both the original strain and its monosporic isolates carry a MATa / MAT α genotype (iii) whereas in heterothallic strains, either the original strain or its monosporic isolates carry a single MATa or MAT α allele (iv). (B) Experimental screen and complementation assay performed in this study. (C) Results of the experimental screen. Monosporic isolates were classified as heterothallic if they carry a single MATa or MAT α allele, and homothallic if they carry both MATa and MAT α alleles. Original strains are classified as heterothallic if they or their derived monosporic isolates carried a single MATa or MAT α allele, and homothallic if they and their derived monosporic isolates carry both MATa and MAT α alleles. (D) Recovery of homothallism in heterothallic strains after their complementation with a functional HO gene. Color indicates unexpected results in the analysis of the HML and HMR repair cassette (absence, or the mutant HMLa allele).;;1;;1;;;Plot+Diagram
455;10.1101_2025.11.12.687812.json;Figure 3 Treatment with MMF suppresses morphological changes of BV2 cells;;1;1;1;;;Plot+Diagram+Photo
456;10.1101_2022.03.28.486070.json;Figure 3 - figure supplement 8 | Spatio-temporal GUS expression driven by PACE variants in L. japonicus roots during the bacterial infection process. L . japonicus WT roots were transformed with T-DNAs carrying a Ubq10 pro :NLS-GFP transformation marker together with a GUS reporter gene driven by either of the PACE variants from nodulating FaFaCuRo species fused to the LjNIN minimal promoter ( NINmin pro ). For species abbreviations and experimental details see Figure 1 - figure supplement 5A and Figure 2 - figure supplement 1 , respectively. Note the overlapping bacterial invasion zone and PACE:NINmin pro :GUS expression in early infection stages (red and blue arrowheads in ( A - C )). Red arrowheads: M. loti Ds Red. Blue arrowheads: GUS activity in nodule primordia. Only pictures taken under white light illumination (WLI) are displayed for nodules in panel VI to reveal the pink colour of leghemoglobin, characteristic for mature and fully infected nodules. Note that like LjPACE , the PACE variants-driven GUS expressions were absent at this stage (panel IV in ( A - C ) and panel IV in Figure 2 - figure supplement 1D ). ( D ) Quantification of transgenic root systems exhibiting GUS expression in different cell types and tissues exemplarily displayed in ( A - C ). n.d.: not determined. Bars, 250 μm.;;;1;;;;Photo
457;10.1101_2025.04.02.646756.json;Figure 4 Investigation of the activity of recombinant Cm PCYA and identification of reaction products. 414 (A) Spectra of an anaerobic bilin reductase activity assay using recombinant Cm PCYA and BV as the substrate. 415 The total reaction time was 10 minutes, with spectra recorded at 30 s intervals. For ease of understanding, only the 416 most relevant spectra are displayed. The arrows indicate the progression of absorbance during the reaction. The 417 green spectrum corresponds to the 'binding spectrum', recorded upon incubation of BV with Cm PCYA. The dashed 418 line represents the first spectrum recorded after initiating the reaction via the addition of the NrS. The spectra 419 recorded during the reaction are shown as solid black lines, while the final spectrum is colored in red. A 10-points 420 Savitzky-Golay filter was applied to smooth the curves. 421;;1;;;;;Plot
459;10.1101_2025.09.04.674184.json;Figure 5. Relative abundance of lipid species containing and DHA in neurons of LC, Me5 and SNc. Calculation carried out by adding the relative intensities of all the spe containing the mentioned fatty acids. ing AA on was species;;1;;;;;Plot
462;10.1101_2025.05.08.652968.json;"Figure 1: CLC structure overview. ( a ) Side view of CLC-ec1 (pdb 1OTS). The Cl -and H + permeation pathways are indicated by green and blue arrows, respectively. Bound Cl -is shown as a green sphere. Key glutamate residues E gate and Glu in are shown space filled. E gate physically gates the Cl -permeation pathway and serves as a conduit for H + ; Glu in lines the intracellular portion of the H + permeation pathway. ( b ) Cartoon depictions of the Cl -pathway, showing the conformations of E gate in highresolution structures: 'middle' (CLC-ec1 19 ), 'up' (CLC-ec1 23 , CLC-7 92 ), 'out' (CLCec1 24,25 , CLC-1 93 ), and 'down' (cmCLC 94 , CLC-2 95 ).";;;;1;;;Diagram
463;10.1101_2025.03.07.642120.json;Figure 2 : Left) VRC01 modeled with gp120 core and 48d loop mutants (box). Right) Expansion of the box in the left panel showing K126C and loop extension mutants predicted by AlphaFold2. Cysteines shown in the figure are underlined.;;;;1;;;Diagram
464;10.1101_2025.03.07.642120.json;Figure 11: Representation of immune synapse between the divalent immunogen and a VRC01-class BCR vs. a non-VRC01-class BCR.;;;;1;;;Diagram
467;10.1101_2025.08.01.668053.json;Fig.1 | Survival of E. coli (UMB1180) in either mMP-AU or M9 salts . Two technical replicates were conducted for each condition, with each replicate averaging two biological replicates. The yaxis displays logarithmic value of CFU/mL of E. coli, and the x-axis represents time in days, standard deviation is displayed for each point. These results suggest that both salt bases similarly support limited survival of urobiome species.;;1;;;;;Plot
468;10.1101_2025.03.22.644466.json;Figure 6. System setup and the timing diagrams for data acquisition and visual stimulation. (A) A spectral-domain point-scan OCT system (red path) was integrated with a visual stimulation channel (green path). L1-L6: doublet lenses. CL: condenser lens. GS: galvo scanner. M: mirror. (B) Protocol I: a 5-ms flash was delivered 1 s after the start of the OCT recording. (C) Protocol II: multiple 5-ms flashes were delivered at time points of 0, 10 ms, ..., 10(n-1) ms, where n is the total number of flashes. (D) Protocol III: five epochs, each consisting of a 15-s recording, were captured consecutively. A 5-ms visual stimulus was delivered 1 s after the start of each epoch.;;;;1;;;Diagram
470;10.1101_2023.09.27.556556.json;Fig 1. PretroDNA, protein-binding small DNA in situ generated by engineered retrons. ( A ) Bacterial retrons are composed of msr-msd and RT genes. Msr-msd is transcribed into a noncoding template RNA with characteristic structures. The long hairpin domain of template RNA, encoded in msd , is converted to retron-DNA by reverse transcriptase and RNase H. The final product is a DNA/RNA/protein complex, in which the noncoding RNA is covalently linked to retron-DNA via a 2',5'-phosphodiester linkage, and RT remains bound to retron-DNA even after reverse transcription is complete. ( B ) Engineered retrons with reprogrammed msd can generate pretroDNA encoding specific protein-binding sequences in their fully double-stranded hairpin domain. The copynumber of intracellular pretroDNA can adjusted by regulating its expression using stimulus-inducible promoters. ( C ) The activity of TF-based gene networks can be dynamically fine-tuned by regulating the expression of pretroDNA encoding TF-binding 'operator' sequences. These pretroDNA decoys occupy DNA-binding domain of the TF, thus prevent the TF from binding to the operator sites in the promoter region. Rewiring pretroDNA expression with the target TF-responsive promoter constitutes automated feedback loops that exhibit noncanonical dynamic responses. ( D ) Allosteric TFs (aTFs) sense specific signals and undergo conformational changes that lead to association/dissociation transition with their partner DNA. aTF/pretroDNA pair is a new class of signal-responsive molecular 'bait and prey'. Dynamic, rapid, and post-translational modulation of protein subcellular localization is achieved by gene fusion of aTF and RT to an arbitrary localized protein and proteinof-interest (POI), respectively.;;;;1;;;Diagram
471;10.1101_2025.08.01.668053.json;"Supplementary Figure 2 | Effect of nutrient supplementation on Lactobacillus jensenii growth. Growth curves of L. jensenii (UMB8651) cultured in mMP-AU supplemented with carbon sources, amino acid sources, vitamins, or their combinations. Optical density at 600 nm (OD600) is shown on the y-axis; time (hours) on the x-axis";;1;;;;;Plot
472;10.1101_2025.05.06.652397.json;"Figure 7: The effect of chronic administration of propranolol (21 days) on (a) immobility in the FST (** p < 0.01), (b) pain-related aversion (PEAP Day 2 post surgery; *P<0.05) (c) time in the centre zone of the OFT (Day 4 post surgery, *P<0.05 **P<0.01), (d) paw withdrawal threshold (von Frey) and (e) paw withdrawal latency (Hargreaves test). ++ p <0.01, +++ p <0.001 no RRS + paw incision + veh vs RRS + paw incision + veh, * p < 0.05, ** p < 0.01, *** p < 0.001 RRS + paw incision + veh vs RRS + paw incision + propranolol. n= 5-8 per group.";;1;;;;;Plot
474;10.1101_2025.10.06.680657.json;"Figure 1: Experimental setup. (a) Schematic view of the AMR experiment for probing the filament networks using optical tweezers. Top: undisturbed bead; bottom: displaced bead relative to the network. (b) Example data from the AMR experiment showing the stage position s (gray) and the measured force F (red); the dark-shaded and light-shaded areas correspond to the extension and relaxation phases, respectively. (c) Sketch of the bead (diameter a = 2 µ m) within the network (mesh size ξ ∼ 450 nm).";;;;1;;;Diagram
475;10.1101_2025.04.29.651153.json;"Figure 3: NNMT upregulation induces a stem-like phenotype in CRPC. (A) Volcano plot of log2 of the fold change (FC) of the protein expression, versus -log10 of the p-value (p-val) calculated for four independent biological replicates. The threshold was defined as -log10(p-val) above 1.3, with log2FC respectively above 1.7 of fold change for upregulated proteins, and 0.6 of fold change for downregulated proteins. Dots colored in brown and in blue represent respectively the down and up-regulated proteins in PC3 shYAP. ( B -C ) NNMT expression changes across CRPC subtypes and PDX samples stratified according to exposure to androgen deprivation therapy (ADT) exposure. ( D ) NNMT mRNA levels in PDX samples classified as ""CRPC-SCL"" based on the signature defined by Tang et al. 4 , compared to naive tumors. ( E ) UMAP analysis of PDX samples integrated in CRPC subtypes dataset. Data were batch corrected after integration ( F ) Violin plots displaying EMT scores for naive and CRPC PDX samples, calculated using the 76GS scoring method. Wilcoxon rank-sum test was used to calculate statistical significance across CRPC types.";;1;;;;;Plot
476;10.1101_2025.03.23.644588.json;Figure 9: Intracortical veins visualized across different cortical depths in vivo. (A) Middle gray matter surface (mid-thickness) shown from a lateral, angled posterior perspective. (B-D) Geometric cortical layers at 25% (deep), 50% (middle), and 75% (superficial) of the local cortical thickness within the zoomed-in region from Panel A, all displaying 1/T2 * -weighted contrast. (E) Schematic is redrawn from Duvernoy and Vannson (1999) Figure 248, and rearranged to highlight only intracortical veins. By tracking the appearance and disappearance of bright dots-indicative of intracortical veins-across cortical depths, we attribute these vessels to class 3, 4, and 5 intracortical veins.;;;1;;;;Photo
478;10.1101_2025.02.21.639456.json;FIGURE 2. Pseudogene dating estimates for pangolins and DNA sequence alignments for representative genes. Average dates are mapped on a timetree based on divergence times from Heighton et al. (2023). Also included are relevant fossil taxa, indicated by black circles and daggers (see Discussion). * indicates minimum date of inactivation based on distribution of inactivating mutations. These genes were not dated using dN/dS due to violated assumptions. Paintings by Carl Buell.;;;;1;;;Diagram
479;10.1101_2024.02.13.580203.json;Fig. 3 cyp19a1b deficiency impairs behaviorally relevant signaling pathways downstream of ARs.;;1;;;;;Plot
481;10.1101_2024.12.11.627930.json;Figure S6. Genomic results for Cross 1. Top three plots: Mean traits (FRE, MRE, rMA) across the genome. Thick red, blue and black lines indicate mean trait values for homozygotes inherited from either Control (blue) or X-only populations (red) or heterozygotes. The horizontal, dashed line indicates mean trait values for all individuals. Vertical dashed lines indicate the location of QTL, shaded areas indicate the Bayesian credible intervals for QTL. Plot 4: p -value of χ²-test for segregation distortion. The red line indicates the significance threshold ( p < 0.05 ) after Bonferroni correction. Bottom plot: recombination maps inferred from RADseq data. Shaded red and blue bars in the background indicate genomic windows enriched for the two most common centromeric repeats.;;1;;;;;Plot
482;10.1101_2025.04.23.650164.json;"Figure 4. Measurements of syncytia formation show greater dose-dependent effects of K5 compounds than heparin. (A) Representative images of syncytia formation assay in VeroE6 cells upon treatment (350 µM) with K5 compounds. Scale bar: 50 µm. (B) Number of nuclei involved in syncytia formation is higher in Wuhan-Hu-1 spike-positive cells than in Omicron BA.1 spike-positive cells. (C) Effect of K5 compounds on syncytia formation induced by Wuhan-Hu-1 spike. (D) Effect of K5 compounds on syncytia formation induced by Omicron BA.1 spike. Only spike-positive cells were quantified. Data of four (Wuhan-Hu-1) and three (Omicron BA.1) independent experiments. Values are mean with SD. P values determined by Welch's t-test: * P < 0.05; ** P< 0.005.";;1;1;;;;Plot+Photo
483;10.1101_2025.03.21.644484.json;Figure 3. Effect of temperature ( A ), metal ion ( B ), and PolyP concentration ( C ) on MAN catalysis. Unless otherwise indicated, reactions were performed at 37 °C and contained 4 mM AMP, 65 mM phosphate units of PolyP-60, and 10 mM Mn 2+ . Plotted values are the average of 4 independent runs. Error bars are standard deviations.;;1;;;;;Plot
486;10.1101_2024.03.22.585864.json;"Figure 4: Regulatory maintenance associates with changes of enhancer repertoires. A. H3K27ac ChIP-seq profiles at the Shox2 locus (mm39: chr3:66,190,000-67,290,000) of FACS sorted maintaining (dmCherry+/EYFP+) cells across E10.5, E11.5, E12.5, and E13.5 forelimbs. Putative enhancers are shown by color-coded lines: green for early, light blue for common, and purple for late enhancers, as detailed in Supplementary Table S4 . The light gray box next to the Shox2 gene is the Rsrc1 gene. B. Schematic representation of the pattern displayed by enhancers previously validated through in vivo LacZ reporter assays (Abassah-Oppong et al., 2023; Osterwalder et al., 2018).";;1;;1;;;Plot+Diagram
487;10.1101_2025.06.02.657265.json;Figure 5: Violin plots showing the distribution of the (a) diffusion constant for eye motion, D EM and (b) α for eye motion, α EM as a function of the Gains from Experiments 1 and 2. Background conditions are indicated by labels at the bottom of the graph. The violins outlined in blue (including the yellow-filled violin which labels the world-fixed stimulus) indicate the Gains where the stimulus' motion across the retina is in a direction that is directly opposite to eye motion. The violins outlined in green indicate the Gains where the stimulus' motion across the retina is in the same direction as eye motion. Within each violin, the central white circles represent the median and the dark gray bars represent the interquartile range. The surrounding intervals are the density traces. Each black point represents one subject and is the (a) average D EM and (b) average α EM across their trials for each Gain. The asterisk indicates statistical significance ( P < 0.05) from a post hoc Tukey-Kramer test following a two-factor repeated-measures ANOVA.;;;;1;;;Diagram
488;10.1101_2024.03.13.584141.json;Fig.3 Dissociating two neural pathways for the perception of geometric shape. (A) fMRI intruder task. Participants indicated the location of a deviant shape via button clicks (left or right). Deviants were generated by moving a corner by a fixed amount in four different directions. (B) Performance inside the fMRI: both populations tested displayed an increasing error rate with geometric shape complexity, which significantly correlates with previous data collected online. (C) Whole brain correlation of the BOLD signal with geometric regularity in adults, as measured by the error rate in a previous online intruder detection task ( 7 ). Positive correlations are shown in red and negative ones in blue. Voxel threshold p<.001, cluster-corrected by permutation at p<.05. Side panels show the activation in two significant ROIs whose coordinates were identified in adults and where the correlation was also found in children (one-tailed test, corrected for the number of ROIs tested this way). (D) Whole-brain searchlight-based RSA analysis in adults (same statistical thresholds). Colors indicate the model which elicited the cluster: purple for CNN encoding, orange for the geometric feature model, green for their overlap.;;1;1;1;;;Plot+Diagram+Photo
489;10.1101_2025.01.22.633938.json;Figure 5. Evaluation of optimized lipid nanoparticles (LNPs) for linear double-stranded DNA (ldsDNA). ( A ) Schematic comparing lipid nanoparticles (LNPs) packaged with mRNA encoding Cas9 (Cas9-mRNA) together with a single-guide RNA;;1;1;1;;;Plot+Diagram+Photo
490;10.1101_2025.08.12.669914.json;Fig 1 Imaging pipeline using a three-photon fluorescent microscope. (a) Schematic of the three-photon excitation imaging system with a pulse width of 65 fs. The system uses a Satsuma 40 W fiber laser and Mango SP optical parametric amplifier as the excitation sources. Key components include mirrors (M1-M15), a prism pulse compressor (P1-P2), a half-wave plate, a beam splitter, a beam expander, a shutter, a dichroic mirror (DM), scan and tube lenses, and an objective lens. The fluorescence signal is collected using a photomultiplier tube (PMT). ( Lower left ) Measured pulse width shown in blue with sech 2 fit (pulse width 65 fs) shown in red. (b) Intensity profile in the lateral (orange) and axial (blue) distance of 200-nm fluorescent beads (n=5). (c) Cranial window preparation and imaging locations: Diagram and bright-field image of a mouse brain with a cranial window. Imaging area (ML: 2.25 mm, AP: -3 mm) is marked. Scale bar: 1 mm. (d) Imaging procedure and objectives: Bright-field and three-photon fluorescent images are acquired using 10x and 25x objectives to create vascular maps. Scale bars: 200 µm.;;1;1;1;;;Plot+Diagram+Photo
491;10.1101_2023.10.13.562297.json;Figure 4: Allele frequencies for each of the ERE subfamilies with rare loci removed (less than 0.1 AF).;;1;;;;;Plot
492;10.1101_2025.09.24.678327.json;Fig. 5: Chromosomal collinearity and Nigon element distribution in Pratylenchus vulnus and related nematodes. A. Chromosomal collinearity between P. vulnus and Meloidogyne graminicola . Colored ribbons link orthologous genes, with colors corresponding to their P . vulnus chromosome of origin. B. Distribution of Nigon elements across chromosomes in Panagrellus sp. LJ2284. Most autosomes are dominated by a single Nigon element, while the X chromosome contains a mosaic of three. C. Syntenic relationships between the X chromosome of Panagrellus sp. JU765 and chromosomes 3 and 4 of Bursaphelenchus xylophilus . D. Distribution of Nigon elements across P. vulnus chromosomes. Each bar represents a genomic window and is color-coded by Nigon element identity. Regions without detectable Nigon assignment are highlighted with dashed purple boxes.;;1;;;;;Plot
495;10.1101_2025.06.02.657265.json;Figure A1.6: Experiment 2: The magnitude of stimulus delivery error for each Gain from five subjects. The blue regions indicate the Gains where the stimulus' motion across the retina is in a direction that is directly opposite to eye motion. The green region indicates the Gains where the stimulus' motion across the retina is in the same direction as eye motion. Experiments were tested under three background conditions: The patterns extended over the full 17 ◦ field of view ( Left ), or surrounded a 2 ◦ -diameter white circular opening ( Middle ), or surrounded a 9 ◦ -diameter white circular opening ( Right ). Background conditions are indicated by labels on the top row. For each trial, we computed the the distances in x and y between the ideal retina-contingent stimulus motion trace and the measured retina-contingent stimulus motion trace. The red points indicate the standard deviation of error from one trial - this is the standard deviation across the distances in x and y from all frames from all videos within a single trial. The black points indicate the average standard deviation of error across all trials, with SE of the mean bars.;;1;;;;;Plot
496;10.1101_2025.09.25.678503.json;"Figure 1: The response characteristics of the pNarsenic biosensor can be tuned by supplementing the flavonoid naringenin. (A) Plasmid map of pNarsenic with close-up of the most important features. Expression of arsR is induced by naringenin and repression of P arsOC2 by ArsR is relieved by arsenic, leading to mKate2 expression. (B) Dose-response curves of the pNarsenic biosensor in the presence of 0, 3, 6.5, 10, or 25 mg/L naringenin. The x-axis scale is linear between 0 µ M and 0.1 µ M and logarithmic between 0.1 µ M and 500 µ M. Error bars signify mean ± standard error across three replicates, except for 0 mg/L naringenin where n = 4. Refer to Figure S1 to view the response curves separately, along with their best-fit Hill functions. (C-E) Bar plots showing the basal output b , dynamic range µ and threshold θ for the response curves in panel B. Error bars signify the 95% confidence intervals after nonlinear regression; note that these are not available for the dynamic ranges as they were computed from equation (3). (G) The operational ranges of the response curves shown in panel B as computed through equation (4).";;1;;1;;;Plot+Diagram
498;10.1101_2024.07.26.605262.json;Figure 5. Phase-amplitude coupling of slow oscillation and sleep spindles. (A) Preferred phase in radians (and mean length of the resultant vector) of the slow oscillation at the peak power of sleep spindles, detected at scalp derivation C4, for the IMMO (purple) and CTRL (pink) groups during NREM2 sleep when considering the first 20 minutes (left) and the whole night (right). Probability density plots of phases (histograms) are also provided. (B) Top. Representation of the mean preferred phase and the circular standard deviation of the SO-spindle coupling for the IMMO and CTRL groups on a simulated slow oscillation. Bottom. Peak-locked sleep spindle group average across all concomitant events during the first 20 minutes of NREM2 sleep, with the bandpass-filtered SO trace (in gray) superimposed to highlight the SO-spindle coupling in both the IMMO (left) and CTRL (right) groups. (C) Time-frequency maps (in dB) in the 10-20 Hz frequency range of all concomitant events detected at scalp derivation C4 during all NREM2 epochs over the whole night, using epoch windows ranging from -1 to +2.5 sec around slow oscillation onset. Time-frequency maps were displayed with the average bandpass-filtered SO trace superimposed to illustrate the high synchronization between sleep spindle power and slow oscillation phase in the IMMO (top) and CTRL (bottom) groups. ** p < 0.01;;1;;1;;;Plot+Diagram
499;10.1101_2025.01.16.633379.json;Figure 2: Capillary chamber can be used to generate a distribution of pH profiles. (a) Representative images of a capillary experiment. The capillary contains an agarose gel with HCl on one end, while the rest of the capillary is filled with a coacervate solution in water at pH 10. Both acid and coacervate solutions contain 0.2 mg/mL of Xylenol Blue, a pH indicator enabling spatiotemporal visualization of the pH. The total macromolecular concentration of the enzyme and DEAE-dextran is 1 mg/mL, and the mass fraction of glucose oxidase is 0.76. (b) Microscopy images of vacuole formation in a representative droplet over time as the pH decreases. Scale bar is 10 /mu m (c) (left) The instantaneous pH of a single droplet can be monitored over time by analyzing the pixel color (Supplemental Note 2). The rate of pH change experienced by a single droplet is estimated by the slope at pH 8.5 (solid line). (right) Imaging at different distances from the gel front enables a distribution of rates of pH change to be visualized (d) (left) The instantaneous radius of a single droplet can be quantified over time. For comparison, drop radius is defined as the radius at pH 8.5. (right) Droplets of varying size were imaged. Only drops with a radius greater than 3.4 µ m were further analyzed for vacuole formation. (e) (left) The radial asymmetry of a drop was also quantified from images and used to automatedly detect vacuole formation. The time at which the radial asymmetry was greater than 1.2 was used to determine the pH of vacuole formation ( pH v ). (right) pH v varied for the > 200 drops analyzed.;;1;;1;;;Plot+Diagram
500;10.1101_2025.09.25.678455.json;Figure 2. Pharmacokinetics of tafamidis is based on a two-compartmental model. Data used for parameter fitting are from [29].;;1;;1;;;Plot+Diagram
502;10.1101_2025.05.07.652702.json;"Figure 8 . Cross-species correlation matrix . Matrix showing temporal correlations (Pearson's r) between the 12 marmoset and 14 human functional components. Warm colors indicate positive correlation; cool colors indicate anticorrelation. Two major interspecies clusters emerge: a conserved multisensory cluster (upper left), including visual, auditory, and audiovisual networks, and a divergent cognitive cluster (lower right) comprising somatomotor, executive, and default mode components. Language and lateralized executive networks in humans show little or no correspondence in the marmoset. Only correlations with an absolute r value greater than 0.10 are displayed.";;1;;1;;;Plot+Diagram
503;10.1101_2025.05.06.652445.json;Figure 2. Process of the manual registration using landmarks. A) Histology section. B) Native T2TurboRARE MRI sequence. C) T2-TurboRARE MRI registered to the histology section. D) Overlap of the histology and registered MRI. Colored stars (6 tags in total: orange, red, blue, pink, yellow and green) show the landmarks that were used to initiate the registration between A and B, which resulted in C, and the overlap of both modalities in D.;;;1;;;;Photo
505;10.1101_2025.05.19.654939.json;Fig. 5: a, An increase in infection temperature can differently impact polymerase and NP expression, and this imbalance may contribute to the synthesis of mvRNAs. b , Formation of mvRNAs is influenced by both temperature and the viral strain infecting the host, which can both impact activation of the innate immune response and cytokine and chemokine expression. A fever start may create a positive feedback loop that leads to increased mvRNA production and innate immune activation, and which may ultimately contribute to a cytokine storm. The likelihood for a cytokine storm may be modulated by risk and other host and viral factors.;;;;1;;;Diagram
506;10.1101_2025.10.27.684901.json;"Figure 7: Performance Across Different Model Embedding Spaces. (A) Uniformity and Alignment across different model embedding spaces, with lower values indicating better performance. (B) Radar chart of embedding space metrics including intra-class similarity, inter-class similarity, uniformity, alignment, and separability for various models. (C) Bar chart showing separability across different model embedding spaces; higher values indicate better performance. (D) Heatmap showing the performance gap between DNACSE and other models, covering metrics such as alignment quality, uniformity, internal similarity, external similarity, and separability.";;1;;1;;;Plot+Diagram
507;10.1101_2024.12.03.626557.json;"Figure 5. Analysis of leech crawling. A. Schematic representation of a leech with nine points as painted on their dorsal midline. The sections between points 4-5 and 5-6 comprise ganglia 8-15 that were used for the electrophysiological analysis. B. Relative position of midbody ganglia 1-21. Mean and standard error of the mean are shown (n = 3) (Kearney et al. 2022). C. Representative example of the changes in total length and section 4-5 of a leech during four steps as the animal was crawling. The limits of each step are indicated by black vertical lines (see Materials and Methods); red and blue vertical lines mark the start of elongation and the end of contraction, respectively; black dashed vertical lines indicate the maximal section length. Light red and blue shades indicate elongation and contraction phases, respectively. D. Superimposed length curves of a section across random multiple steps (n= 15 of 76 total steps for this animal) of one leech. E. Duty Cycle of the elongation and contraction phases measured in crawling behavior or in fictive crawling. Behavioral variables were calculated as the duration of each phase relative to the sum of elongation and contraction phases (dynamic step in C), excluding isometric phases. Points represent the mean for each leech, while bars and lines indicate the mean ± SEM across all leeches (n = 249 steps from 8 leeches). For the Duty Cycle of DE-3 and Anti-Phase units, points correspond to the mean for each ganglion, with bars and lines showing the mean ± SEM across all ganglia (n = 4 cycles for each DE-3 or Anti-Phase motoneuron, 6 ganglia, 6 leeches).";;1;;1;;;Plot+Diagram
508;10.1101_2025.07.16.665043.json;Figure 5: In vivo iron sensing in Pseudomonas putida and Corynebacterium glutamicum;;1;;;;;Plot
509;10.1101_2025.01.27.635038.json;Fig. 2: Evaluation of MUSICiAn-selected pseudo-controls based on the estimated mutational spectra distribution center for Repairseq. Effect of ILR transformation and MCD covariance on (A) the estimated center of the mutational spectra distribution and (B) the selected pseudo-controls, using the original or ILR transformed spectra with classical or MCD covariance. For (A), actual center (black cross) of the mutational spectra distribution as the geometric mean of the 60 actual controls (yellow points), and center estimated by MUSICiAn (red cross) based on the mutational spectra under gene-silencing (blue points), projected onto the two axes of largest variation in the data (first two principal components). For (B), Jensen-Shannon distances between the geometric means of the 60 actual non-targeting controls and either all mutational spectra or the 60 pseudo-controls closest to the center estimated using each of the four combinations of spectra and covariance types.;;1;;;;;Plot
510;10.1101_2025.11.19.689351.json;Figure 4 . CX-5461 and BMH-21 synergistic combinations enhance p53-dependent growth suppression and apoptosis. (A) Western blot probing for p53 and p21 abundance as measures of p53 activation. MCF-7 cells were treated for 24 hours prior to harvesting. A representative Western blot is shown. (B, C) Densitometry of (A). Bars represent the average of three biological replicates and error bars represent the standard deviation. Relative abundance was compared using RM one-way ANOVA with Dunnett's multiple compari sons test. (D) Western blot probing for caspase-7 (CASP7) and poly(ADPribose) polymerase 1 (PARP1) total and cleaved forms as a measure of apoptosis induction. MCF-7 cells were treated for 48 hours with 1 μM CX -5461 and/or 1 μM BMH -21 prior to harvesting. Representative Western blots are shown. (E, F) Densitometry of (D). Bars represent the average of four biological replicates and error bars represent the standard deviation. Relative abundance was compared using RM oneway ANOVA with Dunnett's multiple co mparisons test. (G) Model of CX5461 and BMH-21 combination therapy mechanism of action. Created in BioRender. Chung, J. (2025) https://BioRender.com/jc65dsz;;1;;1;;;Plot+Diagram
511;10.1101_2025.10.27.684901.json;Figure 6: Performance comparison of different data augmentation methods on AMI metric for BIN reconstruction task.;;1;;;;;Plot
512;10.1101_2025.07.07.663569.json;Figure 7. Grand-averaged contralateral and ipsilateral waveforms by stimulus type and set size. Waveforms are time-locked to the memory array onset (0 ms) and offset (1000 ms) and averaged across posterior electrode sites (P3/P4, P7/P8, PO3/PO4, PO7/PO8) in Experiment 2. Each panel compares contralateral (red) and ipsilateral (black) activity for trial-repeated colors (top row) versus trial-unique objects (bottom row) at set sizes 1, 3, and 5 (left to right). Vertical dotted lines mark the onset and offset of the memory array.;;1;;;;;Plot
514;10.1101_2025.01.14.633045.json;"Figura 8 . Biofilm formation in  1442 mutants. A. Biofilm formation capacity of WT and  pili mutants measured after 7 days of incubation. B. Biofilm formation capacity of WT and the  pili double mutants measured after 7 days of incubation. Data represent results from 2 independent experiments, each with four biological replicates. Statistical significance was determined by analysis of variance and Tukey ´ s post hoc test comparison for differences between strains indicated. **** or different letters, indicate p<0.0001; only statistically significant differences have been indicated.";;1;;;;;Plot
515;10.1101_2024.06.07.597917.json;Figure 3. Transactivation of autophagy genes facilitates ethanolamine release by p53.;;1;;1;;;Plot+Diagram
517;10.1101_2025.04.10.648182.json;Figure 7 - Simulated evolution of source lifetime. ( A ) Relationship between source lifetime and Khl (red). The relationship between Yh,psr and Khl (blue) is given as a reference. Source lifetime is defined as the time t after valve opening at which Yh(t) = 0.95 × Yh,psr. Source dimension, airflow and transfer coefficients correspond to those of the odor delivery device used in this work. Points correspond to Khl values from to the panel of tested VPCs. ( B ) Source lifetime as a function of source diameter (x axis) and airflow (line shading). Calculated for Khl = 6.3 × 10 -4 (value of (E)-2-hexenal), kl = 10 -7 , and for a source liquid volume = 1/3 of the source headspace volume.;;1;;;;;Plot
518;10.1101_2025.08.22.671636.json;"Fig. 4. Seasonal variation in semen parameters of wild rock hyrax males collected via electroejaculation in 2022. Semen samples were obtained from wild males just before the onset of peak reproductive activity (P-BS) and again 3 -4 weeks later (A-BS). Ejaculates were collected via electroejaculation directly into 500 µ L of semen extender (EquiPlus, Minitube) for sperm preservation during the initial analysis. Shown are progressive motility, normal morphology, sperm concentration, total sperm per ejaculate, total motile sperm per ejaculate, and total progressively motile morphologically normal (PMMN) sperm per ejaculate. Each dot represents an individual sample; horizontal lines indicate the median, and whiskers show the interquartile range (IQR). Comparisons between P-BS and A-BS were made using the Mann -Whitney test, with P-values indicated in each panel.";;1;;;;;Plot
519;10.1101_2025.06.05.658010.json;"Figure 2. Predictive performance comparison of docking, ligand-based, and hybrid models across CYP2C9, CYP2C19, CYP2D6 and CYP3A4 isoforms (represented by logAUC values). Error bars indicate standard deviation across 50-fold cross-validations. Single Structure Docking Enrichment (in purple): logAUC values are based on molecular docking scores from the highest resolution crystal structure of the protein. Consensus Enrichment (in blue): logAUC values are based on the most negative docking score across three selected structures of the protein. Ligand Model (in orange): top scored model trained using ligand descriptors (L_TS) and weighted ensemble model trained using ligand descriptors (L_E). Hybrid models trained on ligand, protein and protein-ligand interaction descriptors (including molecular docking-derived parameters, rescoring function components and SIFt) of single protein structure (green): top scored model (H_TS_S) and weighted ensemble model (H_E_S); and on multiple protein structures (in red): top scored model (H_TS_M) and weighted ensemble model (H_E_M).";;1;;;;;Plot
520;10.64898_2026.01.10.698837.json;"Fig. 1 (a) En-face schematic view of the TM after PORP implantation. The cartilage graft lies beneath the TM, and the PORP beneath the cartilage graft. The cartilage graft is rendered partially transparent to show the PORP plate. The center of the PORP plate is visually aligned with that of the cartilage graft (asterisk). Schematics (upper row) and photos (lower row) taken through the facial recess showing examples of a middle ear prepared in (b) the baseline condition, (c) the PORP disconnected from the stapes, (d) the PORP disconnected from the TM, (e) the middle ear filled with water simulating effusion, and (f) the PORP surrounded with alginate gel (Jeltrate) simulating soft-tissue adhesion. C, cartilage graft; P, partial ossicular replacement prosthesis (PORP); T, tympanic membrane (TM); U, umbo; F, footplate of the stapes; ST, stapedius tendon; SH, stapes head; W, water; J, alginate gel (Jeltrate)";;;1;;;;Photo
521;10.1101_2025.09.25.678391.json;Figure 4. Effect sizes on net metabolic rate of the features with an effect size greater than the model's RMSE. The leftmost column displays the general direction of change (increase or decrease) to reduce the net metabolic rate of each feature according to its ALE plot.;;1;;;;;Plot
522;10.1101_2025.06.24.661403.json;Fig. 3 Schematic above-frontal view of the rotating wheel with disk stimuli attached. The wheel is controlled from behind via a stepper motor (not shown). The dashed circle represents the stepper motor axle.;;;;1;;;Diagram
523;10.1101_2025.03.03.641144.json;Figure S1. Properties of planarian m ⁶ A sites. (A) The scatter plot displays m ⁶ A site scores (black dots) in control samples, where m ⁶ A levels are normal, and in kiaa1429 (RNAi) samples, where m ⁶ A levels are reduced. The red dashed line represents a slope of one. For each site, the score shown is the highest observed across any of the three replicates for each condition. (B) Number of m ⁶ A sites with median score greater than the 0.5 in control and kiaa1429 (RNAi) libraries demonstrates the reduction in overall methylation in kiaa1429 (RNAi). (C-D);;1;;;;;Plot
524;10.1101_2025.06.25.661207.json;Figure 3: Weighted F1 scores for exact EC number prediction across all models and test sets(a) Weighted F1 scores for the test set at 100% data similarity threshold. (b) Weighted F1 scores for the test set at 30% data similarity threshold. (c) Weighted F1 scores for the Price-149 test set at 100% data similarity threshold., (d) Weighted F1 scores for the Price-149 test set at 30% data similarity threshold.;;1;;;;;Plot
525;10.1101_2025.08.19.671129.json;Figure 2. Irp1 -/-mice are protected against high fat diet-induced liver steatosis. 5-weeks old male Irp1 -/-mice and wild type littermates (n=6-12 per experimental group) were provided a control or a high-fat diet (HFD) for 10 weeks. At the endpoint, the mice were euthanized, and livers were dissected for histological;;1;1;;;;Plot+Photo
527;10.1101_2025.03.24.645017.json;Figure S1: Extended characterization of a CHIP-protective haplotype at the 17q22 locus.;;1;;1;;;Plot+Diagram
528;10.1101_2025.06.03.657329.json;Figure 4. The cytotoxic effects of statin-dye conjugates. Cell viability (%) was measured after treating the 2D cell monolayers with simvastatin-Cy5.5, pravastatin-Cy5.5, and free Cy5.5 in (a) HPDE KRAS MUT and KRAS WT cells and (b) MCF10A with PTEN KO and MCF10A with PTEN WT . Bars represent Mean ± S.E. (n ≥ 3). Statistically significant differences with p < 0.01 are indicated by **.;;1;;;;;Plot
529;10.1101_2025.09.25.678545.json;Figure 4: Offset-corrected calculated affinities ∆ G oc calc versus experimental affinities ∆ G exp from FEP with GAFF-2.11. Results shown for individual set (small panels, see labels for protein name and number of ligands N ) and collected from all sets (large panel). Insets show Pearson ρ , Kendall τ , osMUE, and ocRMSE (last two in kcal mol -1 ) for each data set with its corresponding 68 % confident interval. Colors of dots indicate the absolute deviation between ∆ G calc and ∆ G exp (color bar). Dark and light gray diagonal regions indicate 1 or 2 kcal mol -1 deviations, respectively. Dashed lines are linear fits shown to guide the eye. A single outlier (lig 4, Thrombin) has been removed. Error bars show uncertainties obtained via three independent replicates. Figure style following Ref. 79.;;1;;;;;Plot
530;10.1101_2023.04.08.532456.json;Figure 4. Relationship between the responses to bi-speed stimuli and constituent stimulus components. Each panel shows the responses from 100 neurons. Each dot represents the response from one neuron. The ordinate shows the difference between the responses to a bi-speed stimulus and the slower component ( R - Rs ). The abscissa shows the difference between the responses to the faster and slower components ( Rf - Rs ). The type II regression line is shown in red. A1-E1 . X4 speed separation. A2-E2. X2 speed separation.;;1;;;;;Plot
531;10.1101_2025.07.05.663288.json;Figure 5: 5-HT2AR agonist increased the occurrence probability for 5-Hz oscillations in both V1 and;;1;;;;;Plot
532;10.1101_2024.12.23.627604.json;Figure 1: Light glasses worn by participants throughout the study. These comprised nonprescription glasses and the ActLumus light logger mounted centrally on the bridge of the glasses frame. (1) Button (event marker) on the light logger.;;;1;;;;Photo
533;10.1101_2024.12.23.630084.json;Fig. 4 | High decoding accuracy of novel spikes occur during scale-free avalanche dynamics despite highly fluctuating levels of baseline activity. a Top : Population activity in visual cortex of the awake mouse exhibits large fluctuations during quiet resting. Bottom : Zoomed in view of population activity in response to 3 (i - iii) holographic stimulations of a single TC. Vertical lines : TC stimulation. Red line : TC spike count. Grey stripe : Population threshold for avalanche detection. Shown is the population spike count (excluding TCs) per 22-ms frame. b Suprathreshold contiguous fluctuations in population activity exhibit the characteristic hallmarks of neuronal avalanches. Avalanche size ( left ) and duration ( right ) distributions as a function of the temporal coarse-graining factor k . c Scaling of avalanche dynamics as a function of temporal coarse-graining k. d Approximately 87% of avalanches are parabolic in nature, with durations <0.7 s, containing about 18% of thresholded spikes. Summary scaling of parabolic avalanches is shown for durations up to ~0.7 s ( k = 4). e Holographic stimulation influences avalanche initiation, with a decreased likelihood for avalanche start and end during stimulation. f Mean response spike count scaling as a function of mean baseline spike count for non-TC neurons. This analysis reveals a low baseline activity regime (mean baseline spike count < ~0.3), in which responses are mostly independent from base activity, distinct from a high baseline activity regime in which response activity can be predicted from base. g Mean avalanche duration is more than double for avalanches that start during LOW base trials compared to HIGH. 87% of all LOW avalanches are parabolic (scaling of χ = 2), whereas only ~52% of HIGH avalanches are parabolic. h Decoding accuracy remains largely unchanged when obtained using only LOW or HIGH baseline activity regimes, regardless of the threshold used to define the two regimes. Overall accuracy for Low base trials ( solid lines ) and High base trials ( dashed lines ) for each dataset (same color code as in Fig. 3), as function of the threshold used to define Low and High base trials.;;1;;;;;Plot
534;10.1101_2022.05.01.490196.json;Figure 6-Figure Supplement 3. Modeled VcINDY transport rate experiments. Data from Mulligan and coworkers were reproduced from their reported 𝐾 4 , 𝑉 -)5 , and Hill coefficients (Mulligan et al., 2014). Modeled data are the 95% credible intervals generated from MCMC samples of 𝑘 ) 2 , 𝑘 ) 22 , and 〈𝑘〉 , and dashed lines are the lowest energy solution.;;1;;;;;Plot
535;10.1101_2025.06.20.660802.json;"Figure 4: Statistical measures of irreversibility and predictability of the system dynamics. (A) The average rate of entropy production versus normalized pseudoR 2 . Colors represent different motifs in Fig. 2B; points represent replicate simulations with randomized parameter values. The larger the entropy production is, the further from equilibrium a system is. The larger the normalized pseudoR 2 is, the bigger fraction of variation is captured by the Maximum Caliber model. (B) The distribution of R 2 np values for each species-patch pair in systems with different community structures. (C)-(D) Comparison of the distribution of R 2 np values between the full system and a reduced system that is missing one of the species (Species 1). In panel (D), Species 3 is the one strongly inhibited by Species 1, and its predictability is strongly affected if Species 1 is missing from the data.";;1;;;;;Plot
536;10.1101_2024.07.08.602611.json;Figure 5. a) Pattern at 42h with exogenous FGF2 in the culture medium for different amounts of time. b) Pseudotime analysis of FGFs and TBXT, TBX6 expression. c,f) FGF4 (c), and FGF17 (f) FISH co-stained for TBXT and pERK at 32h and 40h after BMP4 treatment. d,g) Radial intensity profiles for conditions in (c,f) respectively. e,h) Scatterplots of FGF4 (e), and FGF17 (h) mRNA versus pERK colored for TBXT. i) FGF4 FISH co-stained for TBXT and pERK in ctrl (scramble) shRNA versus FGF4 shRNA cells and corresponding radial intensity profiles. j) pERK and TBXT expression in WT versus FGF17+/- cells. k) SOX17 and TFAP2C expression in WT versus FGF17+/- cells.;;1;1;1;;;Plot+Diagram+Photo
537;10.1101_2025.04.23.650164.json;Fig. S5 Structural convergence of the closed conformation of spike during the four replica simulations of each complex. Root mean squared deviation (RMSD (Å)) versus time (μs) for the systems of closed spike with heparin bound were retrieved from Paiardi et al. 2 . The four replica MD trajectories of the two simulated systems of closed spike glycoprotein upon K5OSH and K5NOSH engagement are from the current study. The RMSD values for the individual spike subunits - S A , S B , S C - were calculated for the C-alpha atoms of residues 51-1063 of each spike subunit and are shown in blue, pink, and brown for the spike-heparin complex, and in blue, teal, and cyan for the spike-K5 complexes.;;1;;;;;Plot
539;10.1101_2025.08.22.671799.json;"Figure S1. Pie charts showing (A) the ratios of conventional antibodies and single-domain antibodies in Pox-AbDab, with conventional antibodies split by format; (B) where a Pox-AbDab entry has been tested against MPXV, the clade that was tested (if specified, else 'MPXV'); (C) the location context of each entry, (if specified, else '?'); (D) the number of entries for which crystal structures are available; (E) the epitope information available for each Pox-AbDab entry. Linear epitope information is defined as a contiguous string of amino acids. (F) the contingency of neutralisation on an active complement system.";;;;1;;;Diagram
541;10.1101_2023.10.03.560674.json;Figure 5: dCas9-p300 epigenome editing at eight endogenous genes identifies gene specific responses. The genes tested are CYP17A1, SOX11, C2CD4B, CXCR4, CD79A, TGFBR1, MYO1G, and PRSS12. (A) gRNA targeting + / -250 bp of each gene were selected. (B) These Selected gRNA were individually co-transfected with dCas9-p300 with relative mRNA determined with qPCR. (C) Relative mRNA associated with selected guide position are displayed with the highest activating guide position marked in orange.;;1;;;;;Plot
542;10.1101_2025.07.23.664352.json;Figure 3: Selection on the GpaVvrn -containing potato variety Seresta also increases virulence on other commercial potato varieties. ( A ) The selection experiment that was carried out with four generations of selection on Seresta. The colours indicate the potato variety used (Red Desiree, Orange Seresta) and the circles with the numbers indicate which;;1;;;;;Plot
543;10.1101_2025.04.01.646591.json;Figure 3. Visualization of DNA replication using transverse flow.;;1;1;1;;;Plot+Diagram+Photo
546;10.1101_2025.07.28.667187.json;Fig S1. Intra-host lineage diversity under different values of k v;;1;;;;;Plot
547;10.1101_2025.09.08.674932.json;Figure 6. Comparison of penicillic acid peak area across different culture conditions. (A) The graph depicts the mean ± standard deviation (SD) of penicillic acid peak area in different experimental conditions: monoculture of A. west. (red), the interaction interface between A. west. and Brachybacterium (dark green), the interaction interface between A. west. and S. equorum (dark blue), and the bacterial side of the interaction between Brachybacterium × Brachybacterium (light green) and Staphylococcus × Staphylococcus (light blue). Individual data points represent biological replicates (n = 3). (B) Spatial quantification of penicillic acid concentrations (in µM) represented in the defined sampling zones on cheese agar plates. Values represent PA levels in the fungal-bacterial interaction (FBI, dashed circle around fungal colony) and bacterial-bacterial interaction (BBI) zones across three plate conditions. Statistical analysis was performed using oneway ANOVA followed by Tukey's Honest Significant Difference (HSD) test for multiple comparisons. Statistically significant differences are indicated by asterisks (* ,** ,*** ), where p < 0.05 ( * ) , p < 0.01 (**) , and p < 0.001 (***).;;1;;1;;;Plot+Diagram
549;10.1101_2024.12.05.627005.json;FIG. 1. Comparison of a birth-death tree and the corresponding reconstructed phylogenetic tree. (A) A birthdeath process of individuals with time running downwards consists of birth events (blue circles) and death events (red crosses) and produces some individuals (green squares) that are alive at the time of observation. Each birth event produces a bifurcation in the birth-death tree. (B) The corresponding phylogenetic tree reconstructed from extant individuals only. Birth events are again indicated by blue circles and can now occur within phylogenetic branches ('hidden' birth events), as well as at all bifurcations of the phylogenetic tree.;;;;1;;;Diagram
550;10.1101_2025.09.13.671265.json;"Figure 3: Comparison of the first 3 solutions for finding the shortest autocatalytic cycle producing Acetyl-CoA. The important differences are in the rules used in the solution and the molecules used. Reaction rules used are modeled after the following enzymatic reactions: r 16 , Acetyl-CoA-carboxylase (3HP4HB); r 9 , 2-ketogluterate:ferredoxin oxidoreductase (rTCA); r 2 , ATP citrate lyase (rTCA); r 23 , 4HB-CoA synthetase (3HP4HB); r 35 , succinyl-CoA malate CoA transferase (3HP bicycle); r 20 , 3HP-CoA dehydratase (3HP4HB); r 5 , fumarate reductase (rTCA); r 54 ; r 6 , fumarase (rTCA); r 7 , aconitase (rTCA); r 8 crotonase (rTCA); r 1 , succinyl-CoA synthetase (rTCA).";;;;1;;;Diagram
551;10.1101_2025.01.17.633518.json;Fig. 7. The VP3 C terminal IDR significantly contributes to the mobile fraction of the;;1;1;;;;Plot+Photo
552;10.1101_2025.05.23.655721.json;Figure 1. Visual representation of the significant resting-state functional connectivity findings color-coded by alexithymia scale.;;;1;;;;Photo
553;10.1101_2024.06.14.599120.json;"Figure 1: Isolation, validation, and MMS sensitivity of rad51-ED and rad51-KN . A. Scheme to isolate rad51 mutants with predicted phenotypes for wild type cells (WT), rad51 ∆ rad54ts cells with wild type RAD51 ( RAD51 ) and a candidate mutant (candidate). B. Validation of mutant phenotype with plasmid-borne gene by transformation into fresh tester strains. Serial dilution assays of rad51 mutations in the presence and absence of 0.002% MMS ( rad51 ∆ rad54 ts : WDHY2546 with pWDH957 ( RAD51 ), pWDH954 ( rad51-ED ), pWDH953 ( rad51-KN ); rad51 ∆ rad54 ∆ : WDHY2544 with pWDH957 ( RAD51 ), pWDH954 ( rad51-ED ), pWDH953 ( rad51-KN )). C-E. MMS sensitivity of chromosomally integrated mutations. Survival of cells following exposure to varying levels of MMS (0.0025%, 0.005%, 0.0075%, 0.01%, 0.02%, and 0.03%) was measured as the number of colonies formed on YPD relative to unexposed cells (0% MMS) in the following genotypes: wild type (WT) (WDHY3960), rad51 ∆ (WDHY3898), rad54 ∆ (WDHY3961), rad51 ∆ rad54 ∆ (WDHY3959), rad51-KN (WDHY3962), rad51-ED (WDHY3548), rad51-KN rad54 ∆ (WDHY3963), and rad51-ED rad54 ∆ (WDHY3547). The mean and SEM was calculated from a minimum of three independent cultures.";;1;;1;;;Plot+Diagram
554;10.1101_2025.05.15.654300.json;Fig. S5. Amino Acid Distribution of NitazeneLib1. Design and sequencing results showing composition of NitazeneLib1. Plots compare the expected library amino acid distribution to the observed frequency calculated from library deep sequencing.;;1;;;;;Plot
558;10.1101_2025.05.03.652001.json;Figure 2. CB analysis of K-Ras and SARS-CoV2 spike protein predicts binding-competent and incompetent variants. ( A ) The G protein K-Ras switches between an inactive State 1 conformation (PBD: 8T71, bound to GDP) and an active State 2 conformation (PDB: 6XHB, bound to GTP-analogue). State 2 binds to the effectors listed. RMSD, root mean square deviation. ( B ) 3320 Single mutants and 26761 designed K-Ras double mutants were scored using CB against State 1 and State 2 experimental structures in (A). Points are colored according to experimental binding data from Weng et al.(33), for RALGDS, a State 2-specific effector (left) or DARPin K27, a State 1-specific binder (right). ( C ) Violin plot showing distributions of experimentally-determined binding scores from Weng et al.(33) for top CB-predicted State 1-biased mutants (blue) and State 2-biased mutants (red). Mutations at the KRAS-effector binding interface that are likely to directly affect effector binding are;;1;;1;;;Plot+Diagram
560;10.1101_2025.02.27.640548.json;Figure 5. AUC-ROC curve demonstrating the classification performance of the CatBoost model for each survival group: a) For the primary set of biomarkers, the AUC curve classifies overall survival into four categories. b) For the secondary set of biomarkers, the AUC curve shows classification performance for each survival class. c) For the fifth set of biomarkers, the AUC curve classifies survival time into Class (0-3);;1;;;;;Plot
562;10.1101_2025.02.07.636194.json;Fig. 1 R²cv values computed in the cross validation procedure of leaf traits according to the device. a High-throughput measured traits : leaf mass per area (LMA), Water content (WCf) and Water quantity (WQ) (dataset A in Table 1). b Low-throughput measured traits : Net CO2 assimilation (An), Leaf water potential ( Ѱ ), Intrinsic water use efficiency (WUEintr) and Instantaneous water use efficiency (WUEinst) (dataset B in Table 1). Each point in the boxplot corresponds to the R²cv of one of the 10 iterations of the cross-validation (as detailed in Table 1).;;1;;;;;Plot
563;10.1101_2025.03.18.643876.json;Figure 2 . Boxplots of most abundant microbes in the vagina and endometrium detected by 16S rRNA gene sequencing and meta-transcriptomics. The boxes represent the interquartile range (IQR) of the data, with the median value indicated by the horizontal line within each box. Sample groups include 16S rRNA gene analysis of vaginal swabs ( Vagina_DNA ), endometrial biopsies ( Biopsy_DNA ), endometrial brush samples ( Brush_DNA ), and meta-transcriptomic data from endometrial biopsies ( Biopsy_RNA ). Outliers are shown as individual points. The wider spread and multiple outliers in the endometrial samples indicate substantial variability in microbial abundances across samples.;;1;;;;;Plot
564;10.1101_2024.11.19.624303.json;Figure 1. Protocol for active trials . All trials started with a visual cue (200ms duration) and contained a monaural target sound presented 910-950ms after cue offset. Subjects were asked to press the mouse button as fast as possible when they heard the target sound (a dog bark). In trials without distractor (NoDIS trials, 50%, blue box), only the cue and the target were presented. In trials with distractors (DIS trials, 50%, green box), a binaural distracting sound (300ms duration, symbolized by black triangles) was presented during the delay. The distracting sound could equiprobably pop up in three different time periods before the target onset: 410450ms (DIS1), 210-250ms (DIS2), and 10-50 ms (DIS3) (see corresponding cue-distractor delays in the figure). In 75% of the (noDIS and DIS) trials, a dog facing left or right indicated in which ear (left or right) the target sound would be played (informative cue). In the other 25% of the trials, a dog facing front did not provide any indication in which ear the target sound would be played (uninformative cue).;;;;1;;;Diagram
565;10.1101_2025.08.29.672906.json;Fig. 1: Temporal and genotypic distribution of S. suis isolates by serotype and sequence type. (A) Top: Stacked bar plot of frequency of isolates and serotypes between 2005 to 2022. Bottom: Proportional distribution of serotypes over time. (B) Distribution of STs over time. All new STs identified in this study are grouped as 'Novel ST'. (C) Distribution of STs across serotypes.;;1;;;;;Plot
566;10.1101_2025.05.15.654300.json;Fig. 4. A ratiometric luminescent assay can sense nitazenes specifically in clinically relevant matrices. (A) Cartoon of the luminescence assay. A mNeonGreen-NanoBiT 'calibrator' protein enables ratiometric detection of samples, fluorescing at a wavelength of 520 nm independent of ligand concentration. PYR1 to ΔN-HAB1 T+ dimerization results in an increased ratio of the relative luminescence units per second (RLU/s) at 450 nm versus the RLU/s at 520 nm. (B) Ratiometric assay of PYR1 nitav2 in buffer or in urine using the indicated ligands. EC50 measurements and LOD for the sensor are colored for the appropriate condition. 200 nM SmBit-ΔNHAB1, 10 nM LgBiT-PYR1, and 512 pM calibrator are used. Benzylfentanyl, codeine, and heroin were tested in buffer. (C) Luminescence assay results using PAN nita.1 show sensitivity against a panel of nitazene variants and synthetic opioids across multiple concentrations. Analysis of variance was calculated using an ordinary 2-way ANOVA and Dunnett's multiple comparison test, with a single pooled variance (**** p<0.0001, ** p<0.01, ns not statistically;;1;;1;;;Plot+Diagram
570;10.1101_2025.05.16.654520.json;"Figure 4. Overdispersion increases the lethal mutagenesis extinction threshold. A) Diagram of the extinction threshold for RNA viruses with diverse mutation rates. Viruses with mutation rate and fecundity that fall below the threshold will survive, while viruses above the threshold will go extinct. The position of the threshold depends upon the index of dispersion, with overdispersion leading to higher extinction thresholds. Mutation rate is the mutations per replicated genome; fecundity is the number of offspring per individual. Extinction thresholds were calculated according to equations 1 and 2, with the Poisson threshold in black, and gamma-Poisson thresholds in red. B) Time to extinction (generations) and index of dispersion for 100 simulated viral populations with fecundity = 10, fitness cost per mutation = 0.4, mean mutation rate = 3, and starting population size = 100. Simulations were performed as described in (23). All simulated populations eventually go extinct according to extinction thresholds given by Equations 1 and 2.";;1;;;;;Plot
572;10.1101_2025.06.30.662370.json;Figure 3: Estimation of BGS under partial selfing and non-equilibrium demography. (A) : Parameter estimates from the classic-BGS and BGS-with-demography model under different rates of partial selfing and demography. As in Figures S1 and 2, large points are point estimates, small jittered points are bootstrap estimates and vertical lines correspond to 95% CIs. A log y-axis is used for plots showing estimates of ¯ s and β . (B): The reduction in genetic diversity from BGS along one chromosome is shown for each simulated scenario. The grey line in each panel is the observed reduction in the simulation, whereas estimates from the classic-BGS and BGS-with-demography models are shown as blue and dashed-red lines, respectively. The mean error (ME) between the simulated and estimated B-maps is also shown in each panel.;;1;;;;;Plot
573;10.1101_2024.02.27.582302.json;Fig. 4 | Reconstructing voice identity from brain recordings. a, A linear voxel-based decoding model was used to predict the VLS coordinates of 18 Test Stimuli based on fMRI responses to ~12 000 Train stimuli in the different ROIs. To reconstruct the audio stimuli from the brain recordings, the predicted VLS coordinates were then fed to the trained decoder to yield reconstructed spectrograms, synthesized into sound waveforms using the Griffin-Lim phase reconstruction algorithm (Griffin & Lim, 1983). b, Reconstructed spectrograms of the stimuli presented to the participants. Left panels show the spectrogram;;;1;1;;;Diagram+Photo
574;10.1101_2025.05.03.652040.json;Figure 7. The physiological model illustrates genetic determinants for spacerelated sarcopenia. ( a ) Schematic showing a physiological model of the motor neuron to muscle activation alongside SA-related gene regulation from normalized enrichment score (NES). ( b ) Healthy and SA population-related phase activity across neurons during inferred muscle activity. Note reduced phase strength during movement. Reported phase coherence for healthy and SA activity is Rhealthy = 0.55 and Rsarcopenia = 0.33, respectively. ( c ) Modeled swing times of population response under healthy and SA (p = 0.00, t(1423) = -19.13, Student's T-test). ( d ) Modeled swing times of population response under healthy and SA for calculated stride length (p = 0.00, t(2281) = -7.16, Student's T-test).;;;;1;;;Diagram
578;10.1101_2024.11.19.624303.json;Figure 3. Cue-locked pupil dilation (group-average, 250-ms pre-cue baseline subtraction) in trials without distractor (NoDIS trials). A: Mean pupil dilation in AAV, PAV conditions and the subtraction between the two. B: Mean pupil dilation in informative & uninformative conditions and the subtraction between the two for AAVPAV subtraction. Shadowed areas surrounding the curves represent standard errors of the mean. Examples of stimuli presented to participants are shown at their relative onset (for the target, the mean onset latency is indicated). Blue areas indicate time-windows where the task (A) or the cue (B) effect are significant. For these time windows, boxplots with individual data are depicted (mean pupil dilation amplitude in 500ms timewindows). Within each boxplot, the horizontal line represents the group median, the box the first and third quartiles, the whiskers the largest value under 1.5*IQR. (IQR = inter-quartile range). Superimposed to each boxplot, the dots represent individual means. * p < 0.05, *** p < 0.001. AAV: Active Audio-Visual condition, PAV: Passive Audio-Visual condition, inf: informative, uninf: uninformative.;;1;;;;;Plot
579;10.1101_2025.07.02.662878.json;"Figure 5 . Comparison of averaged regional CEST spectra. (A) Regions of interest. White matter regions include VP (ventral pathway), LP (lateral pathway), and DP (dorsal pathway). Gray matter regions include VH (ventral horn) and DH (dorsal horn). DREZ (dorsal root entry zone); DNR, dorsal nerve roots. The letter 'c' and 'i' in the ROI labels indicate contralateral and injury side respectively. The red cross indicates the lesion site of DNR. (B) Comparison of the regional spectra on the contralateral and lesion sides in the segments underwent dorsal nerve root injury. (C) The selected regions showing 5-pool Lorentzian fitting results (-3.5, -1.6, 0, 2.0, 3.5 ppm RF offsets). The asterisks indicate significant increase or decrease of amplitudes of the respective fitted peaks. The double arrow indicates semisolid magnetization transfer effect. Results are from a representative subject after lesion. ter ay ; ry al ry. F ve m";;1;1;;;;Plot+Photo
580;10.1101_2025.04.09.648026.json;Figure S7 . Mice lacking both copies of Snca Enh+37 record more center movement. (A) Bar chart showing center movement for 16-20 mice/genotype/treatment group. (B) Bar chart showing sex differences in center movement of 8-10 mice/sex/genotype/treatment group. Error bars represent standard error (SE). Significance was determined using a twoway ANOVA and Tukey's Honestly Significant Difference (HSD) test with a 95% confidence interval. See Tables S21-S23 for ANOVA summary statistics. ▪ = p < 0.1, * = p < 0.05, ** = p < 0.01, *** = p < 0.001.;;1;;;;;Plot
582;10.1101_2025.08.10.669515.json;Figure 5. Volatile sex pheromone related OAC stage specific expression pattern. We constructed transcriptional reporters by cloning the oac-16 (PS10804) , oac-25 (PS10805) , and oac-28 (PS10806) promoters upstream of gfp in the pPD95.75 vector (see Methods). All three OAC genes are expressed in seam cells. The embryo, L1, and L2 images shown here are from the same individual worm. Stable extrachromosomal lines were established.;;;1;;;;Photo
583;10.1101_2025.03.07.642120.json;Figure 10: Filter representation of selection of bnAbs from a broader population of antibodies using various immune focusing approaches.;;;;1;;;Diagram
584;10.1101_2025.10.10.681551.json;Figure 5. Venn diagram between gene symbols selected by ℓ 1 = 2 and ℓ 1 = 3, respectively. PC2: ℓ 1 = 2 and PC3: ℓ 1 = 3.;;;;1;;;Diagram
585;10.1101_2025.09.25.678545.json;Figure 2: Thermodynamic cycles for ( a ) MM(PB/GB)SA and ( b ) FEP. ∆ G X S denotes the solvation free energy for species X, where superscripts R, L, and RL denote the receptor, ligand, and receptor-ligand complex, respectively. ∆ G bind v is the binding free energy in vacuum. Superscripts 'solv' and 'rcp' indicate states with the ligand in solvent or in the receptor, respectively. indicates. Superscripts 'dcpl' and 'cpl' indicate decoupling or coupling processes, while 'coul' and 'vdw' specify transitions of Coulomb or LennardJones interactions. Superscripts 'on/off' specify the activation or deactivation of Boresch restraints (subscript 'rest'). The light pink, gray, and light blue backgrounds represent the implicit solvation model, vacuum, and explicit water model, respectively.;;;;1;;;Diagram
586;10.1101_2025.10.21.683696.json;Figure 5: cbVG profiles across passages. (A-D) cbVG and genomic PCR results of high-MOI passaged stocks rS1 (A), rS2 (B), rS4 (C), and rS6 (D) from passages P1 to P8 in LLC-MK2;;1;;1;;;Plot+Diagram
587;10.1101_2024.11.03.621732.json;"Figure 1. Map of the sampling area within the study site, Saint-Hippolyte, Québec, Canada. The left panel shows the station's boundaries in white. The right panel zooms on the sampling area, which shows the sampled trees, with each color referring to a different tree species. Only spruces were grouped by genus. ABBA, Abies balsamea ; ACPE, Acer pensylvanicum ; ACRU, Acer rubrum ; ACSA, Acer saccharum ; BEAL, Betula alleghaniensis ; BEPA, Betula papyrifera ; FAGR, Fagus grandifolia ; LALA, Larix laricina ; OSVI, Ostrya virginiana ; PIST, Pinus strobus ; POGR, Populus grandidentata ;";;;1;;;;Photo
589;10.1101_2025.05.15.654300.json;Fig. 3. Optimization of nitazene sensor breadth and sensitivity using deep mutational scanning. (A) Overview of the protein engineering workflow. (B) Heatmap of calculated enrichment ratios of single-point mutations to the PYR1 nita sensor in binding nitazene. 16 residues relevant to ligand binding were scanned. Purple indicates an increased enrichment ratio and orange indicates a decreased enrichment ratio relative to the parental sensor sequence. (C) Correlation plot of the enrichment ratios of PYR1 nita binding nitazene versus menitazene. The color scale correlates to that of the heatmap. Open purple squares indicate mutations that result in constitutive binding. (D) Model of the PYR1 nitav2 computationally designed structure. Structure of the PYR1 nitav2 binding pocket, highlighting the histidine residue at position 159 which is hypothesized to delocalize the partial charge on the nitro group. Selected mutated residues from PYR1 are shown as cornflower blue sticks. (E) Sequence differences between WT PYR1, computationally designed PYR1 nita , PYR1 nitav2 , and PAN nita . New mutations added in each step of the optimization are shown in orange, purple, and green, respectively. (F) Yeast surface display titrations of PYR1 nitav2 against nitazene (black circles), menitazene (purple circles), 4-hydroxy nitazene (cornflower blue circles), and benzylfentanyl (open red circles). The EC 50 was 2.5 nM (95% c.i. 2.2 to 2.9 nM), 3.4 nM (95% c.i. 3.0 to 4.0 nM), and 2.9 nM (95% c.i. 2.2 to 3.9 nM) for nitazene, menitazene, and 4-hydroxy nitazene, respectively, using 500 nM of biotinylated ΔN-HAB1 T+ . (G) Yeast surface display binding measured for PAN nita against indicated ligands. Max concentrations for butonitazene, isotonitazene, and N-pyrrolidino isotonitazene are 24 uM and 10 uM for benzylfentanyl. R1 and R3 groups that differ between nitazenes are indicated. **** p<0.0001, ** p<0.002, * p<0.05, ns not statistically significant. For all measurements, n=4 comprising two technical replicates performed on different days. Error bars represent 1 s.d.;;1;;1;;;Plot+Diagram
590;10.1101_2025.10.13.682215.json;Figure 2. Expression system for recombinant production of CPC in E. coli . (a) A series of CPC disks containing single PCB sets were prepared to obtain accurate and unambiguous spectral contributions of each protein environment. To add pathways and introduce coupling interactions, disks with two sets of PCB pigments were also generated. (b) These chromophore knockouts were performed by removing the genes encoding the lyases responsible for regiospecifically attaching PCBs to specific cysteine residues. A three-plasmid expression system with orthogonal antibiotic resistance markers and origins of replication was used to do this.;;;;1;;;Diagram
591;10.1101_2025.06.22.660904.json;Late 1 st instar nymph (> 5 days post hatch);;;1;;;;Photo
592;10.1101_2025.07.19.665666.json;Supplementary Figure 7. Data obtained in two additional mice . For each mouse, we show data in the same format as Figure 5 . a-h: Results in a mouse expressing soma-localized GCaMP8m. i-p: Results for a mouse expressing GCaMP6s (same line as in Figure 5 ).;;;;1;;;Diagram
593;10.1101_2025.05.03.652040.json;Supplementary Figure 2. Principal component analysis of the merged AfroCaribbean and Caucasian dataset. Human patients are labeled by their disease condition and their association with a demographic cohort.;;1;;;;;Plot
594;10.1101_2025.08.11.669771.json;Figure 4. Total binding energy, and contribution by residue. a) Change in Gibbs free energy ( Δ G) with enthalpy ( H) and entropy ( S) changes contributions, and b) Per-residue contribution to binding energy for complexes PD-L1 homodimer-ligand A, -B, and -daclatasvir. T means temperature.;;1;;;;;Plot
595;10.1101_2025.04.04.647219.json;Fig. 3. Stateful U-Nets allow detection of mitochondrial division precursors in phase contrast. a Labeling approach for mitochondrial division pre-states in phase contrast data. b, Subset of frames of positive training events for divisions. c, False positives in predictions from neural networks trained with five time points and soft focal loss, but no state layer in the bottleneck. d, Architecture of a stateful U-Net with a time distributed encoder to carry dynamic information to the bottleneck and a state layer with memory in the bottleneck. e, Performance scores for neural networks with (green) and without (blue) state and trained on one and five time points. One model with the best F0.1 score is indicated with a red cross in both plots for each setting. f, Smart hybrid acquisition of a mitochondrial division with DRP1 fluorescence showing the dynamics of DRP1 disassembly and mitochondrial dynamics. Cyan circles mark division site before and considered mitochondria daughter tips after division. g, Schema of DRP1 constitution before and after division and ratios of DRP1 intensity on the tips of the two daughter mitochondria after division (N = 14 divisions). h, Smart hybrid acquisition of membrane potential dynamics at a mitochondrial constriction that prevents potential propagation. White arrows mark the division site. Cyan polygons highlight the outline of the relevant part of the mitochondrion before and after membrane potential loss. N=665 total events and 5 individual training runs on the same training/evaluation data split for each architecture and number of time points. Box plots mark the first quartile, median and third quartile with the whiskers spanning the 5th and 95th percentile.;;1;1;1;;;Plot+Diagram+Photo
596;10.1101_2025.04.22.649740.json;Figure 3 - Crawling speed in Asterias rubens is not affected by the number of adhering tube feet. (a) Displacement of A. rubens recorded over 20 s, with the number of tube feet in contact and the contact area measured every 0.2 s. (b) Average number of tube feet in contact over time for individuals of increasing mass (color-coded from light to dark: 11.39 g, 20.96 g, 37.75 g, and 68.31 g). (c) Relationship between the average number of tube feet in contact and A. rubens mass ( n = 39, R 2 = 0.3536, p < 0.0001). (d) Crawling speed as a function of the average number of tube feet in contact and body mass ( n = 39). (e) Relationship between the percentage of tube feet in contact and body mass (n = 39, R 2 = 0.09304, p = 0.0002). (f) Relationship between the crawling speed and the average percentage of tube feet in contact (n = 39). All data are presented as mean ± standard deviation (s.d.).;;1;;1;;;Plot+Diagram
598;10.1101_2025.06.12.658904.json;"Fig.2. Ablation of beige fat results in increased vasoconstriction of mesenteric arteries to ANGII and remodeling of mesenteric PVAT. (A-C) Pressure myography of mesenteric arteries after removal of perivascular fat was conducted in flox control and PRDM16cKO mice (n=4-5 per group; 1-2 mesenteric arteries per mouse) treated with (A) ANGII, (B) phenylephrine and (C) acetylcholine. Data are mean+/- SEM. Statistical analysis was performed using two-way analysis";;1;;1;;;Plot+Diagram
599;10.1101_2025.07.14.664713.json;Figure 1. Schematic illustration of the concept of ultrasound-compatible neural electrodes. (1) Importance of multimodal sensing and stimulation, (2) Challenges of ultrasound wave propagation, (3) Design method for ultrasound transparent neural electrodes (inspired by 1 ).;;;;1;;;Diagram
600;10.1101_2023.12.06.570345.json;Figure 2. Identification of RBM20 direct targets in the heart and olfactory bulb;;1;1;1;;;Plot+Diagram+Photo
601;10.1101_2024.11.01.621525.json;Figure 2. Object representation in foveal V1 during a fixation task (n=18).;;1;;1;;;Plot+Diagram
602;10.1101_2024.06.06.597786.json;Fig. 3 Denervation impairs fracture repair at gross and single cell resolution. a Left: Representative µ CT images of fracture callus from sham-operated and neurectomized animals. Fracture callus colorized brown. Right: Quantification of fracture callus Bone V olume (BV) and Tissue Volume (TV). b Experimental schematics of two parallel experiments via either surgical or chemical-genetic denervation. Surgical denervation was achieved via ulnar nerve transection, sham surgery was performed as a control. Chemical-genetic denervation was achieved by 1NMPP1-treated TrkA F592A mice, 1NMPP1-treated TrkA WT mice as a control. Stress fracture was performed on mice from both experiments at 18 wks old and callus tissue was harvested at d14 post-fracture for scRNA-seq. c UMAP of callus cells from all groups by cell cluster. d Volcano plot of overrepresented genes in control and denervation groups. Significantly differentiated expressed genes are identified using thresholds with FDR < 0.05 and Log2FC > 1. Separate comparison for each experiment shown in Extended Data Fig. 6-7. e Tree plot of GO enrichment in control groups in comparison to denervation groups. Additional separate comparisons shown in Extended Data Fig. 6-7. f Left: UMAP of mesenchymal cell subclusters. Middle: Dot plot of marker gene expression in each mesenchymal subcluster. Right: Cell frequency of mesenchymal cell subclusters in control and denervation groups.;;1;1;1;;;Plot+Diagram+Photo
603;10.1101_2025.03.09.641748.json;Figure 9: BRI-50460 protected amyloid-42 oligomer-synaptic and dendritic reduction in neurons derived from human iPSCs. ( A ) Representative images of the immunofluorescent staining of synapsin (green), CamKII (red), and MAP2 (white) in iPSC-derived neurons treated with 2.5 μ M A β 42 oligomers (A β 42O) with or without 1 μ M BRI-50460 for 72 hours. ( B) Enlarged images of the boxed dendrites in A. BRI-50460 (460) reduced A β 42O-induced reduction of synapsin puncta ( C ), dendritic CamKIIa ( D ) and MAP2 ( E ) density in neurons derived from human iPSCs. * p < 0.05, ** p < 0.01, *** p < 0.001, **** p < 0.0001. Analyzed image numbers for CamKII α and MAP2 include CTRL ( n = 12), A β 42O ( n = 13), 460 ( n = 13), for synapsin puncta include CTRL (194), A β 42O ( n = 68), 460 ( n = 167). ns sin ers . d p 3),;;;1;;;;Photo
605;10.1101_2025.11.06.687045.json;"Figure 2: A) Effect of field sample concentration on dPCR quantification consistency of BVDV-1 virus culture supernatant using dPCR primer set BVDV-n. The color indicates the final field sample concentration in the dPCR reaction and the virus culture supernatant concentration before being added to the dPCR reaction is provided along the horizontal axis. B) Concentration of viruses in this investigation natively in the background of collected field samples. Concentrations as measured using dPCR of diluted field samples (9% final sample concentration) are reported in a multiple of LOD, which varies by virus. dPCR primer sets used for quantification of viruses are: BAV3: BAV-3.Kishimoto.Hexon; BHV-1: BHV-1.Chandranaik.gB; bPIV-3: BPI3ii.Thonur; BRSV: BRSV.Boxus.N; BVDV-1: BVDV-n. Cells highlighted in vermillion indicate that the background concentration meets or exceeds twice the concentration at the for the selected primer set targeting that virus and is therefore unfit for usage in further testing. Cells highlighted in yellow indicate the background viral concentration is within 1x of the LOD for the selected primer set and therefore should be avoided for further usage in testing and sensitivity and specificity studies. Cells highlighted in green are the field samples selected for the characterization of selected LAMP primer sets in complex samples. er";;1;;;;;Plot
606;10.1101_2025.04.04.647219.json;Fig. 1. Label-free detection of rare events balances trade-offs in live cell hybrid-EDA a, Schematic of the state-machine-like control of smart hybrid imaging. Neural network event detection is used to control the switch between gentle surveillance and smart correlative acquisition. b, Survival ratio over time for different imaging modalities. Data were acquired at 1 fps and 100 ms exposure with typical illumination settings (Supplementary Note 1). Means (lines) and standard deviations (shaded areas) of 6 different measurements from 3 independent samples.;;1;;1;;;Plot+Diagram
607;10.1101_2025.06.03.657562.json;"Figure 9. Population-based neural network for tactile-proprioceptive integration. A. The network includes two neural populations encoding touch and limb proprioception. The tactile unit encodes touch in a somatotopic space, (e.g., touch location on the hand surface) with uniform, bell-shaped firing rates across locations. The proprioceptive unit exhibits monotonic tuning of limb position, with firing rates varying proportionally with limb position (eight positions shown in different colors). The location of touch in space is specified by the product (∫) of the two population activities, leading to the response amplitude modulation. B. Simulated network responses for the eight tactile spatial locations used in the experiment. Each colored dot represents the average simulated response over 100 trials; black dots represent their grand means. The black regression line (with SEM) represents the average slope obtained from fitting GLMs with spatial locations predicting average responses.";;;;1;;;Diagram
609;10.1101_2025.03.14.643101.json;Figure 6. Peptide-fused SMART MHC oligomers stain T-cells in a TCR-specific manner. A) Twelve identical subunits assemble to form a tetrahedral oligomer. A single subunit is highlighted in red. B) Schematic of the SMART MHC oligomer sequence. Ulp1 protease is used to cleave the SUMO tag from the peptide, leaving a clean peptide N-terminus to bind the SMART MHC peptide binding groove. The MHC sequence bears the Y84A mutation to allow the C-terminal linker from the peptide to leave the binding groove. The peptide-fused SMART MHC is then fused to an oligomerization domain, followed by a Myc tag. C) The SMART MHC oligomer self-assembles into the same shape as the base oligomer in (A). Each subunit presents a peptide-fused SMART MHC to the T-cell and a Myc tag for secondary staining, but only one subunit is shown with these for simplicity. D) Flow cytometry measurements of T-cell staining of P14 T-cells (purple) or control TCR T-cells (gray) with SMART H-2D b oligomers fused to several variants of the gp33 peptide. Numerical values under the peptide names indicate the binding strength of each peptide in the native MHC context for the P14 TCR relative to gp33 (KD,gp33 /KD,mut ). Values for V3P, PF, and Y4F were previously published by Duru et al. 49 . Value for M9C was published previously by Boulter et al. 30;;1;;1;;;Plot+Diagram
610;10.1101_2024.10.05.616794.json;Figure 2: Average weight per day over 18 days of continuous measurements. (A) Data points of measured weight (grams) over time (blue dots) and calculated reliable data points (orange dots), as the orange line shows the reliable data smoothed. Vertical dashed lines mark day shifts. (B) The orange bars show the average weight per day, calculated from reliable data points. Error bars on top of each bin shows standard deviation among all reliable data points within that day.;;1;;;;;Plot
611;10.1101_2024.06.07.597917.json;Figure 4. p53 activation increases reliance on genes involved in lipid metabolism.;;1;1;;;;Plot+Photo
612;10.1101_2025.10.13.682215.json;Figure 3. Characterization of recombinantly expressed phycocyanin variants. (a) ESI-MS showed successful chromophorylation for each variant. (b) Native PAGE showed a single brightly fluorescent band overlaid with Coomassie blue staining, indicating a trimeric assembly state around 112 kDa. (c) Normalized peaks from size-exclusion HPLC showed clean assembly states matching the elution time of the trimeric, single disk phycocyanin complexes taken from disassembling the full phycobilisome isolated from S. elongatus PCC 7942. (d) Triplicate MD simulations show no significant differences in the average protein backbone RMSD or the average radius of gyration when comparing the holo- and apo-CPC assemblies. This suggests that the protein does not collapse in the absence of chromophores. (e) From the trajectories, we compared frames of the holo- (left) and apo- (right) CPC colored by the per-residue RMSF to find that even with greater fluctuation in the protein α-carbons near the sites of chromophore deletion, the overall assembly state remains intact.;;1;;1;;;Plot+Diagram
613;10.1101_2023.10.13.562297.json;Figure 9: ERV2-LTR loci's allele frequency in each breed. Loci that are not present in at least 40% of one breed are excluded. The orange bars on the left mark loci where full length ERV2s were found. Notable gene intersections with loci enriched in the population: 75: EQMCE1/MHC (intron), 160: Igλ (intron), 11: AVEN (intron), 126: unknown horse gene, 69: HLA (exon), 149: ZNF77 (exon).;;1;;;;;Plot
614;10.1101_2025.03.09.641748.json;Figure 8: BRI-50460 amyloid-42 oligomer-induced cPLA2 α activation and tau phosphorylation in neurons derived from human iPSCs. A. Representative images of the immunofluorescent staining of pcPLA2 α and p-Tau in human iPSC-derived neurons treated with 2.5 μ M A β 42 oligomers (A β 42O) with or without 1 μ M BRI-50460 for 72 hours. Quantification revealed that BRI-50460 (460) reduced A β 42Oinduced increases in p-cPLA2 α ( B ) and p-tau ( C ) intensity. * p < 0.05, ** p < 0.01, *** p < 0.001, **** p < 0.0001. Analyzed image numbers include CTRL ( n = 13), A β 42O ( n = 14), 460 ( n = 14). in -ith -p;;1;1;;;;Plot+Photo
615;10.1101_2025.09.08.675005.json;Figure 2. Profiling of selected design and K-mer-based features. (A) Scatter plot showing the distribution of the selected feature (SpDeepCas9 score) against observed editing efficiency, along with the Spearman correlation coefficient and R-squared value. (B) Visualization of the top 10 k-mers (k = 2) based on the absolute values of coefficients from the GLM model. (C) Visualization of the top 10 k-mers (k = 2) ranked by Mean Decrease in Gini from the Random Forest model. (D) Bar plots representing the frequencies of statistically significant 2-mers identified by GLM analysis, highlighting differential representation between high- and low-efficiency groups (FDR < 0.05, Fisher's exact test with Benjamini-Hochberg correction). (E) Venn diagram showing the overlap of important k-mers identified by Generalized Linear Model (GLM), Random Forest (RF), and Fisher's exact test (FDR < 0.05). (F) Heatmap displaying the positional distribution of statistically significant k-mers (FDR < 0.05) across low- and high-efficiency sgRNAs.;;1;;1;;;Plot+Diagram
616;10.1101_2025.06.26.661616.json;Figure 2: HiC contacts for the Oxalis stricta genome visualized by Juicebox (Durand et al. 2016a). Diagonal interacCons indicate relaConships between blue boxes (pseudomolecules) which show subgenome similarity.;;1;;;;;Plot
617;10.1101_2025.09.04.674023.json;Figure 1 . Schematic illustration of CLFA.;;;;1;;;Diagram
618;10.1101_2024.09.03.610982.json;Figure 6 Cholinergic signaling within RA enhances song stability of adult male zebra finches via mAChRs rather than nAChRs;;1;1;1;;;Plot+Diagram+Photo
621;10.1101_2025.07.19.665666.json;Supplementary Figure 2 . Zebra noise elicits more repeatable neuron responses than Trippy . Short snippets of Zebra noise and Trippy noise (3 repeats of a 1 min stimulus) were presented to a mouse expressing GCaMP6s in excitatory neurons. a : Repeatability (average Pearson's correlation of neural responses between trials) of the responses to Zebra noise, expressed as gray level. Each dot corresponds to a neuron. b: Repeatability of the responses to Trippy noise. c: Comparison of repeatability to Zebra noise (abscissa) vs. Trippy noise (ordinate). Each dot is a neuron. In most neurons, Zebra noise elicited more repeatable responses than Trippy noise. This increased repeatability may be due to the presence of sharp edges in Zebra noise.;;1;1;;;;Plot+Photo
622;10.1101_2025.08.21.671520.json;Fig. 5. Enhancing persister cell ferroptosis with FSP1 and HDAC inhibition. Cancer persister cells can decrease oxidative stress to survive GPX4 inhibition (GPX4i). However, GPX4i-tolerant persister cells become dependent on the alternative ferroptosis suppressor enzyme FSP1 to survive and addition of FSP1 inhibitor (FSP1i) increases persister cell ferroptotic death. Furthermore, persister cell oxidative stress is increased by nontoxic pre- or co-treatment with clinically available HDAC inhibitors resulting in synergistic persister cell ferroptosis in combination with GPX4 inhibitor (GPX4i). Our findings reveal new approaches to selectively enhance persister cell ferroptosis while potentially sparing other cells.;;;;1;;;Diagram
624;10.1101_2025.02.06.636921.json;Fig 1. Pipeline to convert antibody sequences into functional intrabodies. A. Schematic showing the pipeline, from antibody sequence to live-cell screening. B. The original M2 anti-FLAG scFv (green) does not colocalize with 4xFLAG-mCh-H2B (magenta) in the nucleus. C. The ranked pLDDT scores of all M2 anti-FLAG scFv designs (includes scFv and FLAG epitope), including the original (black bar), two loopgrafted variants (purple), and 16 from the pipeline (green). Error bars show the standard deviation from LocalColabFold predicted models (N=5 each). D. The top four predicted structures (models 1, 16, 11, and 12) overlaid with the original M2 anti-FLAG structure (model 0), colored by pLDDT. Right, the corresponding;;1;1;1;;;Plot+Diagram+Photo
625;10.1101_2025.08.23.671809.json;"Figure 2: UMAMIT30 gene expression in wild-type and umamit30 plants. RTPCR analysis of UMAMIT30 gene expression in roots and shoots of wild-type and (A) ut30-1 (umamit30-1; Salk_140547C) or (B) ut30-2 (umamit30-2; Salk_146977C) in 14-dav-old seedlings. ACTIN2 expression was used as a control for cDNA input. Blank = no template control. Corresponding uncropped full-length gel images are shown in Figure S2A and S2B.";;;1;;;;Photo
627;10.1101_2024.07.26.605262.json;Figure 6. Multi-scale fluctuations of spindle-band power. Grand average of the spectral profile at the scalp derivation C4, ranging from 0.001 to 0.12 Hz (left panel) and 0.1 to 0.6 Hz (right panel) frequency range of the sleep spindle frequency band (11 -16 Hz) power fluctuation during NREM2 sleep episodes across the whole night. The peaks around 0.02 Hz and 0.2 Hz for both the IMMO (purple) and CTRL (pink) groups highlight the multi-scale periodicity of spindle-band power at an infraslow and mesoscale rhythm, respectively.;;1;;;;;Plot
628;10.1101_2025.07.15.664946.json;Fig. 2. a) The observed rates of Foldback, Chimeric, and any split reads out of all reads that passed the filtering criteria for direct-cDNA, direct-RNA, cDNA, and gDNA data from four different sample types: HCC1395, K562, mouse tissue, and HG002. B) Paired comparisons for the five RNA replicates that were sequenced with different technologies for both foldback and chimeric;;1;;;;;Plot
629;10.1101_2025.04.18.649492.json;Figure 4 Inhibition of H1.1 eviction in the SMC disrupts chromatin reorganization without affecting meiosis;;1;1;1;;;Plot+Diagram+Photo
630;10.1101_2024.12.28.630610.json;"Figure 5: Cancer cell growth under the AC-S (A-D) and AC-R (E-H) fitness matrices with treatments combining Adaptive Therapy (AT) or Maximum Tolerable Dose (MTD) with and without migrastatics: (A) AT preserves sensitive cells; MTD leads to resistance. With both treatment strategies migrastatic treatment reduces metastases. (E) Reduced metastases with migrastatics. (B) & (F) Migrastatics do not affect overall cancer growth. (F) AT fails after its three cycles, due to resistance. (C) & (G) Migrastatics delay and reduce metastasis; metastases occur earlier with AT due to higher cell numbers. (D) & (H) Smaller, delayed metastases with migrastatics. (C) , (D) , (G) and (H) averaged over 50 runs.";;1;;;;;Plot
632;10.1101_2025.08.23.671809.json;"Figure S5: Growth phenotype analyses of wild-type and umamit30 mature plants. Fresh and dry weights of shoots of 6.5-week-old wild-type and umamit30-1 plants (A, B) and shoots of 6-week-old wild-type and umamit30-2 plants (C, D). AVR + SE (n=10). 'ns' indicates no statistically significant difference between the means (p ≤ 0.05; two-sided Students t-test). Experiment was performed twice with similar results.";;1;;;;;Plot
633;10.1101_2024.12.19.629375.json;Fig. 3. Cholesterol interactions with class B1 GPCRs . ( A ) Published experimental structures of class B1 receptors containing resolved cholesterol molecules. Structures of the TM regions are aligned, with helix labels shown for GIPR. Cholesterol and cholesterol analogue molecules are shown in magenta stick representation. ( B ) Cholesterol occupancy from cgMD simulations mapped onto sequence alignment across all 15 receptors. ( C ) Positions of cholesterol molecules from simulations mapped onto the CTR receptor. Active (green) and inactive (blue) states of the CTR are shown as a backbone trace. Spheres represent hydroxyl headgroups of cholesterol for the top ranked interaction sites extracted from simulations of active (dark orange) and inactive (light orange) states of all 15 class B1 GPCRs. ( D ) The highest residence time cholesterol site from cgMD simulations for SCTR in the active state, with residues within 6 Å of the cholesterol hydroxyl group shown as yellow spheres. ( E ) As (D) for the SCTR inactive state.;;1;;1;;;Plot+Diagram
634;10.1101_2025.10.27.684901.json;Figure 1: DNACSE architecture and downstream task pipeline. (A) In the contrastive learning stage, DNACSE incorporates feature augmentation and hard negative sample construction into unsupervised contrastive learning, enabling the model to learn comprehensive DNA barcode representations and capture their internal relationships. All backbone parameters are trainable in this stage, with no frozen components. (B) For downstream applications, DNACSE offers three modes of transfer. In the first mode, the entire model is fine-tuned with labeled data for task-specific adaptation. Alternatively, the pretrained backbone can be frozen to extract task-specific features, which are either used to train a lightweight classifier or directly applied in a zero-shot setting.These complementary strategies enable DNACSE to address a broad spectrum of DNA barcoding tasks with varying amounts of supervision. Notation: Z denotes the original sequence embedding, Z ′ the global noise-augmented embeddings, Z ′′ the final-augmented embeddings, Z pos the positive embedding, Z neg the negative embedding, and Z hard neg the mixed hard negative embedding.;;;;1;;;Diagram
635;10.1101_2025.08.15.670559.json;Figure 4 Mitigation of DNA damage markers by rapamycin is not due to modulation of the cell cycle or protein synthesis;;1;;1;;;Plot+Diagram
637;10.1101_2025.04.05.647323.json;Figure 1. Experimental design, neuroimaging acquisition, and behavioral evidence.;;1;;1;;;Plot+Diagram
638;10.1101_2025.05.30.657108.json;Figure 4: Broad functional overview from the core gene sets reported by PyamilySeq, Roary and Panaroo using COG categories from eggNOGmapper.;;1;;;;;Plot
640;10.1101_2025.01.14.633045.json;"Figura 2 . Biofilm formation by WT and  pili mutants. A. Evaluation of biofilm formation at different incubation times. Data represent the results from 2 independent experiments, each with four biological replicates. B. Representative images of wells stained with crystal violet for the WT and the  pili2 mutant before quantification. C. WT and  pili2 mutant observed by light microscopy after crystal violet staining. D. Biofilm formation evaluated for the double mutants  pili1  pili2 and  pili3  pili2 compared to the WT and the  pili2 mutant at 7 days incubation time. Statistical significance was determined by analysis of variance and Tukey ´ s post-hoc test comparison for differences between strains indicated. ****, indicate P <0.0001; only statistically significant differences have been indicated.";;1;1;;;;Plot+Photo
641;10.1101_2025.01.08.631962.json;"Fig. 4: myCAFs are associated with aggressive thyroid cancer tumor phenotypes. a, Progressionfree survival (left, PFS) and overall survival (right, OS) forest plots with interquartile range hazard ratios and 95% confidence intervals for the Vanderbilt University Medical Center/University of Washington thyroid cancer bulk RNA-sequencing cohort (VUMC/UW bulk RNA cohort). The cohort is split into all malignant samples (top) or well-differentiated thyroid cancers (bottom). Hazard ratios are shown for BRAF V600E mutation and stromal cell single-sample gene set variation analysis scores (myofibroblast cancer-associated fibroblast score, myCAF score; inflammatory cancer-associated fibroblast score, iCAF";;1;;;;;Plot
642;10.1101_2024.10.31.621279.json;Supplementary Figure 3. Individual differences analysis between accuracy and pupil responses. Top row , cuetarget 2AFC task. Bottom row , letter-color 2AFC task. Left column , early time window. Right column, late time window. The average feedback-locked pupil response difference (80-20% frequency conditions) are plotted against the difference in accuracy (80-20%). Data points, individual participants.;;1;;;;;Plot
643;10.1101_2025.02.27.640633.json;Figure 4 - Redmond et al.;;1;1;1;;;Plot+Diagram+Photo
644;10.1101_2024.06.14.599120.json;display strong synergy with defects in post-replication;;1;;;;;Plot
646;10.1101_2025.04.22.650000.json;"Figure 1. Bi-stability between stationary behaviour and collective oscillations . (A) Experimental timeline for a monolayer of optogenetically modified NRVMs under constant illumination of its center: 1) observation of a collective stationary state (STA); 2) periodic wave train from the pacing electrode; 3) outcome observation of collective behaviour, either stationary (STA) or oscillatory (OSC). (B) Light intensity influences collective behaviour of excitable systems, transitioning between a stationary state (STA) at low illumination intensities and an oscillatory state (OSC) at high illumination intensities. Bi-stability occurs at intermediate light intensities, where transitions between states are dependent on periodic wave train properties. TR. OSC, transient oscillations.";;;;1;;;Diagram
647;10.1101_2022.05.01.490196.json;Figure 6-Figure Supplement 1. MCMC trajectories for optimal kinetic model parameters of VcINDY proteoliposome-based succinate transport assay. (A) Affine invariant ensemble MCMC sampler trajectories for 200 walkers during burn-in period. These samples were discarded. (B) Production period trajectories from 200 walkers. Only every 100 th sample of those shown here was used to minimize autocorrelation.;;1;;;;;Plot
648;10.1101_2025.07.08.660448.json;Figure 5. Pairs of motifs have effects on gene transcription in Jurkat cells. A) Heatmap showing the mean activity score for pairs of motifs for oligos containing one or two copies of two distinct motifs. B) Motif pairs with a significant effect on gene transcription (two-sided t-test, Bonferroni corrected, p-value < 0.00008, |Cohen's D| > 0.5) are shown for Jurkat (blue) and K562 (yellow). Motif pairs that have a greater effect on gene transcription than either of the motifs in isolation are shown as solid points (mean activity motif pair > mean activity motif 1 + mean activity motif 2). Motifs within the pair are listed in alphabetical order. Motif pairs that do not have a significant effect on gene transcription are shown in grey. The dashed lines indicate the Cohen's D threshold and p-value thresholds used to determine significance (|Cohen's D| > 0.5, p-value > 0.00008).;;1;;;;;Plot
649;10.1101_2025.09.09.675153.json;Figure 4. In vitro validation of surface-displayed mSb-encoding pDNA constructs used to generate mRNA LNP vaccines.;;;;1;;;Diagram
650;10.1101_2024.08.26.609718.json;Fig. 2 The comparison of imputed results for osmFISH-based data (known as osmFISH-brain). (a) Cell-type distribution across spatial location for osmFISH data. (b) Metrics information of different imputation methods. For SCC and SSIM, higher scores represent better performance, and the methods are sorted in descending. For RMSE and JS, lower scores represent better performance, and the methods are sorted in ascending. (c) Examples of reliably imputed genes by VISTA. (d) Examples of the top marker genes by VISTA for each cell type of osmFISH-brain. The sequence of genes corresponds to the sequence of cells in (a).;;1;;1;;;Plot+Diagram
651;10.1101_2025.03.11.642640.json;Figure 6. Model of SPI-1 chromatin remodeling upon expression.;;;;1;;;Diagram
652;10.1101_2025.07.07.663603.json;Figure 2. Genomic patterns of adaptive introgression. (A) Principal component analysis using parental and F16 lines. PCAs were estimated using all chromosomes, as well as for each chromosome separately. The percentage of variance explained (PVE) by PC 1, across analyses are 84.3% (All), 90.8% (2L), 85.9% (2R), 76.9% (3L), 85.4% (3R), 89.7% (X). The PVE by PC 2, across;;1;;;;;Plot
653;10.1101_2025.06.02.657265.json;Figure 4: Experiment 2: Average corrected diffusion constants for perceived motion ( cD PM ) versus diffusion constants for world motion ( D WM ) from five subjects. Experiments were tested under three background conditions: The patterns extended over the full 17 ◦ field of view (A), or surrounded a 2 ◦ -diameter white circular opening (B), or surrounded a 9 ◦ -diameter white circular opening (C). Background conditions are indicated by labels on the Lower Right corner of each graph. Note that subject 20256R was not tested under the no-white-circle condition. The small symbols represent each subject's average perceptual match for Gain -1.5 stimuli (blue open symbols), Gain 0 stimuli (yellow filled symbols), and Gain + 1.5 stimuli (green filled symbols). The large stars are the group averages with SE of the mean bars. The red arrows show the extent to which the eye motion, and consequent retina contingent stimulus' world motion ( α WM ), deviated from Brownian. Arrows pointing Right indicate persistence ( α WM > 1), arrows pointing Left indicate antipersistence ( α WM < 1), and no arrow means that the motion was Brownian ( α WM = 1 + / -0.02). Longer arrows correspond to higher deviations from Brownian motion. The arrow length in the legend indicates pure persistence ( α WM = 2, straight line trajectory at constant velocity) if pointing Right or pure antipersistence ( α WM = 0, oscillatory motion) if pointing Left.;;1;;;;;Plot
655;10.1101_2025.09.11.675743.json;Figure 5. Quantification of phagocytic activity in BV2 microglial cells. BV2 cells were pre-treated with the indicated compounds ( T2M-010 or VG-3927 ) at a concentration of 25 µM, or vehicle control (DMSO) for 30 minutes, followed by exposure to green fluorescent latex beads. Phagocytic cells were defined as IBA1-positive cells containing at least one internalized fluorescent bead. Quantification is expressed as the percentage of phagocytic cells relative to vehicle control. Data represent mean ± SEM from 32 images per group across four independent biological replicates (n = 4). Statistical significance was assessed using Brown-Forsythe and Welch ANOVA followed by Dunnett's multiple comparisons test. **** p < 0.0001.;;1;;;;;Plot
656;10.1101_2024.06.21.600110.json;signatures from the Tabula Muris mouse model transcriptome database. The input gene set used included all upregulated genes in VAD lungs at 8 weeks with a p value < 0.05 (n=14). (L) Volcano plot showing targets of pro-proliferation transcriptional factors FOXM1, JUN, and E2F4 enriched in VAD lungs at 8 weeks (p < 0.05, n=14). (M) Proportion of hyperplastic epithelium in VAD always compared to controls at 8 weeks. Boxplots of (N) KI67-positive cell counts In the always and (O) Mk167 RNA expression In VAS and VAD lungs at 8 weeks (n=14). Hyperplastic ratlos were quantifled using QuPath (P,Q). Scale bar =;;1;1;1;;;Plot+Diagram+Photo
657;10.1101_2025.07.08.660448.json;Figure 2. Motifs enriched in the regulatory regions of the top and bottom-ranked T-cell genes . A ) Schematic representing the workflow for identifying novel motifs. B) The number of enriched novel motifs (y-axis) by regulatory region type (proximal or distal) and gene set (x-axis). C) The top 23 novel motifs enriched in regulatory regions associated with the 22 top-ranked genes (p-value < 0.05, fold change >2) are shown. Motifs are ordered by the number of top-ranked genes they are associated with. Grey points indicate the average number of genes from the comparator gene set that contain a site for the given motif (y-axis). D) The number of enriched TFBS from JASPAR (y-axis) by regulatory region type and the gene set (x-axis). E) The 23 TFBS motifs enriched in regulatory regions associated with the 22 top-ranked genes (p-value < 0.05, fold change >2) are shown (right). Motifs are ordered by the number of top-ranked genes they are associated with. Grey points indicate the average number of comparator genes containing a site for the given motif (y-axis).;;1;;1;;;Plot+Diagram
659;10.1101_2023.09.13.557676.json;Fig 1. The effect of vessel pruning on haemodynamic parameters. (A) The 3D structure of the vascular 171 network with pruned vessels. Gray: the structure after pruning and Pink: the pruned blood vessels. (B) 172 Blood f low intensity of the pre-pruning and the post-pruning structures. Color scale represented the 173 logarithmic normalized blood flow intensity (log 10 (ǁ u ǁ/ u in )). (C) The difference in the flow intensities 174 between the post- and pre-pruning structures in a logarithmic scale (log 10 ((ǁ u ǁ post - ǁ u ǁ pre )/ u in )). (D) 175 Pressure distribution of the pre-pruning and the post-pruning structures. Color scale referred to the 176 relative pressure to the outlet pressure, i.e., p-p out . ( E ) The difference between the pressures of the post177 and the pre-pruning structures, i.e., p post - p pre . 178;;;;1;;;Diagram
664;10.1101_2025.06.02.657265.json;Figure A1.3: Experiment 1: Individual trial distribution of [average corrected diffusion constant for perceived motion]/[average diffusion constant for world motion], or cD PM /D WM , from five subjects as a function of the Gains. The blue regions indicate the Gains where the stimulus' motion across the retina is in a direction that is directly opposite to eye motion. The green regions indicate the Gains where the stimulus' motion across the retina is in the same direction as eye motion. Each point represents one trial. Note that ratios for Gain 0 were removed.;;1;;;;;Plot
665;10.1101_2025.04.15.648987.json;Figure 5. SNP/Indel accuracy over HG002-004 reference samples. False positive and false negative of SNP and Indel are listed separately.;;1;;;;;Plot
666;10.1101_2025.08.12.669816.json;Figure 1. A. For each marsupial order, the number in green above the branch represents the number of orthogroups d have undergone a statistically significant expansion by CAFE and the number in red beneath the branch represents the n orthogroups deemed to have undergone a statistically significant contraction. The figure was created by manually annotat output onto the time calibrated phylogeny (see methods for more detail about how phylogenetic tree was generated). The represents 8 million years. B. Synteny plots generated by GENESPACE. The coloured blocks represent chromosome sc each species. The opossum was chosen to represent chromosome order as a model for the ancestral species. The dunn included in this plot as the genome was fragmented. deemed to e number of tating CAFE he scale bar scaffolds for nnart is not;;;;1;;;Diagram
668;10.1101_2025.05.03.651968.json;Figure 1: Spatial maps of (A) mean curvature, (B) uncompensated cortical thickness, and (C) globally compensated cortical thickness on the inflated cortical surface of a representative individual from the HCP-YA cohort. Insets of the medial prefrontal cortex highlight the spatial correspondence among maps, where regions with high positive curvature (e.g., gyri, bright areas in A) tend to appear thicker (red) in traditional thickness maps (B), an effect slightly attenuated in the globally compensated thickness map (C). (D) shows the group-average map of globally compensated cortical thickness, which illustrates the spatial distribution of cortical thickness after a partial correction of folding effects at the individual level and a marked attenuation of foldingrelated cortical thickness effects at the group level due to averaging of non-corresponding folding patterns across individuals. The black dots show the same locations in each image. (L: Lateral, M: Medial, SR: Single Regression);;;1;;;;Photo
669;10.1101_2025.04.28.650930.json;Figure 2 | Molecular hand-clenching of mKu homodimer: (a) EM map with the overlaid model showing two mKu monomers (coloured purple and salmon) interacting through three regions: (i) Bridge (1-3), (ii) Pillar (4), and (iii) Sling HTH motif (5). The numeric notations (1-5) denote the contact regions and do not indicate the;;;;1;;;Diagram
671;10.1101_2025.09.17.676819.json;Figure 5. Phylogenetic tree of TiLV Segment 9 and conservation of 5' initiator AUGs. (A);;1;;1;;;Plot+Diagram
672;10.1101_2024.12.19.629375.json;Fig. 1. Modelling and simulation workflow for class B1 GPCRs. ( A ) Structures of the 15 class B1 GPCRs in the active state used here with associated PDB accession codes. For CLR, the structure of CGRP used as the template in GPCRdb is shown. The approximate position in the membrane is shown by dotted lines. ( B ) Schematic of the B1 GPCR simulation workflow steps captured using aiida-gromacs. Orange boxes represent steps involved in enabling provenance capture and sharing, blue boxes represent steps for processing the protein structure, green boxes represent parametrisation and building of the molecular system, and purple boxes represent MD simulation steps. The CLI tools used in each workflow step are shown in grey text.;;;;1;;;Diagram
673;10.1101_2024.04.02.587830.json;Figure 5. Malate signaling is mediated by cADPR, cAMP and IP 3 .;;1;;;;;Plot
674;10.1101_2025.09.12.675721.json;"Figure 1. Domain structure of SARS-CoV-2 Np. The red rectangle within the linker IDR is the conserved SR-rich region (SRR) and the blue rectangle highlights the leucine-rich helix (LH); the SRR sequence (ancestral Np) and each of the phosphomimetic constructs used in this work are shown (top): green shading, 3D1; orange shading, 3D2; blue shading, 6D. Red letters indicate all ten SRPK1/GSK3 phosphorylated residues reported by Yaron et al. (80).";;1;;1;;;Plot+Diagram
675;10.1101_2025.07.08.660448.json;Supplemental Figure S3. The 22 bottom-ranked T-cell genes are associated with immune-related biological processes. The bar plot shows the enriched GO terms (y-axis, Benjamini-Hochberg corrected, p-value < 0.05) for the 22 bottom-ranked T-cell genes. The bars correspond to the number of genes associated with the specified GO Term. Colour corresponds to the score obtained from the GO term analysis. GO terms are ordered by their adjusted p-value.;;1;;;;;Plot
676;10.1101_2025.09.25.678391.json;Figure 6. ALE plots of the remaining 8 features that had the largest effect. The plots are displayed from left to right, then top to bottom in order of total effect magnitude. The plot colors correspond to the feature type (e.g. dark blue for muscle activity). All features represent the magnitude of the feature value (e.g. the magnitude of leading affected leg negative work). The baseline condition is that of the passive-elastic prosthesis with the -1 stiffness category.;;1;;;;;Plot
677;10.1101_2025.07.24.666531.json;Figure 2. Variation in proxies of mammal species descriptions comprehensiveness over time (1990-2022). Panels show overall trends for all mammals (gray), non-rodents and non-bats (red), bats (green), and rodents (blue). Proxies include the (a) number of evidence used in species descriptions, (b) number of pages in taxonomic description papers, (c) number of specimens examined in species descriptions, and (d) number of taxa compared to distinguish new species. rs denotes the Spearman's correlation between the year of description and annual means for each variable. We applied Bonferroni corrections to p-values to account for multiple comparisons. Vertical lines represent standard errors, and shaded areas around the regression lines represent 95% confidence intervals.;;1;;;;;Plot
678;10.1101_2025.07.29.667383.json;Figure 1. A Direct-to-biology platform for PROTAC synthesis: (A) Comparison between a conventional PROTAC development and a direct-to-biology (D2B) approach. (B) Different parameters that need to be optimized for a successful D2B PROTAC development including miniaturization. (C) A chemically diverse set of azides is transferred to 384 well plates that can be directly used in the Mini-Click synthetic approach.;;;;1;;;Diagram
679;10.1101_2025.05.31.657027.json;Figure 1: Distribution of average confidence scores for SCOP and CATH alignments. Each dataset is shown for both full alignments and their trimmed versions (Gblocks-style trimming with > 50% gap removal).;;1;;;;;Plot
680;10.1101_2023.04.04.535507.json;Figure 2. Characteristics of the L. striatellus saliva carbonic anhydrase (LssaCA).;;1;;1;;;Plot+Diagram
682;10.1101_2024.10.31.621279.json;"Supplementary Figure 2. Main effects of frequency and accuracy in the feedback-locked pupil time courses. Left column, results from the cue-target 2AFC task. Right column, results from the letter-color 2AFC task. (A) Mean feedback-locked pupil response across all trials. (B) Feedback-locked pupil response time course plotted as a function of accuracy. (C) Feedback-locked pupil response time course plotted as a function of stimulus-pair frequency. (D, E, F) as A, B, C for the letter-color 2AFC task. Gray boxes, time windows of interest; early time window, [0.75, 1.25]; late time window, [2.5, 3.0]. Shading represents the standard error of the mean. The black horizontal bars indicate a significant effect of interest (panels A-E were cluster-corrected for multiple comparisons; panel F, a one-way repeated-measures ANOVA was conducted on each time point and corrected for multiple comparisons with the false discovery rate).";;1;;;;;Plot
683;10.1101_2024.09.03.610982.json;Figure 2 Cholinergic modulation of RAPNs' mEPSCs in adult female zebra finches;;1;;1;;;Plot+Diagram
684;10.1101_2022.05.01.490196.json;Figure 4. Equilibrium smFRET from VcINDY ext (left) and VcINDY int (right) in the presence of sodium and succinate (buffer HS). Example donor (green) and acceptor (red) fluorescence intensity trajectories, with corresponding E FRET trajectories (blue) and idealized trajectories (black) are shown. Several trajectories shown include donor fluorescence intensity after the acceptor fluorophore has photobleached, but this was removed prior to further analysis.;;1;;;;;Plot
685;10.1101_2025.06.03.657562.json;Figure 7. Amplitude modulation of stimulus position in intrinsic coordinates. A. Group-level SEPs for each stimulus position, encoded in intrinsic coordinates, are plotted for two representative channels (C1/2 top row, P5/6 bottom row). Different colors indicate different stimulus positions. Black boxes highlight time windows where regression analysis detected significant amplitude modulation, revealing a negative gradient in amplitude from position 1 (most leftward for the left hand, most rightward for the right hand) to position 8. B. To better visualize the gradient, the same signals are plotted after binning (20 ms window) and normalization, i.e., the intercepts estimated through regression models were subtracted from the amplitude values at each time point. C. Normalized individual amplitude values (colored dots) and mean amplitude values (black dots) and are plotted against intrinsic stimulus position. The regression line (with SEM) illustrates the decrease in amplitude across positions for the corresponding time-windows marked in panel A (160-300 ms for C1/2 and 320-460 ms for P5/6). series, averaged across participants, is shown in black;;1;;;;;Plot
689;10.1101_2024.09.27.615364.json;Fig 6. Histograms of swing/stance and transition scores for different leg types. Each histogram displays the distribution of encoding scores of 224 INs. Pooled for left and right legs, the top row shows swing/stance encoding with separate panels per leg. A score of one indicates a perfect swing encoder, while a score of zero indicates a perfect stance encoder. The second row presents the scores for the encoding of phase transitions, where a score of one indicates a perfect swing-to-stance encoder and a score of zero indicates a perfect stance-to-swing encoder. Blue and green numbers at the bottom of each histogram report the counts of strongly encoding INs, with scores below 0.25 or above 0.75, respectively. The numbers inside the boxes on the dotted lines label the lowest 5 % and highest 5 % of the distribution, respectively.;;1;;;;;Plot
690;10.1101_2025.10.01.679787.json;Figure 4. Neutralizing activity and target epitopes of monoclonal antibodies. (A) SARSCoV-2, SARS-CoV-2 B.1.351, SARS-CoV-2 BA.1, SARS-CoV-2 XBB1.5 and SARS-CoV pseudovirus neutralization activity. IC50 values in ng/ml for the indicated pseudoviruses. The red line shows the geometric mean indicated in red. Statistical significance was determined using the Kruskal-Wallis test with subsequent Dunn's multiple-comparisons test. (B) Pie charts depict the fraction of antibodies that neutralize 0 (white), 1 (black), 2 (gray), 3 (blue), 4 (purple), 5 (orange) pseudoviruses with an IC50<1000 ng/ml. The number indicates the number of antibodies tested. Statistical significance was determined using the two-sided Fisher's exact tests. (C) Pie chart represents epitope target class for all monoclonal antibodies with binding activity to SARS-CoV-2 RBD determined by competition BLI. The number indicates the number of antibodies tested. (D) Pie chart represents epitope target class for all monoclonal antibodies that neutralize more than 1 pseudovirus. The number indicates the number of antibodies tested. Statistical significance in BD was determined using two-sided Fisher's exact tests.;;1;;1;;;Plot+Diagram
692;10.1101_2025.04.23.650164.json;Fig. S12 Exposure of the receptor binding motif (RBm) during the MD simulations. (AC-E) Solvent Accessible Surface Area (SASA) (Å 2 ) of the RBm versus time (µs) and (B-D-F) the probability density versus SASA of RBm (Å 2 ) for the simulated systems of (A-B) closed spike with heparin bound (from Paiardi et al. 2 ) and for the four replica MD trajectories of the two systems of closed spike glycoprotein with (C-D) K5OSH and (E-F) K5NOSH bound simulated in the current study. (A-C-E) The SASA is computed along the simulations while (B-D-F) the probability density is computed on the converged MD trajectories (from 0.2 to 1 μs) and is shown for each subunit - S A , S B , S C - in blue, pink, and brown for systems with heparin bound, in blue, teal, and cyan for systems with K5 compounds bound. (B-D-F) The dashed lines showing the mean values for the single distribution are colored according to the SASA of the respective subunit.;;1;;;;;Plot
694;10.1101_2025.07.03.661155.json;Figure 4. Structural alterations of benzimidazole agonists. (a) Chemical structures of reduced benzimidazole compounds and alterations to carbamate group. (b) Effect of reduced nocodazole on NOD2 activation. HEK-Blue NOD2 cells were treated with each compound at indicated concentrations 16 h using a colorimetric assay (n=4). p value calculated by one-way ANOVA (ns=not significant, * p<0.1, *** p< 0.001, **** p<0.0001). (c) Effect of reduced mebendazole on NOD2 activation. HEK-Blue NOD2 cells were treated with each compound at indicated concentrations for 16 h using a colorimetric assay (n=4). (d) Effect of reduced flubendazole on NOD2 activation. HEK-Blue NOD2;;1;;1;;;Plot+Diagram
696;10.1101_2025.04.07.647511.json;Fig. 2. Behavioral results for auditory (unimodal) trials. A. Psychometric functions were fitted to the delay detection data for each experimental condition. B. Across both groups, the TRE manifested as a rightward shift of the functions;;1;;;;;Plot
697;10.1101_2025.09.25.678545.json;Figure 7: Summary of agreement between FEP or MMGBSA calculations and experimental data quantified by ( a / b ) Kendall τ and ( b / c ) offset-corrected mean unsigned error (ocMUE) in kcal mol -1 , summarized from all receptors. Error bars show 68 % confident intervals obtained from bootstrapping among the ligands from all sets. Pairwise significance difference matrices are for ( b ) τ and ( d ) ocMUE. An arrow indicates a statistically significant difference pointing to the combination of method/force field with the better statistical metric. Equal symbols indicate an insignificant difference. The set SAMPL6-OA is excluded to ensure consistence in the analysis across force fields. The extreme outlier lig 4 from the Thrombin set was excluded.;;1;;1;;;Plot+Diagram
698;10.1101_2025.09.13.671265.json;Figure 1: Graphical abstract of the approach for pathway design applied in this study. Graph-grammatical building blocks like rules (in purple) and starting molecules (in green) are used to expand a chemical space. During the expansion, new molecules are created (in blue). On this space, an ILP search is performed to find pathways, where the solutions are evaluated. Highlighted in darker colors are the different pathway solutions.;;;;1;;;Diagram
699;10.1101_2025.04.23.650164.json;Fig. S9 Conformational fluctuation of closed spike in the simulated systems. (A) The root mean squared fluctuation (RMSF) (Å) versus residue number of the three subunits of the spike upon heparin binding was retrieved from Paiardi et al. 2 . The four replica MD trajectories of the two simulated systems in the presence of K5OSH and K5NOSH are from the current study. The RMSF values for the individual subunits - S A , S B , S C , - were calculated for the C-alpha atoms of residues 14-1138 and are shown in blue, pink, and brown for the heparin-spike complexes, and in blue, teal, and cyan for the K5-spike complexes. The red boxes enclose the NTD (residues 14-294) and RBD (residues 319-541) of the closed spike subunits upon K5OSH engagement. The average and standard deviation of the RMSF values for the NTD (B) and RBD (C) over the replica MD trajectories of the simulated systems upon heparin (green), K5OSH (pink), and K5NOSH (purple) binding are plotted per residue along the sequence.;;1;;;;;Plot
700;10.1101_2023.04.08.532456.json;Figure 1. Visual stimuli and psychophysical performance of human and monkey subjects. A-B. Motion speeds of visual stimuli. The speeds of two stimulus components were plotted versus the log mean speed of each bi-speed stimulus. C-D. Discriminability of four human subjects performing a standard 2AFC task. E-F. Discriminability of the same four human subjects performing a 3AFC task. G-F. Discriminability of a monkey subject (BJ) performing a 2AFC task. A, C, E, G . X4 speed separation. B, D, F, H . X2 speed separation. Each color represents data from one subject. The solid line shows the subject-averaged result. Error bars and error bands represent ±STE.;;1;;;;;Plot
701;10.1101_2025.05.03.652040.json;Figure 4. Gene expression driving separation among Chinese SA cohorts is also reflected in Caucasian and Afro-Caribbean populations. (a) PLS-DA on the top 10 and bottom 10 genes identified in the spaceflight PC3. (b) The loadings of the first two latent variables for PC3. (c) PLS-DA for PC4. (d) Loadings for PC3. (e) PLS-DA for PC6. (f) Loadings for PC6. Loadings with a VIP>1 are labeled with a star. The color on the loadings represents the highest contribution to SA or control by the specific gene.;;1;;;;;Plot
702;10.1101_2025.07.07.663569.json;"Figure 8. Grand-averaged CDA waveforms and mean amplitudes for trial-repeated colors and trial-unique objects. (A) CDA activity (contralateral minus ipsilateral activity at posterior electrode sites; P3/P4, P7/P8, PO3/PO4, PO7/PO8) time-locked to the memory onset and averaged across participants, plotted separately for repeated colors (left) and unique objects (right) at set sizes 1 (green), 3 (sky blue), and 5 (blue). Vertical dotted lines mark stimulus onset (0 ms) and offset (1000 ms), and gray shading indicates Encoding (400-1000 ms from stimulus onset), Delay (1400-2000 ms), and Combined (400-2000 ms) measurement windows. Shaded error bars represent standard error of the means (SEM). (B) Mean CDA amplitudes during the early (left), late (middle), and combined (right) time windows as a function of set size for unique objects (triangles on blue line) versus repeated colors (circles on red line). Error bars represent SEM.";;1;;;;;Plot
703;10.1101_2024.02.27.582302.json;Fig. 2 | Predicting brain activity from the VLS. a, Linear prediction of brain activity from VLS for ~135 speaker identities in the different ROIs. We first fit a GLM to predict the BOLD responses to each voice speaker identity. Then, using the trained encoder, we computed the average VLS coordinates of the voice stimuli presented to the participants based on speaker identity. Finally, we trained a linear voxel-based encoding model to predict the speaker voxel activity maps from the speaker VLS coordinates. The cube illustrates the linear relationship;;;;1;;;Diagram
704;10.1101_2025.09.25.678487.json;Supplementary Figure 1. Impact of HMGB1 depletion on DNA repair protein levels in A2780 and CP70 cells in response to cisplatin treatment. Representative western blot panels for A, A2780 and B, CP70 cells. Cells were transfected with non-targeting siRNA (siNT) or HMGB1targeted siRNA (siHMGB1) and then incubated with cisplatin for 24 hours before harvesting for western blot analysis. (See the Methods section for a detailed description), β -actin was used as a loading control. C, D, Quantification of normalized band intensities represents the relative fold changes in protein levels, normalized to the 0-hour timepoint in the siNT group. Error bars are mean ± SEM from at least three independent replicates. Statistical significance was analyzed using twoway ANOVA with Sidak's multiple comparison test. * p-value <0.05, ** p-value <0.01, ***p-value <0.001, **** p-value <0.0001, ns = not significant.;;1;;;;;Plot
707;10.1101_2025.04.23.650164.json;Fig. S7 Structural convergence of the open spike during the four replica simulations of each complex. Root mean squared deviation (RMSD (Å)) versus time (μs) for the simulated systems of open spike with heparin bound were retrieved from Paiardi et al. 2 . The four replicas MD trajectories of the two simulated systems of open spike glycoprotein systems upon K5OSH and K5NOSH engagement were from the current study. The RMSD values for the individual subunits - S A , S B , S C - were calculated for the C-alpha atoms of residues 51-1063 for each spike subunit and are shown in blue, pink, and brown for the spike-heparin complex, and in blue, teal, and cyan for the spike-K5 complexes.;;1;;;;;Plot
709;10.1101_2025.04.09.648026.json;Figure S6. α-Syn PFF injected animals recorded more total movement in the open field chamber compared to PBS mice. (A) Bar chart showing locomotion for 16-20 mice/genotype/treatment group. (B) Bar chart showing sex differences in locomotion of 810 mice/sex/genotype/treatment group. Error bars represent standard error (SE). Significance was determined using a two-way ANOVA and Tukey's Honestly Significant Difference (HSD) test with a 95% confidence interval. See Tables S15-S17 for ANOVA summary statistics. ▪ = p < 0.1, * = p < 0.05, ** = p < 0.01, *** = p < 0.001.;;1;;;;;Plot
710;10.1101_2025.09.11.675743.json;"Figure 3. SAR-by-catalog study of T2K-014 derivatives. A) Single-concentration screening of 27 T2K-014 derivatives against TREM2 protein (10 nM) at 100 μM using TRIC analysis. Yellow dot: negative control (TREM2 alone); green dot: positive control ( T2K-014 ). Dashed lines represent the threshold for hit identification, corresponding to signals exceeding 5-fold the standard deviation of the negative control. Blue dots indicate validated TREM2binding hits; red dots represent compounds causing aggregation or fluorescence interference. B) Chemical structures of four T2K-014";;1;;1;;;Plot+Diagram
711;10.1101_2025.08.23.671809.json;Figure S2B: Analysis of UMAMIT30 gene expression in wild-type and umamit30-2 plants by RT-PCR. Blank = no template control. Source gel (uncropped full-length gel) for Figure 2B in the main text. RT-PCR primers are located in Table S1.;;1;1;;;;Plot+Photo
713;10.1101_2025.07.30.667774.json;Figure S1 - Differential activation of defence reporters by AvrPstB48 reveals genotypedependent recognition. Normalised luminescence signals from protoplast-based defence reporter;;1;;;;;Plot
714;10.1101_2025.09.30.679521.json;"Figure 2 X-ray crystallographic structure of SARS-CoV2 nsp14 in complex with (A) compound 5 , (B) compound 6 , (C) compound 18 , (D) compound 26 and (E) compound 27. (F) Superimposition of the five compounds ( 5 , 6 , 18 , 26 , and 27 ), demonstrating the conservation of the binding modes. PDB codes for structures nsp14 bound to compound 5 , 6 , 18 , 26 and 27 are respectively; 9SAJ, 9SAK, 9SAL, 9SAM and 9SAN. Hydrogen bonds and π -stacking interactions are shown as dashed lines (grey and orange, respectively), and the electron density is shown as a mesh, 2Fo -fc: +1.0σ (grey); Fo -Fc omit map: +3.0σ (green); FoFc omit map: -3.0σ (red) .";;;;1;;;Diagram
715;10.1101_2025.06.14.659486.json;Supplementary Figure 5: a) Representative images of organoid size analysis. Brightfield image of dome with corresponding color-coded image segmentation masks for individual organoids on left, and brightfield image of organoids within droplets with corresponding green image segmentation masks for individual organoids on right (scale bars 1 mm). b) Representative images of cell viability analysis, overlay brightfield and fluorescence image with the corresponding segmentation mask. Life cells stained by Calcein AM are shown in green and dead cells stained with ethidium homodimer-1 are shown in orange (scale bars 200 µm).;;;1;;;;Photo
716;10.1101_2025.03.13.642599.json;Figure 4 Sickle RBCs marginating in response to hypoxia when present in mixtures of healthy RBCs. a) RBCs from a donor without SCD (AA RBC) are mixed with stained sickle RBCs (SS RBC) at volume ratios of 195:5, respectively. Under 21% oxygen, all cells are deformable. Therefore, the fluorescent signal represents deformable RBC flow. Under 0% oxygen, the sickle RBCs stiffen and provide a fluorescent signal for the spatial distribution of the cells. b) Schematic of the microfluidic channel geometry for blood flow. c) Representative fluorescent images of cells flowing in the microfluidic device under 21% oxygen. Images taken at 5x magnification show 6 of the 12 channels in the device. d) Spatial distribution of fluorescent signal under 21% oxygen for SS RBCs. e) Representative drawing of RBC flow arrangement in heterogeneous mixtures when all cells are deformable. f) Representative fluorescent image of cells flowing in the microfluidic device under 0% oxygen. Images taken at 5x magnification show 6 of the 12 channels in the device. g) Spatial distribution of fluorescent signal under 0% oxygen for SS RBCs. h) Representative drawing of RBC flow arrangement when the SS RBCs are stiff due to hypoxia. i) Experimental image of polystyrene beads marginating in healthy blood. Red circles highlight beads for clarity. Scale bars represent 100 µm . Data shown for a single representative blood sample.;;1;1;1;;;Plot+Diagram+Photo
717;10.1101_2025.03.20.644192.json;Figure 2: SidBait identifies ribociclib as an active site inhibitor of CaMKII.;;1;;1;;;Plot+Diagram
719;10.1101_2025.05.31.657027.json;Figure 3: Correlation between gap fraction and average confidence score for CATH alignments. Each point represents a single alignment, and a linear regression line (with 95% confidence interval) is overlaid in red. Similar to SCOP, a strong negative correlation is observed (r= -0 . 79).;;1;;;;;Plot
722;10.1101_2022.05.01.490196.json;Figure 2-Figure Supplement 1. Cartoon schematic of approach to yield donor- and acceptor- fluorophorelabeled VcINDY homodimers. Site-directed mutagenesis is used to remove all codons encoding cysteine from a plasmid-based 'wild type' VcINDY gene (1) to yield a 'cys-less' variant (2), and used further to introduce a single codon encoding cysteine (3). This is over-expressed in Escherichia coli ( E. coli ), and purified to yield homodimers with single-cysteine containing protomers (4). The homodimers are labeled with a 1:1 ratio of maleimide-conjugated donor- : acceptor-fluorophore (5). Only those homodimers that are labeled with both a single donor- and single acceptor-fluorophore are computationally selected after imaging.;;;;1;;;Diagram
723;10.1101_2025.07.29.667383.json;Figure 3. Overview of the modified E3 ligands used in this work: Chemical structures of the E3 ligase azide combinations (48 in total) targeting CRBN (blue shades) and VHL (green shade). (A) Nine derivatives based on 4'-;;;;1;;;Diagram
725;10.1101_2024.07.26.605262.json;Figure 3. S pectral power of the slow oscillation frequency band. Topographical statistical maps of the difference in SO (0.5 -1.25 Hz) spectral power between the IMMO and CTRL groups during the first 20 minutes of NREM2 sleep. The color bar represents the t-test values. Negative t values (blue) represent lower spectral power for the IMMO group (n = 15) compared with the CTRL group (n = 15). White areas represent non-significant difference between groups after permutation test (1000 permutations). The red dots highlight the electrodes with statistical difference after correction for multiple comparisons using the Benjamini-Hochberg procedure to control the false discovery rate (Ntest = 63).;;;;1;;;Diagram
726;10.1101_2023.07.21.550102.json;Fig. 4 : Neural implementation of the performance-based arbitration model. (a) Affordance-compatibility scores of the chosen action correlated with the high-level visual area including V3 in the left occipital lobe (b) The chosen action value was significantly identified in the mPFC. (c) Action selection probabilities of the chosen action were found in various regions of the cortical grasping circuit. (d) Performance of the value-based decision-making signals (e) BOLD signals of the performance of the affordance-based decision-making. (f) The fMRI correlates of the difference between the performances of two systems ( Perf aff -Perf q ), which is directly related to the arbitration weight. (g) PPE signals for tracking performances of the two systems were identified in the striatum. All the results were cluster-corrected p < 0 . 05 with the cluster defining threshold z = 3 . 1.;;;1;;;;Photo
727;10.1101_2025.04.25.650619.json;Figure 5: Sustained PD and MS responses to REG vs RND scenes . The shaded area shows SEM. The horizontal bars show time intervals during which significant differences were observed between conditions (p<0.05).;;1;;;;;Plot
728;10.1101_2025.10.10.681551.json;Figure 7. Volcano plot of cell clusters in 'Allen Brain Atlas 10x scRNA 2021' category. Red ones are associated with adjusted P -values less than 0.05. PC2: ℓ 1 = 2 and PC3: ℓ 1 = 3.;;1;;;;;Plot
730;10.1101_2024.08.26.609718.json;Fig. 4 Evaluation of different methods based on scalability and biological function discovery. (a) Running time plot for different methods across the three datasets. We annotate the maximum number of cells for methods that meet OOM errors in this figure. (b) Comparisons of different methods in analyzing the osmFISH-brain dataset. We do not report results from SpatialDE due to out-oftime (OOT) errors and SpatialDE2 due to OOM errors. (c) Comparisons of different methods in analyzing the Xenium-breast dataset. (d) comparisons of different methods in analyzing the seqFISHembryo dataset. We do not report results from SpatialDE due to OOT errors and SpatialDE2 due to OOM errors. (e) Comparisons of 1st SV gene (left panel) and 1st HV gene (right panel). The plots show the expression distribution of Miat and Tshz1 from the imputed osmFISH-brain dataset. (f) Comparisons of 1st SV gene (upper panel) and 1st HV gene (lower panel). The plots show the expression distribution of PTGDS and ISG15 . (g) Examples of novel ligand-receptor pairs from the results of VISTA, discovered by CellPhoneDB [27] in the imputed Xenium-breast dataset. The color and circle size are explained in the legend part. We take out the parts related to malignant tumor cells and other cells.;;1;1;1;;;Plot+Diagram+Photo
733;10.1101_2023.12.01.569683.json;Fig. 6 Influenza A virus protein NS1 potentiates PA-X activity. A) HEK-;;1;;;;;Plot
734;10.1101_2024.12.28.630610.json;Figure 9: Growth of cancer cells for the Cooperation resistant fitness matrix under no treatment versus migrastatic treatment. (A) Migrastatic treatment effectively reduces overall tumor burden over 100 generations. (B) This effect stems from delayed and reduced metastasis formation with metastases emerging later. (C) Migrastatic treatment consistently maintains smaller metastasis size. All results are averaged over 50 simulations.;;1;;;;;Plot
735;10.1101_2025.07.14.664713.json;Figure 3. Experimental setup for ultrasound transmission and comparison with numerical model predictions. a);;1;;1;;;Plot+Diagram
736;10.1101_2024.12.04.626811.json;Figure 2 . General knowledge of gut microbiota-related concepts (number of responses for each question in order of appearance n = 674, n = 674, n = 672, n = 653, n = 592).;;1;;;;;Plot
737;10.1101_2024.11.19.624303.json;Figure 5. Distractor-locked pupil dilation (group-average, AAV-PAV subtraction curves) as a function of the distractor position (DIS1, DIS2, DIS3). A : with subtraction of the surrogate DIS-locked PDR & a 250-ms predistractor baseline subtraction. B : with a 250-ms pre-cue baseline correction. Shadowed areas surrounding the curves represent standard errors of the mean. Blue areas correspond to the time window where the distractor position is significant. For these time windows, boxplots with individual data are depicted (mean pupil dilation amplitude in 500ms time-windows). Within each boxplot, the horizontal line represents the group median, the box the first and third quartiles, the whiskers the largest value under 1.5*IQR. (IQR = inter-quartile range). Superimposed to each boxplot, the dots represent individual means. * p < 0.05, ** p < 0.01, *** p < 0.001. AAVPAV: Active Audio-Visual - Passive Audio-Visual condition.;;1;;;;;Plot
738;10.1101_2022.03.28.486070.json;"Figure 2 - figure supplement 1 | Spatio-temporal GUS expression driven by PACE and the NIN promoter in L. japonicus roots during the bacterial infection process. L. japonicus wild-type hairy roots were transformed with T-DNAs carrying a Ubq10 pro :NLS-GFP transformation marker together with a GUS reporter gene driven by either of the indicated promoters: ( A ) the 3 kb LjNIN promoter ( NIN pro ); the LjNIN promoter with PACE ( B ) mutated ( LjNIN pro ::mPACE ) or ( C ) deleted ( NIN pro ::ΔPACE ); ( D ) PACE fused to the LjNIN minimal promoter ( PACE:NINmin pro ) or ( E ) the LjNIN minimal promoter ( NINmin pro ). The progression of bacterial infection was determined by the Ds Red signal 10 - 14 days post inoculation (dpi) with M. loti Ds Red. Nodules undergoing different stages of infection (panels I to IV) were stained with X-Gluc to reveal the GUS expression pattern. Note the overlapping bacterial invasion zone and PACE:NINmin pro :GUS expression in early infection stages (red and blue arrowheads in ( D )) as well as the differences between PACE:NINmin pro :GUS and the much broader NIN pro :GUS expression at that stage (red and blue arrows in ( A )). Red arrow and arrowheads: M. loti Ds Red. Blue arrow and arrowheads: GUS activity in root hairs bearing ITs and nodule primordia, respectively. The NINmin pro : GUS fusion gave only rarely detectable signal, and if so in the vasculature (yellow arrowhead in ( E )). Only pictures taken under white light illumination (WLI) are displayed for nodules in panel VI to reveal the pink colour of leghemoglobin, characteristic for mature and fully infected nodules. Note that PACE:NINmin pro :GUS expression was absent at this stage, whereas the NIN pro :GUS resulted in strong blue staining in the nodule regardless of the presence of PACE (compare panel IV in ( D ) and ( A - C )). ( F ) Quantification of transgenic root systems exhibiting GUS expression in different cell types and tissues exemplarily displayed in ( A - E ). ( G ) PACE drove GUS reporter gene expression in the central tissue of primordia and nodules, but was not sufficient for expression in root hairs. Transgenic roots carrying promoter:GUS fusions same as in ( A, D and E ) were inoculated with M. loti lacZ and dual-stained with X-Gluc and Magenta-Gal. Purple: M. loti lacZ . Blue: GUS activity. Note the co-existence of blue and purple staining in root hairs on roots transformed by NIN pro :GUS , but not that transformed by PACE:NINmin pro :GUS . Bars, 250 μm.";;;1;;;;Photo
739;10.1101_2025.09.30.679521.json;"Scheme 3. Synthetic Route for Compounds 26 and 28. Reagents and conditions (a) K2OsO4, NMO, THF, t-BuOH, H2O, rt, 16 h, 54%; (b) TBDPSCl, 1H-imidazole, DMF, 25 °C, 24 h, 63%; (c) CbzCl, LiHMDS, THF, 70 °C, 30 min, 92%; (d) NaBH 4 , THF, MeOH, 0 °C, 2 h, 97%; (e) H 2, Pd/C, THF, rt, 16 h, 82%; (f) TEA, n-BuOH, 130 °C, 24 h, 78%, 77%; (g) NH 3 /MeOH, 90 °C, 16 h, 77%, 92%; (h) Ms 2 O, TEA, THF, 20 °C, 16 h, 72%, 90%; (i) sodium benzo[d]thiazole-2thiolate, DMF, 50 °C, 16 h, 55%, 50%; (j) KF, MeOH, 50 °C, 16 h, 43%, 55%.";;;;1;;;Diagram
742;10.1101_2025.07.02.662878.json;"Figure 3 . Comparison of DTI-derived parametric maps across spinal cord segments post-lesion. FA, fractional anisotropy; AD, axial diffusivity; RD, radial diffusivity. DNR, dorsal nerve roots; DREZ, dorsal root entry zone. Lesion site is indicated by symbol '+'. Ctrl, contralateral side of spinal cord. Unilateral changes in DNR and DREZ regions on the lesion side are detected and indicated in FA and RD maps acquired post-lesion. n. ts; of nd";;;1;;;;Photo
743;10.1101_2025.04.23.650164.json;Fig. S14 Conformational change of the hinge region of the up-RBD during the simulations. (A-C-E) The root mean square deviation (RMSD) (Å) of the hinge region versus time (µs) and (B-D-F) the probability density versus RMSD of the hinge region (Å 2 ) for the simulated systems of (A-B) closed spike with heparin bound (from Paiardi et al. 2 ) and for the four replica MD trajectories of the two systems of closed spike glycoprotein with (C-D) K5OSH and (E-F) K5NOSH bound simulated in the current study. (A-C-E) The RMSD values were calculated for the C-alpha atoms of residues 527-529 a long the simulations while (B-DF) the probability density was computed on the converged MD trajectories (from 0.2 to 1 μs) and is shown for each subunit - S A , S B , S C - in blue, pink, and brown for systems with heparin bound, in blue, teal, and cyan for systems with K5 compounds bound. (B-D-F) The dashed lines showing the mean values for the single distribution are colored according to the SASA of the respective subunit.;;1;;;;;Plot
744;10.1101_2024.06.06.597786.json;Extended Data Fig. 4 Ulnar nerve neurectomy results in target tissue denervation and compromised callus formation. a-d C57BL/6J male mice underwent ulnar nerve neurectomy or sham surgery, followed by analysis one wk thereafter. a,b Intraepidermal nerve fiber frequency (IENF), shown by representative images of PGP9.5 immunostaining and quantification of skin of the 5 th digit, 1 wk after neurectomy or sham surgery. c Representative images of pan-neuronal marker TUBB3 (Beta III Tubulin), sensory neuronal marker CGRP (calcitonin gene related peptide) and sympathetic neuronal marker TH (Tyrosine hydroxylase) immunostaining of midshaft ulna periosteum, 1 wk after neurectomy or sham surgery. d Quantification of TUBB3 + , CGRP + and TH + nerve fibers of the midshaft ulna periosteum. Scale bar: 50μm. N=5 mice per group. Values plotted are the means with errors bars representing ± 1 SD. e Histology of fracture callus from sham and neurectomy groups. C57BL/6J male mice underwent ulnar nerve neurectomy or sham surgery, followed by end-loading induced stress fracture of the ulna 1 wk thereafter. Histologic analysis performed 2 wks post-fracture. Representative H&E, Safranin O/Fast Green (SO/FG) and alkaline phosphatase (ALP) staining from sham and neurectomy groups. Scale bar: 250μm. N=6 mice per group.;;1;1;;;;Plot+Photo
745;10.1101_2024.12.11.627930.json;Figure S3. Result from single-QTL analyses for Cross 2. Colours indicate FRE (blue), MRE (red) and rMA (green). Dashed horizontal lines indicate significance thresholds ( p = 0.05) inferred by 1000 permutations, vertical dashed lines indicated positions of QTL. Black bars at the bottom indicate location of RAD loci on linkage maps.;;1;;;;;Plot
746;10.1101_2025.07.08.660448.json;Supplemental Figure S12. The position of a motif relative to the core-promoter has a significant effect on gene transcription. A) Schematic of the oligonucleotides used for the analysis. Only oligos containing a single copy of two distinct motifs were used to determine if the motifs of interest have a different effect on gene transcription depending on whether they are the first or second motif in the oligo relative to the core-promoter. B) The position of the motif relative to the core-promoter has a significant effect on gene transcription (* Wilcoxon t-test, Bonferroni corrected, p-value < 0.007) in B) Jurkat and C) K562 cells, left. The preference for the position is displayed in the figure on the right for both Jurkat and K562 cells.;;1;;1;;;Plot+Diagram
747;10.1101_2025.08.29.672906.json;"Fig. 8: Prevalence and co-occurrence patterns of defence systems in S. suis genomes. (A) Prevalence of defence systems across all genomes. Bars represent the percentage of genomes encoding each validated defence type ( excludes those in the 'Padloc Defence Candidates' and 'Phage Defense' categories). Network of statistically cooccurring (B) and dissociated (C) subtypes identified using Coinfinder (includes the unvalidated PDC and PD systems). Nodes represent individual subtypes; edges indicate co-occurrence or dissociating events that were more frequent than expected by chance. Node size in panels B and C is scaled to betweenness centrality. Node colours in B and C represent communities identified by modularity-based community detection in Gephi.";;1;;1;;;Plot+Diagram
749;10.1101_2024.06.14.599120.json;Figure 5. rad51-ED and rad51-KN shifts the balance from damage avoidance to;;1;;1;;;Plot+Diagram
750;10.1101_2025.09.29.679119.json;Fig. 1 Boxplots show the δ 13 C values from exhaled breath during flight of P. rapae females. Significant differences between the δ 1 3 C from control (blue boxplot) and females that consumed 13 C-labelled nectars indicate that a nectar-derived nutrient (sugars, glycine, proline, or threonine) was oxidized during flight.;;1;;;;;Plot
751;10.1101_2025.06.27.661915.json;"Figure 5 . Discovery of readers and antireaders of symmetrically and asymmetrically hmC-modified DNA from mouse brain tissue by enrichment/proteomics . (a) Overall number of enriched reader proteins for indicated DNA probes. (b) Venn diagrams for significantly enriched proteins for indicated probes (note that color code refers to both DNA strands); see Table S4 for protein names. (c-f) Volcano plots from pairwise probe comparisons (p-value < 0.025 and log2-fold change >1.5). (g) Heatmap of correlation-based clustering of the label-free quantification (LFQ) intensities after log2 transformation and normalization by row mean subtraction. Proteins included in the clustering significantly bind to at least one of the probes as determined by an ANOVA test.";;1;;1;;;Plot+Diagram
753;10.1101_2024.11.20.624446.json;Figure 2 Activation statistics of literature-defined regions. Each plot corresponds to peak activation coordinates in MNI space, based on previously reported studies. Activation values were extracted from individual-level analyses comparing noun and verb conditions against baseline. The group differences were tested using two-sample t-tests. P -values were corrected for multiple comparisons using the Benjamini-Hochberg false discovery rate (FDR) method.;;1;;;;;Plot
754;10.1101_2025.03.05.641278.json;"Fig. 4. Disease scale used to evaluate oat, barley, and wheat genotypes against Pseudomonas coronafaciens pv. coronafaciens . A) symptoms on barley , B) symptoms on oat : Resistant (R) = necrosis of the marked area with no water-soaking; Moderately Resistant (MR) = necrotic area with low level of water-soaking on the periphery of the nfiltrated area; Moderately Susceptible (MS) = water-soaking limited within the infiltrated area; Susceptible (S) = water-soaking of the infiltrated area and the symptom extended beyond the infiltrated area.";;1;1;;;;Plot+Photo
756;10.1101_2025.03.13.642599.json;Figure 5 Axial variations in local RBC volume fractions and extreme profile blunting occur at high stiff cell fractions. a) Axial variations in the local RBC volume fractions in the microfluidic channel for sickle blood under 0% oxygen. The bright region has low RBC concentration while the dark region has a higher RBC concentration. Regions are noted by arrows for clarity. b) The local HCT was quantified over the length of the experimental channel. Oscillations in the local HCT fluctuated between 12% and 35%. c) The local HCT across the length of the channel at 21% oxygen. d) Local flow data is chunked into high (blue) and low (green) HCT regions. Local flow profiles within each region are measured and compared to the corresponding HCT. e) Normalized flow profiles from the high HCT region (blue circle) and low HCT region (green circle) are plotted and compared to 21% oxygen (orange square). The normalized flow profiles reveal that extreme blunting occurs in the higher HCT region. f) Vwall/Vmax from chunked data is plotted against the corresponding HCT. g) Average speeds from the chunked data plotted against corresponding HCT. Data in panels b,c,e,f, and g were obtained from a single representative SCD blood sample.;;1;1;;;;Plot+Photo
757;10.1101_2025.02.06.636921.json;"Fig. 4. A panel of intrabodies targeting diverse histone modifications. A. 24 antibodies against histone H3 and H4 post-translational modifications were passed through the pipeline to generate candidate mintbodies (modification-specific intrabodies). Top-ranked (by pLDDT) candidates (4-5 per antibody) were tested in living HeLa cells. 17 of 24 attempts were successful (highlighted in green versus gray). B. Top, sample images of cells expressing candidate mintbodies against H4K16ac to compare which localize better to the nucleus (which is marked by a dashed yellow line when needed). Design 3 showed the best localization pattern. C. Sample live-cell measurement of the nuclear to cytoplasmic ratio of the antiH4K16ac mintbody designs (number of cells (N) indicated; box is 25-75% interquartile range; whiskers mark points within 1.5 ✕ the interquartile range). D. A Western blot showing that design 3 (d3) of the antiH4K16ac mintbody has the highest full-length (FL) expression level in cells. E. Sample live-cell images of each successful mintbody comparing the localization of the original mintbody (top rows) compared to the best design (bottom rows). The best designs localize better to the nucleus (which is marked by a dashed yellow line when needed) or, in the case of phosphorylation, to mitotic chromatin. n.d., mitotic cells not detected. Scale bars, 5 μm.";;1;1;;;;Plot+Photo
758;10.1101_2025.10.27.684901.json;Figure 2: Species-level zero-shot clustering AMI (%) performance;;1;;;;;Plot
759;10.1101_2024.12.03.626557.json;Figure 4. Profile of motoneuron activity during crawling. A.i. Representative example of a spike sorting analysis implemented in paired extracellular recordings of DP and PP nerves during a crawling episode. Each color dot singles out a distinct active unit along the recordings. A.ii. Spikes waveforms corresponding to spikes detected in the DP and PP nerves in Ai. A.iii. bFF calculated for each unit identified in A. The horizontal dotted lines indicate bFF = 0 Hz. Scales on the right are in Hz. B. Raster plot showing mean bFF along a cycle, set from the first spike of a DE-3 burst to the first spike in the next burst, obtained from 147 rhythmic units identified in DP, PP and AA nerves (n = 46 ganglia in 24 animals). The values are the mean of 4 crawling cycles for each unit. The units were classified into four groups, indicated on the left. The nerves from which the motoneuron activity was recorded are indicated on the right. The gray scale on the right indicates the bFF value in Hz. C. Mean bFF for all the units included in each group. The shaded area represents the standard error of the mean.;;1;;1;;;Plot+Diagram
760;10.1101_2025.07.13.664622.json;Figure 2: Diagram of the workflow described in this paper, which uses the 4D Genome Browser Workflow tool. There are three main steps in using the workflow: the user ( A ) defines a set of input data consisting of 1D and 2D data, ( B -D ) runs the workflow, and ( E ) then views the results in a web browser with the 4D Genome Browser. The 4D Genome Browser Workflow tool performs three steps: ( B ) Data processing and data fusion of input datasets to products needed by the workflow, ( C ) 3D structure creation using a molecular dynamics simulation (LAMMPS), and ( D ) a data server that provides ( E ) a novel browser view for comparative visualization of the results. After viewing the results, the user can add, delete or update input data to change the visualization. For example, more tracks can be added and visualized in the browser. This complex workflow is packaged in a container that can be easily installed and run on any desktop or laptop that supports Docker.;;;;1;;;Diagram
761;10.1101_2025.05.09.653141.json;Figure 6: Spectrins connect ARAFs to the cell membrane. (A) a -Spec and (B) Kst, in magenta, detected in ommatidia at 40 h APF. Lifeact labels F-actin and Ecad marks;;;1;;;;Photo
762;10.1101_2025.07.18.665602.json;"Figure 2. Principal component analyses (PCA) converge with increase numbers of SNVs -PCAs were generated from all filtered variants (n = 381,501 SNVs; red markers) and randomly";;1;;;;;Plot
763;10.1101_2025.01.17.633518.json;Fig. 5. The IBDV VP3 C terminal IDR is not required for the formation of cytoplasmic puncta. DF-1 cells were either transfected with pIBDV-SegA or pIBDV-HA::SegB, and fixed and stained with anti-VP3 or anti-HA antibodies at 18 hpt, or DF-1 cells were simultaneously transfected with both pIBDV-SegA and pIBDV-SegB, and fixed and stained with an anti-VP3 antibody at 18 hpt (A). DF-1 cells were either transfected with pIBDV-SegA ∆ C or pIBDV-HA::SegB, and were fixed and stained with anti-VP3 or anti-HA antibodies at 18 hpt, or DF-1 cells were simultaneously transfected with both pIBDV-SegA ∆ C and pIBDV-SegB, and fixed and stained;;;1;;;;Photo
765;10.1101_2025.09.08.674817.json;"Figure 4. Micro-CT assessment of in vivo bone regeneration in rabbit calvarial defects treated with bioactive titanium implants. (A) Schematic illustration of the gyroid lattice unit cell used for implant fabrication, with 5×5×5 mm with cell size and 0.3 mm wall thickness. (B) 3D micro-CT reconstruction of a rabbit calvaria illustrating bone regeneration across the three implant types. Regenerated bone is shown in light blue, pristine bone in light brown, and implants in semi-transparent grey. (C-E) Representative micro-CT cross-sections (top and lateral views) of calvarial defects 8 weeks post-surgery in rabbits treated with: (C) inert titanium implant, (D) titanium implant incorporating lyophilized FmocFF/HA scaffold, and (E) titanium implant incorporating FmocFF/HA hydrogel. (F) Quantification of restored bone volume within the entire defect area for each treatment group. (G) Trabecular number calculation and (H) Trabecular separation measurements of the regenerated bone (mean ± SD; *p < 0.05, **p < 0.01, two-way ANOVA).";;1;1;1;;;Plot+Diagram+Photo
766;10.1101_2025.03.31.645993.json;Figure 2. (A) Genome-wide heterozygosity including and excluding runs of homozygosity (ROH) for the zoo giraffe individuals and wild populations. (B) Genome-wide ROH proportions for zoo individuals and mean ROH in the wild populations. Proportions of differing ROH length intervals are shown as subdivisions within bars. The names of zoo giraffe individuals along the X-axis are colored according to the four major lineages that they are designated as, including Reticulated lineage, Masai lineage, Northern lineage and Southern lineage (see table S2).;;1;;;;;Plot
767;10.1101_2025.06.27.661925.json;Figure 11: Graphical representation of highlighting A2M's role in mitigating oxidative stress in mitochondria by enhances cellular antioxidant defense systems, facilitating DNA repair and suppressing of neuronal inflammation and apoptosis.;;;;1;;;Diagram
768;10.1101_2025.02.04.635765.json;Figure 2. Individuals spend more time in Patterns S-A and TP-D but less time in Pattern SM-V from childhood to adulthood . (A) Dynamic state definition scheme. The strength of dynamic patterns at each time point from an example individual is presented. The temporal magnitude (y-axis) reflects the strength of the dynamic propagation pattern over time. At each time point, the pattern with the highest magnitude is assigned as the dominant state. (B) Age distribution of participants across developmental stages (children: 8-12 years, adolescents: 13-17 years, and early adulthood: 18-22 years) in the HCP-D cohort. (C) The proportion of time spent (i.e. occurrence ratio) is plotted for different developmental stages: children, adolescents, early adulthood in HCP-D, and middle-aged adulthood reference (HCP-A). Statistical analyses include a one-way ANOVA across the four age groups to assess overall developmental effects, followed by pairwise t-tests between consecutive age stages to examine specific transitions. The significance is denoted by asterisks (*: p FDR < 0.05).;;1;;;;;Plot
769;10.1101_2025.08.29.672906.json;Fig. 7: Prevalence of defence systems in S. suis. (A) Proportion of genomes that encode a number of unique defence systems. Genomes encoded 5 to 17 (median = 11) unique defence subtypes. (B) Density of defence systems per Mbp of host genome. Density of defence systems was significantly higher in respiratory isolates (median = 6.33) compared to systemic isolates (median = 5.35) (Wilcox p = 0.028). (C) Correlation between host genome size and number of defence systems. A strong positive correlation was observed between (Spearman's ρ = 0.796, p < 0.001). (D) Association between number of prophages per genome and abundance of defence systems.;;1;;;;;Plot
771;10.1101_2025.04.23.650164.json;Fig. S1 Workflow of the multidisciplinary approach adopted for the identification of antiSARS-CoV-2 sulfated K5 derivatives and for the characterization of their mechanisms of action.;;;;1;;;Diagram
772;10.1101_2025.01.17.633399.json;Supplementary Figure S8: Numbers of NoPeak motifs detected across the 558 TF run. A range of NoPeak accessory and de novo motifs are discovered, with more de novo motifs than accessory motifs found overall.;;1;;;;;Plot
773;10.1101_2025.05.15.654044.json;Figure 2: Integration of single-cell expression and small molecule L1000 TCS signatures permits clustering of both compounds and cells by reversal of GBM cell transcriptional;;1;1;1;;;Plot+Diagram+Photo
775;10.1101_2025.09.29.679248.json;Figure 9 ) Fixation latencies under different conditions (** p<0.01, **** p<0.0001);;1;;;;;Plot
776;10.1101_2024.05.12.593008.json;Supplementary Figure S2. Transmigration of bladder cancer cells. (a) Transmigration of bladder cancer cells through the monolayer of non-malignant HCV29 cells. Each point denotes the total number of cells that migrated through one transwell, n = 3 repetitions. (b) Fluorescent images of spheroids formed from cancerous HT1376 and T24 cells, labeled with Cell Tracker Red dye, before and after transmigration through the monolayer of HCV29 cells. The scale bar is 200 µm.;;1;1;;;;Plot+Photo
778;10.1101_2024.12.16.628816.json;Figure 2: Experimental paradigm and fMRI model. (A) During the fMRI scan, participants performed a target detection task, pressing a button for a specific target image while incidentally viewing 80 familiar scenes (previously seen in the familiarization task) and 80 new scenes. (B) Forward-prediction fMRI models. Activation during novel and target trials was extracted on a segment-by-segment (block) basis. Linear mixed effect models were implemented ed;;;;1;;;Diagram
780;10.1101_2025.03.09.641748.json;Figure 1: Predicted binding poses of compounds on the cPLA2 crystal structure (PDB ID 1CJY) from the 1st Generation selected for potency screening optimization for cPLA2 inhibition.;;;;1;;;Diagram
781;10.1101_2024.02.13.580203.json;Fig. 2 Neuroestrogens facilitate male-typical behaviors probably by stimulating brain AR expression.;;1;1;;;;Plot+Photo
782;10.1101_2024.10.11.617736.json;Fig. 4. A new pediatric ependymoma cell subpopulation with low CNVs associated with multidrug resistance. a. UMAP embedding of the two tumor cell subpopulations identified by MAAS. b. Significantly enriched cancer hallmarks in MAAS-identified cluster 2, with thresholds of logFC > 0.1 and false discovery rate (FDR) < 0.05. c. Contribution of each modality to the identification of subpopulations. d. Distribution of SNVs and top 1,000 DACRs between clusters 1 and 2. The P-value for differences in mutational frequency was determined by the Kruskal-Wallis test. e. Pseudo-time ordering of tumor cell subpopulations showing their developmental trajectories. f. Blomberg's K statistic comparisons of each feature of MAAS, chromatin accessibility and CNVs. The P-value was determined by a Welch t-test. g.;;1;;1;;;Plot+Diagram
783;10.1101_2025.07.05.663288.json;"Figure 2: The rate of spontaneous 5-Hz oscillations increases after injection of a 5-HT2A receptor agonist. a : Experimental timeline for trials before and after 5-HT2A receptor agonist injection. b : 5-Hz time resolved spectral analysis of V1 membrane voltage for a single session after injection of DOI. The visual stimulus is presented at time zero (vertical black line). Vertical black line on the colour bar indicates the threshold for 5-Hz power counted as 5-Hz bout (see 'Methods' section). c : Quantification of spontaneous 5-Hz oscillations occurring in trials before (blue, n = 80) and after (orange, n = 87) injection, based on a subset of experiments with longer recordings prior to visual stimulation (20-s instead of 2 or 3-s in all other experiments) to capture extended periods of spontaneous activity (***, p-value = 2.93e-05, Welch's t-test. N = 3 mice, data points representing each trial while symbol shape indicates individual mouse experiments; Boxplot follows Tukey's method: median (middle line), 25th, 75th percentile (box), ± 2.7 sigma (whiskers), outliers are plotted as 'o')";;1;;1;;;Plot+Diagram
785;10.1101_2025.06.13.659272.json;Fig 1 (a-e) : Expression of selected five miRNAs is correlated with overall survival (OS) in breast cancer using Kaplan Meier survival analysis (a-e) Graphs represent Kaplan-Meier curves for the 5 miRNAs and their impact on overall survival an al;;1;;;;;Plot
787;10.1101_2025.09.13.671265.json;Figure 6: A flow query is a pathway search on a chemical reaction network. On the left is the network, with ovals representing molecules and rectangles representing reactions. The flow query is a set of constraints and an objective function which combined specifies desired structural aspects of the pathway searched for. A solution to a flow query is illustrated on the right.;;;;1;;;Diagram
789;10.1101_2024.12.11.627930.json;Figure S1. Female reproductive effort (FRE) and male reproductive effort (MRE) for F 2 offspring of all four crosses. Colour coding indicates relative male allocation (rMA). Icons indicate samples that were removed from the final QTL analysis which either had low sequencing coverage, were phenotypic outliers, or were inferred to be the result of pollen contamination based on principle component analysis of genotypes.;;1;;;;;Plot
791;10.1101_2024.10.11.617736.json;Fig. 5. A MAAS-derived clinical signature accurately predict prognosis across multiple cancer types. a. Schematic illustration of the workflow for generating the MAAS-derived multimodal signature (MAASig) (see details in the Methods). b. Average concordance index (C-index) of traditional clinical features and MAASig for survival prediction across multiple cancer types, including glioblastoma, ovarian cancer (OC), B-cell lymphoma, hepatocellular carcinoma (HCC), and clear cell renal cell carcinoma (ccRCC). c . Kaplan-Meier survival curves demonstrating the clinical;;1;;1;;;Plot+Diagram
793;10.1101_2025.01.24.634652.json;Figure 5. dSTORM data revealed nanoscale P2X7 plasma membrane localization in BV2 cells. ( A ) Cartoon and experimental timeline of BV2 cell treatments. IL-1  release was assessed in the supernatant (sup), and the same cells were labeled with 1 mM X7-uP after extensive washout. ( B ) Quantification of IL-1  release by ELISA following the indicated treatments: LPS (1 mg/mL for 24 h), ATP (1 mM for 30 min), BzATP (300 mM for 30 min), and M  CD (15 mM for 15;;1;1;1;;;Plot+Diagram+Photo
795;10.1101_2022.03.28.486070.json;Figure 3 - figure supplement 5 | The CYC-box and flanking sequences of PACE are required for the complete restoration of the bacterial infection process but are dispensable for the nodule organogenesis process in the L. japonicus nin-2 mutant. Pictures of nodule sections or roots from L. japonicus nin-2 roots 21 dpi with M. loti Ds Red from the same experiments depicted in Figure 3 - figure supplement 2 ( A ) and Figure 3 - figure supplement 4 ( B ). Nodule sections from L. japonicus WT roots transformed with NIN pro :NIN and CE 5kb NIN pro :NIN were included for comparison. Note that when the cytokinin element-containing region of 1 kb was fused to NIN pro nodule organogenesis was abolished by mutation of PACE or only the CYC-box in PACE and that these mutations did not abolish organogenesis when the cytokinin element-containing region of 5 kb was fused to NIN pro . Bars, 100 μm.;;;1;;;;Photo
796;10.1101_2025.05.15.654300.json;Fig. S7. Optimization of LgBiT-PYR1 and SmBiT-HAB1 constructs for sensitive and specific light output. We added maltose binding protein domains to both constructs, varied the molar ratios of LgBiT-PYR1 nita to SmBiT-HAB1 T+ , tested a range of synthetic linker lengths connecting the split luciferase to its CID partner, and used a brighter luciferin. A. The SmBiT-HAB1 and LgBiT-PYR1 constructs were optimized for E. Coli expression and purification. PYR1 sensors were stabilized by including HOT5 mutations (Daffern et al. J. Mol. Biol. 2024)). The structurally disordered N-terminal region of HAB1 was removed to prevent proteolytic cleavage. 1-4 repeats of a 15 amino acid Gly/Ser rich linker (GS2G4SG4S2G)were encoded between LgBiT or SmBiT and PYR1 or HAB1 respectively. B. Each construct was purified via immobilized metal affinity chromatography, with purity visualized by SDS-PAGE and SimplyBlue TM staining. C. All combinations of linker lengths were tested against one another. The shorter linkers tend to exhibit higher signal, with this trend being most pronounced between SmBiT-ΔNHAB1 T+ variants. We selected the shortest linker (15 AA, n=1) for future experiments for both LgBiT-PYR1 and SmBiT-ΔNHAB1 T+ and fitted those data to a curve here. D. The optimized constructs offer over 20-fold higher signal than the old constructs. E. The optimized constructs have higher affinity for one another shown here by decreased EC 50 . All data points represent the mean of replicate data (Fig. C-n = 3, Fig. D,E-n=4) and error bars represent the standard error of the mean.;;1;;1;;;Plot+Diagram
798;10.1101_2025.08.01.667725.json;"Figure 3. The SMARCD2 SWIFT domain is necessary and sufficient to for interaction with PU.1 in vitro and in cells. A. (Top) mSWI/SNF core subunits showing interactions between SMARCD2 (salmon) coiled coil domain with SMARCC2 (blue), and between SWIB domain with ARID1A (orange); (Bottom) Structure of the SMARCD2 Ig-like fold, SWIFT; PDB: 6LTJ+ Alphafold SMARCD2. B. Immunoblots of FLAG-PU.1 pulldown experiments performed by incubation of 0.5 µM FLAG-tagged PU.1 was incubated with 2 µM SMARCD2 SWIFT domain. C. K d model fit for interaction between SMARCD2 SWIFT domain and PU.1 using microscale thermophoresis (Kd = 3.6uM). D. AlphaFold3 multimer modeling displaying the putative interaction between PU.1 20-mer peptides and a hydrophobic pocket on the surface of SMARCD2 SWIFT domain. E. Contact probability scores of interaction between each residue on the transactivation domain of PU.1 with the residues within the hydrophobic pocket on SWIFT domain determined by Alphafold modeling of all consecutive PU.1 10-mer peptides. Line shows the mean of all outcomes for a given residue. F. Immunoblots of eluates from peptide pulldown of 7 PU.1 peptides (25-mer) spanning full transactivation (tAD) domain. G. 3D-surface rendering of surface electrostatic potential of wildtype SMARCD2 SWIFT and R290W point mutation near the hydrophobic pocket (shown in black dashed circle). H. Immunoblots displaying the elutates from Immunoprecipitation of HA-tagged SWIFT domain from HEK-293T cells expressing HA-tagged SWIFT wildtype or R290W mutant and FLAG-tagged PU.1. I. Electromobility shift assays (EMSA) performed on complex formed by dsDNA containing a PU.1 binding motif and PU.1 incubated with cBAF complexes containing wildtype SMARCD2 or R290W mutation. Upper panel shows the supershift caused by addition of cBAF complexes. J. Heatmaps depicting PU.1 and V5-tagged SMARCD2 occupancy (CUT&RUN) in hMSCs expressing empty vector, V5-tagged WT SMARCD2 or SMARCD2 R290W mutant in the presence or absence of PU.1.";;1;;1;;;Plot+Diagram
799;10.1101_2024.06.06.597786.json;Fig. 2 Temporal responses of sensory neurons to fracture injury. a Schematic diagram of the experiment, in which mice were subjected to periosteal labeling by AAV.PHP.S 4 wks prior to stress fracture. Stress fracture was performed in 18 wks old mice. Ipsilateral C7-T1 DRGs were harvested for scRNA-seq within uninjured mice, as well as 1, 14, and 56 d post-fracture. N=12 DRGs from 4 mice for uninjured, 18 DRGs for 6 mice per injured timepoint. b Enrichment map displays the significantly enriched gene-sets in tdT + neurons after fracture vs. uninjured condition. Nodes represent gene-sets and edges represent GO defined relations. Clusters are annotated according to the corresponding function (red represents GO terms significantly enriched in d1, green represents GO terms significantly enriched in d14, blue represents GO terms significantly enriched in d56). Enrichment map with complete labeling is shown as Extended Data Fig. 3a. c Soft clustering of 2,000 highly variable genes across four different timepoints by Mfuzz using ClusterGvis in tdT + DRG neurons. N= 389 neurons in total. d Dot plots of module scores comprised of genes from cluster C1 and C4 across time points stratified by cell types in tdT+ neurons.;;1;;1;;;Plot+Diagram
800;10.1101_2024.09.27.615364.json;Fig 4. Likelihood of neuronal spiking during the swing and stance phases of locomotion. Each panel displays spike likelihood of the highest-performing INs among all 672 MP across a standard step cycle. Each panel corresponds to a specific step cycle phase or phase transition: A. swing, B. stance, C. swing-to-stance, and D. stance-to-swing (for templates see Eq (6)). The x-axis represents the phase of the step cycle, divided into swing and stance periods and further separated into 8 equally sized bins. The y-axis shows the likelihood of that neuron to spike in a particular time bin, expressed as a percentage. Red and blue triangles label swing and stance phase, respectively. The corresponding scores and input combinations are given in the panel headlines. Note that the best-performing INs of the MP layer belonged to the v-v-v subset in case of swing/stance encoding, to the p-p subset for swing-to-stance transitions, and to the p-v-v subset for stance-to-swing transitions.;;1;;;;;Plot
802;10.64898_2026.01.10.698837.json;Fig. 6 Representative Gini importance values across the 12 features used in Random Forest classification;;1;;;;;Plot
803;10.1101_2025.09.26.678799.json;"Fig. 4 Spike-adding associated with the Dendritic Ca 2+ and K + currents evoked by step current input. The effect of altering somatic A-type K + (a; g A,s ), Kdr (b; g Kd,s ) and K(Ca) (c; g K ( Ca ) ,s ) current conductances in combination with varying somatic HVA Ca 2+ ( g HVA,s ) current conductance during 3 ms step current input to the dendrite (20 µ A/cm 2 ) on ADP amplitude, relative ADP amplitude and the number of spikes evoked. The effect of altering dendritic A-type K + (d; g A,d ), Kdr (e; g Kd,d ) and K(Ca) (f; g K ( Ca ) ,d ) in combination with varying dendritic HVA Ca 2+ ( g HVA,d ) during step current input to the dendrite (identical in magnitude to that in a, b and c) on ADP amplitude, relative ADP amplitude and the number of spikes evoked. The somatic voltage responses (g) displaying spike-adding seen with increasing dendritic HVA Ca 2+ conductance in d-f in response to the same step current input. All conductance values are reported in fold change from default value.";;1;;;;;Plot
806;10.1101_2024.03.29.585638.json;Fig. 6: Comparisons between cell shapes dynamics in simulations and experiments for weakly motile cells (HUVEC). (A,C) Experiments on non-migrating HUVEC. (B,D) Simulations of non-migrating HUVEC. Hexagon side: 60 µ m. Inter-hexagon width: 20 µ m. i) Dynamics of the total cell length and the arm lengths. ii) Snapshots of the cell, corresponding to gray dashed lines in (i). Key simulation parameters: ( β, d, σ ) = (7 . 0 , 3 . 0 , 1 . 8) in (B), and ( β, d, σ ) = (7 . 0 , 2 . 7 , 2 . 1) in (D). Other simulation parameters: c = 3 . 85 , D = 3 . 85 , k = 0 . 8 , f s = 5 , r = 5 , κ = 20 , δ = 250. (E) Distribution (probability density function, pdf) of T junc (leftmost) and distribution of T n j junc (right ones) in the experimental regime in which the cells spans 1, 2 or 3 junctions. A total of 2 cells across 1287 minutes were used to obtain these distributions. (F) Distribution of T junc (leftmost) and distribution of T n j junc (right ones) from a long simulation with parameters of (B). (G) Comparisons of MSD of the simulated cells of Fig. 4 and Fig. 6, with the noise levels identical to those used in the corresponding simulations (top) or without the noise (bottom).;;1;;;;;Plot
807;10.1101_2025.06.02.657265.json;Figure A2.1: Comparing results from this paper to D'Angelo et al. (2024). Average diffusion constants for perceived motion ( D PM ) versus diffusion constants for world motion ( D WM ). (Note that the D PM are the original, uncorrected values.) Results were collected from five subjects for this current paper and six subjects for D'Angelo et al. (2024), indicated by light and dark colors, respectively. All experiments were tested under background-present conditions. The small symbols represent each subject's average perceptual match for Gain -1.5 stimuli (light- and dark-blue open symbols), Gain 0 stimuli (light- and dark-yellow filled symbols), and Gain + 1.5 stimuli (light- and dark-green filled symbols). The large stars are the group averages with SE of the mean bars. The red arrows show the extent to which the eye motion, and consequent retina-contingent stimulus' world motion ( α WM ), deviated from Brownian. Arrows pointing right indicate persistence ( α WM > 1), arrows pointing left indicate antipersistence ( α WM < 1), and no arrow means that the motion was Brownian ( α WM = 1 + / -0.02). Longer arrows correspond to higher deviations from Brownian motion. The arrow length in the legend indicates pure persistence ( α WM = 2, straight line trajectory at constant velocity) if pointing right or pure antipersistence ( α WM = 0, oscillatory motion) if pointing left. (B) Computed ratios from five subjects plotted as a function of each subject's α for world motion, α WM . The symbols represent each subject's [average diffusion constant for perceived motion]/[average diffusion constant for world motion], or D PM /D WM . (Note that the D PM are the original, uncorrected values.) Data are from four Gains: + 1, + 1.1, + 1.25, and + 1.5, and the respective colors go from light to dark green. The black curve predicts the D PM /D WM versus α WM , considering that the subject matched the mean squared displacements of the random walk stimulus with the retina-contingent stimulus over a time interval of 28 frames.;;1;;;;;Plot
808;10.1101_2025.08.22.671799.json;"Figure S5. Bar charts showing (A) the CDRH3 and (B) the CDRL3 distributions of all the human antibodies in Pox-AbDab (including those that only have clonotype information) relative to a sample of the baseline natural repertoire from the Observed Antibody Space (OAS) database (38, 39); (C) the CDRH3 and (D) the CDRL3 distributions of all the murine antibodies in Pox-AbDab (including those that only have clonotype information); (E) the CDRH3 distribution of all single-domain antibodies in Pox-AbDab. Comparison against the natural human repertoire is based on 5000 randomly samples natural antibody sequence from the Jaffe et al., 2022 (53) as stored in OAS.";;1;;;;;Plot
810;10.1101_2025.05.15.654300.json;Fig. S6. Complete Y2H results from NitazeneLib1. Structure of nitazenes with growth assay of S. cerevisiae spots containing the respective biosensor and reporter circuit (MaV99 Y2H strain). Strains containing the chosen biosensor were spotted as 2 μL drops on SD -trp -leu -ura +ligand plates and allowed to grow for three days at 30 °C, then imaged. Growth indicates activation of the biosensor by the displayed nitazene. Amino acid substitutions for all biosensors is also shown. Blue letters indicate an amino acid substitution. Black numbers in the top row indicate the amino acid position in the PYR1 protein sequence. The library is in the PYR1 HOT5 background ( 14 ).;;;;1;;;Diagram
811;10.1101_2025.06.14.659486.json;Figure 1. Generation of organoid droplets: a) Schematics of the microfluidic chips used for droplet generation. A single cell solution is flushed through a distribution chip to ensure cell homogeneity. Droplets are generated in a flow-focusing device where oil disrupts the hydrogel flow. This allows for high-throughput generation of miniaturized hydrogel culture systems, with increased organoid reproducibility. Schematic was partially created with BioRender.com. b) Brightfield images of cell distribution device pillars of tear-drop shape at the inlet and outlet. The cell encapsulation device with the flow focused generation of cell-hydrogel droplets (scale bars 250 µm). c) Brightfield images of droplets in oil and media, showing the cell density with and without cell distribution device (scale bars 250 µm). Droplets densely packed with cells are indicated by red arrows, nearly empty droplets are indicated with blue arrows. d) Mean intensities of droplets generated with and without the cell distribution device on day 0. Data extracted from brightfield images. e) Quantitative comparison of the coefficient of variation (CV) in cell laden droplets on day 0 across experiments. Each dot represents the coefficient of variation in a single experiment (n = 4 biological replicates). f) Size analysis of colon organoids on day 8 formed with or without distribution device, with coefficient of variation (CV) highlighted above (n organoids ≥ 300). g) Quantitative fluorescence analysis of cell viability of cells after encapsulation on days 0 in domes or droplets by live/dead staining (n samples = 4). h) Brightfield images of cell-hydrogel droplets composed of 100% BME (Matrigel) and 1.5 mg/mL Collagen I - 25% BME (Matrigel) ECM mix (scale bars 250 µm). i) Quantitative fluorescence analysis of cell viability of intestinal organoids at days 7 of culture in BME (Matrigel) and 1.5 mg/mL Collagen I / 25% BME (Matrigel) ECM mix domes by live/dead staining (n samples = 3). j) Brightfield images of healthy colon organoids grown on day 6 (scale bars 250 µm) and mIF staining of healthy colon organoids grown on day 8 (SOX9 turquoise, FABP1 yellow, MUC2 green and Ki67 red, scale bars 100 µm) comparing the two hydrogels, BME (Matrigel) and 1.5 mg/mL Collagen I - 25% BME (Matrigel) ECM mix. k) Quantification of Log2 transformed expression levels and heatmap of Z-score normalized expression levels across selected genes for the two ECM conditions. Data were averaged across replicates. Statistical significance between conditions was assessed using the Wilcoxon test, with p-values adjusted for multiple testing using the Benjamini-Hochberg method. P-value of < 0.05 was expressed as *, p-value < 0.01 was expressed as ** and p-value < 0.001 was expressed as *** . The normality of the distribution was verified with a Shapiro-Wilk test and a t-test was done to calculate the p-values.;;1;1;1;;;Plot+Diagram+Photo
812;10.1101_2025.10.21.683683.json;Figure 1: Generation of stable N/Tert-1 and N/Tert-1+HPV16 lines expressing inducible doxycycline-inducible Turbo-ID tagged proteins.;;;1;;;;Photo
813;10.1101_2025.06.03.657329.json;Figure 5. Selective uptake of statin-Cy5.5 conjugates into KRAS MUT Panc1 cells over KRAS WT cancerassociated fibroblasts (CAFs) in an in vitro cancer-stroma tumor environment-on-a-chip model (TMOC). (a) Schematic configuration of the cancer-stroma T-MOC model operation, illustrating the setup and flow dynamics within the model. (b) Micrograph showing drug accumulation of simvastatin-Cy5.5, pravastatin-Cy5.5, and doxorubicin (used as a control). In the image, red indicates accumulated drugs, and green indicates transfected CAFs. The scale bars represent 100 μm. (c) Quantified drug accumulation measured in cell type-specific areas for simvastatin-Cy5.5, pravastatin-Cy5.5, and doxorubicin. Bars indicate Mean ± S.E. (n ≥ 3). (d) Drug accumulation model based on mass conservation principles, illustrating the quantified rate constants of drug influx and efflux within the T-MOC system.;;1;1;1;;;Plot+Diagram+Photo
814;10.1101_2024.10.06.616844.json;Figure 4: Metazoan g-type lysozymes cluster predominantly into a single clade and are present in six animal phyla. A ) Phylogenetic tree of 1410 glycoside hydrolase family 23 sequences from all domains of life and B ) expanded tree branch containing all metazoan sequences. Colors indicate host groups, orange dots show phylogenetic support (aLRT).;;;;1;;;Diagram
815;10.1101_2025.07.23.666354.json;Fig. 2 A Stimulus reconstruction models were used to decode acoustic signals ˆ s from neural activity X during presentation of the same morph s given both of its potential speaker contexts (e.g., nature and food for morph sea -tea , see Stimulus reconstruction of morphs). This allowed us to compare sensory content of neural representations directly in representational similarity analysis. B Sensory representational similarity matrices (RSMs) were computed from the reconstructions of the identical morph given two speaker contexts (e.g., nature and food ) and the two spectrograms of the audio files of the original word pair. A set of hypothesis RSMs were computed from the raw morph, top-5 acoustic predictions, and the current semantic predictions. Encoding models were employed to test which combination of predictors best explained the similarity structure of decoded neural representations (see Encoding of representational similarity). C Stimulus reconstruction models performed significantly above chance level. The inlay shows the average pattern that reconstruction models decoded in z -scored EEG signals. D Encoding models revealed that both speakerinvariant and speaker-specific acoustic RSMs improved the similarity structure of decoded neural representations, and that purely semantic RSMs failed to do so. Encoding improvements are visualised relative to baseline models. Circles indicate group means with error bars on circles indicating 95%-confidence intervals thereof. Transparent dots indicate single subjects. ***, **, and * indicate p ≤ 1 e -3 , p ≤ 1 e -2 and p ≤ 5 e -2 , respectively. Note that significantly worse performance indicates evidence against a specific model, not in favour of its antithesis. Bold black lines between groups indicate p ≤ 5 e -2 . All p -values were corrected using the Bonferroni-Holm procedure. E Time-resolved coefficients of speaker-specific acoustic RSMs in encoding models showed consistently positive signs, indicating that neural representations were sharpened towards the more expected information present in hypothesis RSMs. Lines represent means, with shaded areas around lines indicating 95%-confidence intervals. Bold black lines indicate p ≤ 5 e -2 . Grey dots represent the median on- and offsets of the first and last phonemes, respectively, with 95%-highest density intervals around them.;;1;;1;;;Plot+Diagram
816;10.1101_2025.03.22.644466.json;Figure 4. Rod OS responses evoked by 5 flashes with an inter-flash interval of 15 s. (A) Prolonged ORG recording of the rod OS responses to five flashes over 75 s, with each flash bleaching 5.2% of the remaining rhodopsins. (B) The rod OS responses extracted from each epoch were aligned to the flash onsets, with an enlarged view of the rapid OS responses shown in the dashed rectangle. (C) The cumulative rapid contraction, calculated as the sum of the rapid OS response amplitudes elicited by all flashes, was plotted against the cumulated bleach level, which represents the total percentage of rhodopsins bleached by the consecutive flashes. Dots correspond to the measurement in Fig. 4A-B, and star markers were extracted from the measurement conducted in another animal following the same protocol. Triangle markers correspond to the measurement in Supplementary Fig. 4. The black curve represents the same modeled curve in Fig. 3B.;;1;;;;;Plot
817;10.1101_2025.06.02.657373.json;Figure 3. Characterization of Xoo sucrose hydrolase SuxB. A) Domains N, A, B, B', and C are presented as cartoons accordingly to SUH (Kim et al., 2008) with domain N colored in grey, domain A in green, B in blue, B' in red, and domain C in orange. For clarity, the N- and C-terminal residues Asn7 and Gly637 are labeled. B) The dashed box indicates the region of the flexible loops from domains B and B', which are zoomed in. C) Overall structure of SuxB in complex with the hydrolase product glucose (left panel) and zoomed in on the active site (right panel). Highlighted are the active site residues that interact with the sugar molecule. The electron density around the bound glucose is contoured at 1 σ. In A) and C), only chain A is presented. Additional data in supplementary figure 3. D) Michaelis-Menten curve of SuxB. Sucrose hydrolysis quantification via DNS assay on 0.1 µg/µL His-tag-purified enzyme in 20 mM MOPS, pH 7, at 28°C. (1/2) V max = (half) maximum rate of reaction, K M = Michaelis constant.;;;;1;;;Diagram
818;10.1101_2025.09.11.675729.json;"available under aCC-BY-NC 4.0 International license. (which was not certified by peer review) is the author/funder, who has granted bioRxiv a license to display the preprint in perpetuity. It is made bioRxiv preprint doi: https://doi.org/10.1101/2025.09.11.675729; this version posted September 17, 2025. The copyright holder for this preprint";;1;1;;;;Plot+Photo
819;10.1101_2025.09.11.673547.json;Figure 1 . RetINaBox design and GUI overview . A schematic of the actual retinal circuitry ( A ) and the simplified model circuitry of RetINaBox ( B ). C , An overview of RetINaBox, including the 3D printed case, the visual stimulator (3x3 LED array) and photoreceptor mosaic (3x3 photodiode array), along with the connectivity port between the RetINaBox and the Raspberry Pi, and the output signals of the two model retinal ganglion cells (2 color LEDs on top of RetINaBox and 3.3V output pins on the back of RetINaBox). D , The main RetINaBox GUI, showing the Stimulus Controller, Connectivity Manager, and Signal Monitor. E , The Connectivity Manager pop-up window, which allows users to set the connectivity (silent, +, or -) and delay (none, short, medium, or long) of the connection between each of the 9 model photoreceptors and each of the two retinal ganglion cells (RGCs). F , Method for monitoring RGC activity, either by watching the RGC responses in the GUI's Signal Monitor, or by monitoring the yellow and green LEDs on the top of RetINaBox, or by connecting external electronic devices to the 3.3V output pins on the back of RetINaBox.;;;;1;;;Diagram
820;10.1101_2025.08.12.669816.json;Figure 4 . Phylogenetic relationships among Ras subfamily genes in marsupials, eutherians, birds, amphibians, and fish. ERas genes were eutherian specific and form a monophyletic clade, MgRas genes were marsupial specific and formed a monophyletic clade with three subclades (Clade A, Clade B, Clade C). The rest of the Ras subfamily were found in all vertebrate species. Yellow branches indicate bootstrap values between 95 and 100, green branches indicate bootstrap values 9094, dark blue branches indicate bootstrap values between 80 and 89, grey branches indicate bootstrap values under 80. Terminal branches are in black.;;;;1;;;Diagram
823;10.1101_2025.01.16.633379.json;Figure 4: Slow mobility of polycation during a rapid pH change allows for vacuole formation. (a) FRAP experiments performed on coacervate drops show that the recovery of the bleached polymer occurs over 30 min. Confocal images of the bleached coacervate drop containing unlabeled enzyme and FITC labeled DEAE-dextran at 0.76 mass fraction of glucose oxidase in 10 mM Tris pH 9 buffer with 20 mM salt (1 mg/mL total macromolecular concentration). Scale bar 10 µ m. Biexponential fit (solid line) to the normalized recovery curves of five bleached drops. The shaded region represents ± 1 standard deviation from the mean intensity. The longer time scale for recovery of the bleached component was determined using the biexponential fit. Error bars indicate ± 1 standard deviation. (b) Vacuoles do not form in droplets if the rate of pH change is sufficiently slow and and the drops are sufficiently small. (c) Simulations demonstrate that sufficiently small droplets do not form vacuoles, regardless of the rate of pH change. The simulations also show a similar dependence of vacuole formation on the rate of pH change as in (b). (d) Ternary phase diagrams at pH 10 and pH 8 as predicted by the model with trajectories for quasistatic (left) and instantaneous (right) pH changes showing that fast rates of pH change result in trajectories that enter the spinodal region. Inset shows snapshot images from 2D simulations following an instantaneous pH change from pH 10 (bottom) to pH 8 (top).;;1;1;;;;Plot+Photo
824;10.1101_2025.04.17.649325.json;Fig. 7. PSD between REF, C-IC, and I-ECG RR intervals for participant 1. VLF, LF, and HF bands are analyzed across REF (blue), C-IC (orange), and I-ECG (green) signals.;;1;;;;;Plot
825;10.1101_2025.01.22.633938.json;Figure 7. Functional assessment of CFTR-deficient cells edited to express functional CFTR. ( A ) Schematic depicting workflow for LNP-mediated editing of 16HBEgeG542x cells and expansion, and downstream functional analysis of gene edited 16HBEgeG542X cells (G542x-CFTR). ( B ) Droplet digital PCR (ddPCR) data reflecting site-specific integration of a codon-optimized CFTR cassette within the 5'UTR of the endogenous CFTR gene and ( C ) metabolic tetrazolium salt (MTS) assay data depicting cell survival relative to the untreated condition in G542x-CFTR cells 24 h after treatment with LNPs at various dosages. One-way analyses of variance (ANOVA) were performed, with the threshold of statistical significance set at p < 0.05. ( D ) Western blot images depicting protein expression and ( E ) densitometry measurements in cultures expanded from G542x-CFTR cells. ( F ) Transepithelial current clamp (TECC) traces depicting equivalent CFTR-dependent Cl- ion current in CF mutant 16HBEgeG542X cells, wild type 16HBE14o- cells, and G542x-CFTR cells, with each row representing a separate set of technical replicates.;;1;;1;;;Plot+Diagram
826;10.1101_2024.07.02.601807.json;Figure 2: Overview of the PanMAN data structure. ( a ) Illustration of the top-level coordinate system in a PanMAT. The block sequences are first linearized with the help of multiple-sequence alignment and stored at the 'pseudo-root' of the PanMAT. ( b ) Illustration of the middle and lower-level coordinate system in PanMAT. These levels are based on a nucleotide-level multiple-sequence alignment of the consensus sequence with all sequences within a block. (c) Illustration of how PanMAN generalizes PanMATs to store complex mutations, namely, recombination and horizontal gene transfer, using network edges.;;;;1;;;Diagram
828;10.1101_2025.03.18.643707.json;Figure 4. Supplementation of rIL-18 improved arthritis and epithelial barrier;;1;1;;;;Plot+Photo
829;10.1101_2025.08.22.671636.json;"Fig. 5. Seasonal variation in semen parameters of wild rock hyrax males collected via electroejaculation in 2023. Semen samples were obtained from wild males just before the onset of peak reproductive activity (P-BS) and again 3 -4 weeks later (A-BS). Ejaculates were collected via electroejaculation directly into 500 µ L of semen extender (EquiPlus, Minitube) for sperm preservation during initial analysis. Shown are progressive motility, normal morphology, sperm concentration, total sperm per ejaculate, total motile sperm per ejaculate, and total progressively motile morphologically normal (PMMN) sperm per ejaculate. Each dot represents an individual sample; horizontal lines indicate the median, and whiskers show the inter-quartile range (IQR). Comparisons between P-BS and A-BS were made using the Mann -Whitney test, with P-values shown in each panel.";;1;;;;;Plot
832;10.1101_2025.04.22.650000.json;"Figure 8. Single cell ""hidden"" bi-stability and its relation to high frequency pacing. (A) Phase space trajectory and corresponding voltage trace at short pacing period (180 𝑚𝑠 ). (B) Formation of the quasi-steady-state in the center of an irradiated region during a train of 17 and 37 high frequency (180𝑚𝑠 period) pulses. (C) Single cell bi-stability. (1) Single cell IV curve for an for illuminated cell (1.72 𝑚𝑊 ∕ 𝑚𝑚 2 ) subject to a bias current. (2) Membrane voltage traces for stimulation periods of 1000 and 180 𝑚𝑠 and stimulation amplitudes of -20 and 50 𝑚𝑉 . A transition to the depolarised stable state occurred for short stimulation periods and low stimulation amplitudes. (D) Effect of spatially uniform voltage perturbations of different amplitudes (-58, -20, and 50 𝑚𝑉 ) and a period of 180 𝑚𝑠 in cardiomyocyte monolayers. The top trace and phase space projection show the effect of perturbations when oscillation is ongoing, while the bottom ones show how perturbations affect the tissue is in the stationary resting state. At an amplitude of -20 𝑚𝑉 (2) oscillations were terminated when ongoing and could not be initiated when the tissue was in the resting state. In the other two cases (1,3), the opposite happened.";;1;;1;;;Plot+Diagram
833;10.1101_2025.04.25.650619.json;Figure 2 : Decoy ( Gap detection) task performance. Dots represent individual data. Error bars show SEM. No difference was observed in terms of RTs and hit rate between REG and RND conditions.;;1;;;;;Plot
834;10.1101_2025.04.10.648182.json;"Figure 2 - Results of stimulation system modelling. Predicted relationship between the partition coefficient (Khl) and ( A ) the global mass transfer coefficient from source liquid to source headspace (kglob); and ( B ) the dimensionless concentration at dynamic pseudo-stationary regime inside the source's headspace (Yh,psr). Different line styles and colors indicate alternative couples of kh and kl values. Predicted time-course of the odorant concentration (C) inside the source headspace and ( D ) at the source outlet for 4 Khl values. Simulation parameters: in A-D: A = 1.38 cm² and Qs = 200 mL.min -1 , i.e. values of the odor delivery device. In C, V l = 1 mL and V h = 3 mL, settings of the odor delivery device, kl = 10 -5 and kh = 10 -2 . In D, simulations are for a transport compartment with the same dimensions as a PID inlet needle ( V c = 0.026 mL, Q c = 750 mL/min) located at source outlet.";;1;;;;;Plot
835;10.1101_2025.03.09.642188.json;Figure 1: Approaches to PPI modeling and MINT overview. a, Existing PLMs either process multiple interacting proteins either by concatenating the output embeddings (left) or concatenating the input tokens (right). The former involves making multiple passes into the PLM to generate embeddings for each sequence independently, and then concatenating them. The latter treats interacting sequences as a single sequence, and generates the embeddings for the concatenated sequence. b, MINT treats multiple interacting sequences as separate entities, and generates embeddings in a contextual manner that conserves crosssequence relationships and maintains scalability. This enables it to learn from the vast number for physical PPIs from STRINGDB [20] using the modified version of the MLM loss. c, The workflow and architecture of MINT. Each protein sequence is tokenized using the ESM-2 tokenizer [10] and special tokens are added for the start and end of sequence. Note here that we add these special tokens for each interacting sequence, maintaining sequence identity. Our architecture involves the adding of cross-attention blocks to the base ESM-2 model. This results in the output representations of each token being affected by the tokens in the same sequence, and those in the interacting sequences. Each block is repeated L times, where L is 33 for MINT. d, A non-exhaustive list of protein types, PPI properties and research questions that can be evaluated using MINT. We benchmark it on general protein complex, antibody and TCR-Epitope-MHC interactions against other PLMs. We then give examples of the type of novel analysis that can be done using MINT by predicting oncogenic PPIs and SARS-CoV-2 antibody cross-neutralization using experimentally labeled data.;;;;1;;;Diagram
836;10.1101_2025.04.25.650564.json;with ITC without ITC shared;;1;;;;;Plot
837;10.1101_2025.08.22.671799.json;"Figure S3. Bar charts showing (A) the distribution of heavy V gene family usage across the human antibodies in Pox-AbDab relative to a sample of the baseline natural repertoire from the Observed Antibody Space (OAS) database (38, 39); (B) the distribution of light V gene family usage across the human antibodies in Pox-AbDab relative to a sample of the baseline natural repertoire from the Observed Antibody Space (OAS) database (38, 39); (C) the distribution of heavy V gene family usage across the murine antibodies in Pox-AbDab; (D) the distribution of light V gene family usage across the murine antibodies in Pox-AbDab. Comparison against the natural human repertoire is based on 5000 randomly samples natural antibody sequence from the Jaffe et al., 2022 (53) as stored in OAS.";;1;;;;;Plot
839;10.1101_2025.09.18.677196.json;Figure 1 - The spliceosome is modulated in both DR and transient mTOR suppressed conditions. Spliceosome genes which respond similarly between DR and transient mTOR suppression. 32 spliceosome-annotated genes were significantly differentially expressed (adjusted p-values ≤ 0.05) and showed concordant transcriptional change in response to transient mTOR suppression and DR in Drosophila melanogaster . The vast majority of these (30 of the 32) were upregulated. The five genes from this set we subsequently tested for lifespan phenotypes are indicated, and represent the top 5 significant genes in the DR treatment that also responded to mTOR suppression.;;1;;;;;Plot
840;10.1101_2024.06.06.597786.json;Fig. 4 Interaction analyses identify FGF9 signaling in DRG neuronal regulation of fracture callus cell osteogenesis. a Cell-cell communication network shows the number of interactions between DRG neurons to each callus cell type identified by CellChat (all cells derived from d14 post-injury and control conditions). b Dot plot of probability of inferred pathways from neurons to mesenchymal cells (d14 post-fracture cells used). c Relative information flow of pathways identified from b , from skeletal-innervating neurons (tdT + ) and non-skeletalinnervating neurons (tdT -) to mesenchymal cells. d Heatmaps of the number of interactions within FGF, and HH signaling. Only signaling pathways with significant predicted neuronal senders are shown. Other pathways shown in Extended Data Fig. 9. e Circos plot visualization to show active ligand-target links from tdT + neurons to mesenchymal cells at d14. f Average expression of predicted ligands from e by dot plot among tdT + neurons, tdT -neurons and mesenchymal cells. g Line graphs of average expression of Fgf9 and Shh within tdT + or tdT -neurons across timepoints. **p<0.01 for comparisons in gene expression between tdT + vs tdT -neurons at each time point. h Co-immunostaining for TUBB3 and FGF9 within fracture callus tissue (d14). i Co-immunostaining for TUBB3 and FGF9 in cultured DRG neurons. j FGF9 and tdT co-immunostaining of T1 DRG after AAV-PHP.S labeling. k Top:;;1;1;1;;;Plot+Diagram+Photo
841;10.1101_2025.09.24.677515.json;"Figure 4 (which was not certified by peer review) is the author/funder. All rights reserved. No reuse allowed without permission. bioRxiv preprint doi: https://doi.org/10.1101/2025.09.24.677515; this version posted September 26, 2025. The copyright holder for this preprint MULUS";;1;1;;;;Plot+Photo
843;10.1101_2023.10.13.562297.json;Figure 6: The number of pair-wise shared high-frequency (AF>=0.75 in both groups) loci.;;1;;;;;Plot
844;10.1101_2025.01.24.634819.json;"Fig. 4. Transferred Sc chromosomes were actively transcribed in the hybrids. (A) Correlation of gene expression between hybrids (KS) and Sc strains. The expression level was represented by log2 (average normalized read counts). Each point represents the average of three replicates. Adjusted R 2 were derived from linear regression. N = 84 genes for R1, and 151 genes for R3 (see Methods for data filters). DEG, differentially expressed genes. n.s., not significant. (B) Number of significantly up-regulated and down-regulated R1/R3 genes in hybrids. The number inside the column represents the percentage of up- or down-regulated genes. (C) Expression differences [log2(KS/Sc)] along R1 and R3 chromosomes in the hybrids in YPD. The gray shading indicates the deleted segment in KS-R3. Dashed lines indicate a log2FoldChange of 1 or -1. VBA3 and GEX1 are in red and CHA1 is in orange. For stress conditions, see Fig. S9 . (D) The relative mRNA levels of HML α1 and HML α2 in KS -R3 and Sc-R3 determined by qPCR. The mRNA levels were normalized to the average of three housekeeping genes as described in Fig. 3D . The values represent the mean ± SD (n=3). (E) Number of DEGs between KS strains and Km-V out of 4,857 Km genes. Y, YPD; T, TM; N, NaCl. In this figure, all DEGs are defined as an FDR-adjusted p-value < 0.05 by Wald test and abs(log2FoldChange) > 1.";;1;;;;;Plot
845;10.1101_2025.02.07.636194.json;"Fig. 4 Prediction quality of PLSR models for An and Ѱ depending on the validation set. Models were calibrated using the WW+WD1+WD2 calibration set (dataset J in Table 1) and the MicroNIR_NeoSpectra, ASD and Li600 devices. a corresponds to the R² and b corresponds to the RMSE in the validation set. Each point in the boxplot represents one of the 100 iterations of the validation (as detailed in Table 1). The blue dots and boxes correspond to the well-watered treatment (WW); orange dots and boxes to the moderate water deficit treatment (WD1); red dots and boxes to the severe water deficit treatment (WD2); and pink dots and boxes to all WW, WD1 and WD2 treatments. An = Net CO2 assimilation; Ѱ = Leaf water potential.";;1;;;;;Plot
846;10.1101_2025.04.01.646677.json;Figure 4. Lipid mediators reveal heterogeneity among APOE genotypes, an important AD risk factor.;;1;;;;;Plot
847;10.1101_2025.07.23.666354.json;Fig. 4 A EEG part two with congruent and incongruent words. A fixation cross was displayed, followed by the presentation of a visual speaker-cue. Highly congruent or incongruent vocoded words under the speaker prior were presented. Participants reported the word they heard. B Participants incurred a processing cost in incongruent trials. However, reaction times scaled with speaker-specific semantic surprisal only in congruent trials. Circles indicate group means with error bars indicating 95%-confidence intervals. Transparent dots indicate single subjects. Bold black lines between groups indicate p ≤ 5 e -2 . Shaded areas around lines indicate 95%-confidence intervals. C Encoding models revealed a double dissociation: In incongruent trials, only speaker-invariant semantic surprisal significantly improved encoding performance, whereas in congruent trials only speaker-specific semantic surprisal significantly boosted encoding performance. Encoding improvements are visualised relative to baseline models. Significant negative effects indicate that models failed to produce generalisable improvements. Circles indicate group means with error bars on circles showing 95%-confidence intervals. Transparent dots show individual participants. Bold black lines between groups indicate p ≤ 5 e -2 . ***, **, and * represent p ≤ 1 e -3 , p ≤ 1 e -2 and p ≤ 5 e -2 , respectively. The downward-facing triangles indicate the best models by congruence. All p-values were corrected using the Bonferroni-Holm procedure. D Knock-out analysis of coefficients revealed significant variance explained by speaker-invariant semantic surprisal in incongruent trials (top) as well as by speaker-specific semantic surprisal in congruent trials (bottom). Speaker-invariant semantic surprisal was associated with a cluster across all channels between 170 ms -345 ms , and speaker-specific semantic surprisal was associated with a cluster across all channels between 190 ms -635 ms . Lines indicate means with shaded areas representing 95%-confidence intervals. Inlaid topographies show variance explained across sensors, with sensors contributing to clusters marked in black. Bold black lines indicate p ≤ 5 e -2 .;;1;;1;;;Plot+Diagram
850;10.1101_2022.05.01.490196.json;Figure 8. View of the VcINDY binding pocket from the cytosol. The X-ray crystallography derived structural model is of succinate-, and Na + -bound VcINDY (green). Electron density for the substrates is shown contoured at 2.5 σ .;;;;1;;;Diagram
852;10.1101_2023.04.18.537072.json;FIG. 3. Gelation transition in phase-separating systems . a Phase diagram for disk-like (d=2) and spherical (d=3) assemblies in the limit M →∞ , as a function of ϕ tot and the rescaled temperature T/T 0 (with T 0 = χ/k B ). The coloured curve represents the binodal associated with the free energy f , which accounts for the emergence of an infinite assembly. The colour code of the binodal line depicts the monomer fraction ϕ 1 /ϕ tot in the phases. In the region labelled as 'sol-sol', the system demixes into two phases both populated mainly by monomers, see panel b , with ϕ I/II tot < 1. In the region labelled as 'sol-gel', on the other hand, a phase (the 'sol'), obeying ϕ sol tot < 1, coexists with a phase (the 'gel') that is a macroscopic assembly, containing no solvent ( ϕ sol tot = 1). The latter scenario is represented in panel b , right side. c Lowering the temperature allows transitions from the 'sol-sol' to the 'sol-gel' region, which manifest with a jump in the total volume fraction of the dense phase.;;1;;1;;;Plot+Diagram
853;10.1101_2025.06.30.661957.json;"Figure 4. Calcium dynamics in HUVEC cells. A) i) Schematic representation depicting realtime calcium imaging; ii) Experimental conditions used for sustained magnetomechanical stimulation. iii) Our Ca 2+ flux analysis combines estimation of the continuous Ca 2+ flux";;1;;1;;;Plot+Diagram
854;10.1101_2025.10.29.685440.json;Figure 3. Inhaled CBD Pretreatment Decreases Immune Evasion Signals in GBM;;1;;1;;;Plot+Diagram
855;10.1101_2025.04.05.647323.json;Figure 3. Brain activation patterns of representative brain states from the top four clusters.;;1;;1;;;Plot+Diagram
856;10.1101_2025.06.02.657265.json;Figure A1.7: Control Experiment: Results from experiments tested under background-absent 'Ganzfeld' conditions, indicated by labels on the top left corner of each graph. The blue regions indicate the Gains where the stimulus' motion across the retina is in a direction that is directly opposite to eye motion. The green regions indicate the Gains where the stimulus' motion across the retina is in the same direction as eye motion. Note that the stimuli were presented for 750-ms for this condition. Average diffusion constants are plotted as a function of the Gains from five subjects. The orange symbols represent diffusion constants for perceived motion ( D PM ) and the purple symbols represent diffusion constants for world motion ( D WM ). (Note that the D PM are the original, uncorrected values.) The y-axes are different to account for individual differences in eye motion and consequent retina-contingent stimulus' world motion ( D WM ). Each symbol is the respective average across all trials, with SE of the mean bars. The bottom right graph shows the averages across the five subjects, with SE of the mean bars. The red arrows show the extent to which the eye motion, and consequent retina-contingent stimulus' world motion ( α WM ), deviated from Brownian. Arrows pointing right indicate persistence ( α WM > 1), arrows pointing left indicate antipersistence ( α WM < 1), and no arrow means that the motion was Brownian ( α WM = 1 + / -0.02). Longer arrows correspond to higher deviations from Brownian motion. The arrow length in the legend indicates pure persistence ( α WM = 2, straight line trajectory at constant velocity) if pointing right or pure antipersistence ( α WM = 0, oscillatory motion) if pointing left.;;1;;;;;Plot
857;10.1101_2024.12.16.628816.json;Figure 4: Path analysis of afferent circuits modulating hippocampal plasticity. * Denotes p < 0.05, ** p < 0.01.;;;;1;;;Diagram
858;10.1101_2025.07.02.662878.json;"Figure 4 . Comparison of pool size ratio (PSR) maps from quantitative magnetization transfer MRI. MTC, magnetization transfer contrast; DNR, dorsal nerve roots; DREZ, dorsal root entry zone; Les, Lesion site, indicated by red symbol '+'. Unilateral changes in DNR and DREZ regions are detected and indicated in PSR maps. Results are from a representative subject after dorsal nerve root section. fer try Z ter";;;1;;;;Photo
859;10.1101_2025.04.18.649492.json;Figure 5. H1.1 persistence in the SMC impairs gametogenesis;;1;1;1;;;Plot+Diagram+Photo
864;10.1101_2025.08.28.672672.json;Figure 2. RSSC diversity and distribution ( Case Study: Phylotypes ). Maps display the reported strain distribution of A) phylotype I, B) phylotype II, C) phylotype III, and D) phylotype IV. The literature varied in reporting specificity for location (e.g. from city, province, country, etc.), so we employed Mapbox to infer latitude and longitude;;1;;1;;;Plot+Diagram
866;10.1101_2025.10.29.685330.json;"Figure 3. Generation and validation of AHR-KO cell line. (A) AHR was modified at a split in the first exon, with an early poly-adenyl tail insert, truncating transcription. Primer sites for AHR 5' and 3' homology arms and wildtype (WT) AHR are shown. (B) AHR-KO clones D8, D9, and D11 were assessed for the presence of 5' and 3' AHR arms and the WT AHR sequence. All 3 clones were validated to be positive for 5' and 3' AHR homology arms and homozygous for the absence of WT AHR genomic DNA. (C) Untreated INS-2A-EGFP parent cells and AHR-KO clones were collected for Western blot analysis on Day 10 of differentiation. Protein expression was measured for AHR, the HA epitope, and housekeeper GAPDH in the INS-2A-EGFP parent line (n=1 biological replicate) and AHRKO clones D8, D9, and D11 (n=3 biological replicates per clone; i.e. 'Diffs 1, 2, 3'). (D) INS-2A-EGFP parental cells (n=4 biological replicates) and AHR-KO clones (n=3 biological replicates per clone) were differentiated to Day 9 and then exposed to either vehicle (DMSO) or TCDD (10 nM) for 24 hours. Gene expression of CYP1A1, AHRR, and ARNT was measured and normalized to the parental line DMSO control . Data represent mean +/- SEM and individual data points represent biological replicates. Asterisks indicate statistically significant differences (*p<0.05, **p<0.01), as determined by two-way repeated measures ANOVA with Sidak post-hoc test. Schematics were made with BioRender.com.";;1;;;;;Plot
867;10.1101_2025.08.26.672515.json;Fig 5. Inhibition zone in SIM medium inoculated with enteropathogenic bacteria, with the addition of 100 µg of the different treatments. SIM medium inoculated with E. coli 1×10 8 . (A) PBS, (B) C.Cpl, (C) MVspl, (D) C.CplE, and (E) MVsplE. In addition, the SIM medium was also inoculated with S. Typhimurium 1×10 8 CFU/mL, (F) PBS, (G) C.C60pl, (H) MVspl, (I) C.CplS, and (J) MVsplS.;;;1;;;;Photo
868;10.1101_2025.06.02.657265.json;Figure A1.2: Experiment 1: Diffusion constants plotted as a function of the sixteen Gains. The blue region of graphs indicates the Gains where the stimulus' motion across the retina is in a direction that is directly opposite to eye motion. The green region indicates the Gains where the stimulus' motion across the retina is in the same direction as eye motion. The top four rows show individual results from four subjects and the bottom row shows the averages across the five subjects, including 10003L whose data was shown in Fig. 2 C and D. Purple points indicate average diffusion constants for world motion, D WM , with SE of the mean bars. ( Left ) Yellow points indicate average diffusion constants for perceived motion, D PM , with SE of the mean bars. Black-hollow points indicate average Jitter D PM with SE of the mean bars, given the standard deviation of error in Fig. A1.1. ( Right ) Orange points indicate average corrected diffusion constants for perceived motion, cD PM , with SE of the mean bars. cD PM = D PM -Jitter D PM .;;1;;;;;Plot
869;10.1101_2025.11.17.688954.json;Figure 1: Heat map based on the ANI of 339 B. gladioli genomes. Darker shading indicates a greater percentage of identities. The black outlined boxes show sub-groups with greater than 97.3 % ANI . The main clusters are labeled as group 1, 2 and 3, with group 1 isolates subdividing further into subgroups 1A, 1B, and 1C (bottom right).;;;;1;;;Diagram
870;10.1101_2025.08.21.671520.json;"Fig. 1. Oxidative phosphorylation contributes to ferroptosis sensitization in cancer persister cells. ( A ) UMAP of PC9 parental and persister cells treated with or without 1 µ M RSL3 for 24 hours. ( B ) Enriched Hallmarks gene sets in persister cells treated with and without RSL3. Positive values indicate enrichment in persister cells treated with RSL3. ( C ) UMAP of PC9 persister cells treated with and without RSL3. ( D ) Pseudotime analysis of PC9 persister cells treated with and without RSL3. Solid black line indicates the estimated transitional trajectory across cell states. ( E ) UMAP of PC9 persister cells treated with and without RSL3 colored by cluster. ( F ) Ferroptosis-drivers gene set signature score across clusters in ( E ). ( G ) Ferroptosis-suppressors gene set signature score across clusters in ( E ). ( F and G ) P values calculated with Mann-Whitney test. ( H ) PC9 persister cells derived from erlotinib plus metformin and then treated with 500 nM RSL3 for 24 hours. n = 3 biological replicates; mean ± s.d. is shown; P values calculated with two-tailed Student's t-test.";;1;;1;;;Plot+Diagram
871;10.1101_2025.10.29.685330.json;"Figure 5. AHR-KO SC-islets have modestly decreased G6PC2 expression and higher insulin secretion compared to parental cells. INS-2A-EGFP parental hESCs and AHR-KO clones D8, D9, and D11 were differentiated into SCislets. See Figure 4A for schematic illustrating collection days. (A-C) Gene expression was measured for key markers of developing and mature pancreatic islets on (A) Day 10 (Stage 4), (B) Day 15 (Stage 5), and (C) Day 31 (Stage 7+) of differentiation (n=3 biological replicates per cell line at each timepoint). Gene expression is normalized to the parental cells at each timepoint . (D) Percentage of cells expressing GFP in SC-islets differentiated from the INS-2AEGFP parental line (Day 40-52; n=3 biological replicates) and AHR-KO lines (Day 43-49; n=4 biological replicates). (E,H,I) Insulin secretion was measured in response to 2.5 mM low glucose (LG), 16.7 mM high glucose (HG), and 30 mM KCl during a dynamic perifusion analysis of SC-islets at Day 26-55 of differentiation (n=4-5 biological replicates for each genotype). (F) Area under the curve was calculated for the insulin response to LG, HG, and KCl. (G) Age (i.e., day of differentiation) of each biological replicate at the time of perifusion. (E,F) Perifusion data are plotted as mean +/- SEM and individual data points represent biological replicates. (H,I) Individual perifusion curves for each biological replicate are plotted separately for (H) the parental line and (I) AHR-KO line. Asterisks indicate statistically significant differences (*p<0.05, **p<0.01), as determined by (A-C) a one-way ANOVA with Fisher LSD post-hoc test, and (E) two-way repeated measures ANOVA with Sidak post-hoc test for perifusion curves (line graph), and (F) unpaired two-tailed t-test for AUCs (bar graphs).";;1;;;;;Plot
873;10.1101_2025.08.30.673206.json;Figure 1: Esperdyne Field Recorder. The device is based on the ESP32-S3 MCU with dual I2S input, rotary encoder, OLED display, and microSD card. It includes a tap-to-save recording button (REC), channel 2 tuning hold button (CH2), and an OLED screen toggle (DISP). The front face includes ports and controls: SD card slot, rotary encoder, AUX Output, and power button. The interface allows real-time stereo heterodyne output with independent frequency tuning for each channel, while a ring buffer stores the last 5 seconds of audio, triggered for saving upon user input. The two carrier frequencies are tuned to 40 kHz and 70 kHz, and the display shows the current number of recorded files to be 15. The volume is set at 50 %.;;;1;;;;Photo
875;10.1101_2025.05.03.652040.json;Figure 3. KEGG pathway enrichment analysis. Biological pathways enriched on (a) PC3, (b) PC4, and (c) PC6. All pathways are significant with a Benjamini-Hochberg adjusted p<0.01. The gene size represents the number of genes enriched in the biological pathway. Pathways are shown with associations to human sarcopenia (red) and control (blue) based on the directionality of separation for each PC. The bar plots are represented by their respective normalized enrichment score (NES).;;1;;;;;Plot
876;10.1101_2025.06.16.659879.json;"Figure 1. Evolution of Sm AA10A and changes to the chitin binding surface. ( A ) Reduced phylogeny schematic for AA10 LPMOs. A full phylogeny is shown in Fig. S3. Clade A corresponds to strictly C1-oxidizing chitin-active LPMOs, while clade B includes LPMOs active only on chitin, only on cellulose, or showing activity on both chitin and cellulose. Functional annotation of clades was based on 25 characterized LPMOs with known activities ( 34 ). Ancestral nodes are shown as circles. ( B ) Predicted protein models for the four ancestral nodes shown in (A) and the crystal structure of Sm AA10A. Copper ions are shown as orange spheres. Flatness ( C ) and surface charges ( D ) of the chitin-binding surface show changes over evolution (red, negative; blue, positive). ( E ) Sequence identity (%) between ancestral LPMOs and Sm AA10A. ( F ) Binding of LPMO variants to chitin; error bars are SDs ( N = 3 technical replicates). ( G ) Overlay of the catalytic centers of Sm AA10A and Anc1-4, using the color coding of panel B. Residue numbering in gray corresponds to Anc1 while residue numbering in black corresponds to Anc2-4 and Sm AA10A. Note that the position of the catalytically important glutamate in the protein sequence changes in going from Anc1 to Anc2; the location in Anc1 is typical for C1-oxidizing cellulose-active members of the AA10 family. Abbreviations: C, Cys; E, Glu; F, Phe; H, His.";;1;;1;;;Plot+Diagram
877;10.1101_2024.06.07.597917.json;Figure 1. p53 activation increases phosphoethanolamine and membrane phospholipids.;;1;;1;;;Plot+Diagram
878;10.1101_2025.06.06.658308.json;Figure 3. BLI tracking of HER2CAR-AkaLuc T cells in a subcutaneous model of ovarian cancer.;;1;1;;;;Plot+Photo
879;10.1101_2025.05.03.652001.json;Figure 3. CB predicts conformationally-biased variants of a GPCR and four enzymes. ( A ) Human β2 adrenergic receptor (β2AR) in inactive and active conformations (PDB: 3SN6 and 2RH1, respectively). The change in transmembrane helix 6 (red) enables the active form to bind to G proteins and arrestin. Positions of five CB-predicted active-biased mutations that are corroborated by experimental data from Jones et al (30) (Z > 1) are labeled. ( B ) 5263 β2AR variants were scored using CB, and top active-biased, inactive-biased, and neutral variants are plotted by their experimentally-determined receptor basal activation scores (30). ****p < 0.0001. ( C ) Src kinase repositions its auto-inhibitory SH2/SH3 domains upon autophosphorylation, becoming active (PDB: 2SRC and 1Y57, respectively). AS, active site. ( D ) 3372 Src kinase variants were scored using CB and the inactive and active structures shown in (C). Points are colored according to experimentallydetermined kinase activity data (based on inhibition of cell growth) from Nguyen et al.(35). ( E ) Distributions of Src kinase activities for inactive-biased, active-biased, and neutral variant populations. **p < 0.01, ****p < 0.0001. ( F ) B-Raf is a human kinase downstream of Ras, which has an inactive (autoinhibited, monomeric) state, and an active (phosphorylated, dimerized) state (PDB: 7MFD and 7MFF, respectively). AS, active site. ( G ) Distributions of experimentally-determined B-Raf activities from Simon et al.(34), based on quantification of phospho-ERK levels. Categories are based on CB analysis of active and inactive B-Raf structures in (F). ****p < 0.0001. ( H ) MurA is an E. coli transferase required for peptidoglycan synthesis that interconverts between an inactive 'loop open' state and an active 'loop closed' conformation in which substrates are re -positioned for;;1;;1;;;Plot+Diagram
880;10.1101_2025.04.21.649774.json;Figure 1. Characterization of the secretome from OB-MSCs versus NW-MSCs on days 0, 5 and 21 of adipogenesis. A-C. Volcano plots showing downregulation (blue), upregulation (red) and non-changed (grey) common proteins in the secretome of OB-MSCs versus NW-MSCs. Top enrichment pathways of the upregulated and downregulated proteins in the secretome of OB-MSCs versus NW-MSCs with Gene Ontology analysis.;;1;;;;;Plot
882;10.1101_2025.03.11.642640.json;Figure 1: Chromosome organization in GFP - and GFP + Salmonella cells.;;1;;1;;;Plot+Diagram
884;10.1101_2022.03.28.486070.json;Figure 3 - figure supplement 6 | The CYC-box and flanking sequences of PACE are required for the complete restoration of the bacterial infection process in the L. japonicus nin-2 mutant. Pictures of nodule sections or roots from L. japonicus nin-2 roots 35 dpi with M. loti Ds Red from the same experiments depicted in Figure 3 - figure supplement 3 . Upper left corner: a nodule section from a L. japonicus WT root transformed with NIN pro :NIN was included for comparison. Bars, 100 μm.;;;1;;;;Photo
885;10.1101_2025.06.02.657382.json;Figure 4. Behavioral patterns of high-mobility reactive myeloid cells. Time-lapse imaging of acute brain slices of SSLOW-infected Cx3cr1/EGFP mice captured at the early clinical ( a ), advanced ( b, d ), and subclinical ( c ) stages of disease. a (Video S3): An EGFP + cell (indicated by an arrow) extends a process toward neurons #1 and #2, migrates along this process, and subsequently envelops both neurons while simultaneously extending processes toward neurons #3, #4, and #5. b (Video S10): EGFP + cell #1 migrates toward and surveys a neuron (circled), then departs. Subsequently, a second EGFP + cell (#2) migrates to and interacts with the same neuron. White and blue curves trace the respective migration paths of the two cells. c Upper panels: An EGFP + cell approaches, envelops, and then retracts from a neuron. Middle panels: A migrating EGFP + cell (indicated by an arrow) surveys five distinct neurons (circled), interacting simultaneously with neurons #1 and #2, followed by #3 and #4. Lower panels: An EGFP + cell maintains prolonged contact with a neuron. d (Video S5): An EGFP + cell (arrow) migrates across the field, initially extending processes (arrowhead) toward a neuron. The cell body then translocates along these processes, briefly contacts one neuron, and continues movement toward another.;;;1;;;;Photo
886;10.1101_2023.12.15.571916.json;Figure 1. Single voxel autocorrelation method. For each voxel in the hippocampus, the time course of BOLD activity was successively temporally shifted by 1 TR and correlated with itself. This was repeated for a total shift of 4 seconds (i.e., 2 lags). This resulted in a vector of single voxel autocorrelation values, with each value corresponding to a different lagged correlation. Autocorrelation clustering. The single voxel autocorrelation vectors for every voxel were used to compute the autocorrelation clusters, where voxels were clustered based on the Euclidean distance (ED) of their single voxel autocorrelation vectors. Every voxel was assigned to a cluster and the total number of clusters was determined by the modularity optimization algorithm (i.e., number of clusters was not predetermined). Yellow and red voxels represent voxels that were assigned to the same (voxel 1 and 2) or different clusters (voxel 1 and 3). Clustering was performed at the individual participant level, and a separate cluster map was created for each individual and each hemisphere. Grouplevel cluster maps were created by averaging across individuals.;;;;1;;;Diagram
887;10.1101_2024.12.05.627005.json;FIG. 2. Compound Poisson distributed number of mutations. The distribution of the number of mutations follows a compound Poisson statistics arising from the discrete number of generations along a branch. The red solid lines show the distributions of the number of mutations along branches with mean number of generations ⟨ i ⟩ and mean number of mutations per generation µ . They are compared to Poisson distributions (grey dashed lines) with the same mean ⟨ i ⟩ µ as they would arise from a molecular clock. Continuous lines are drawn for visibility. See Appendix C for details.;;1;;;;;Plot
889;10.1101_2024.09.19.613896.json;Figure 2: Here, we calculated the feature importance for the top five features for each of the cancer types. The feature importance was calculated using XGBoost's get booster().get score() function, and then the data was scaled using Scikit Learn's StandardScaler() for plotting. For each of the DNA shape features (E.g., Propellar Twist (ProT), Helix Twist (HelT), Electrostatic Potential (EP), and Roll), the number proceeding the feature type is the position at which the value is recorded. For example, a position of '11' indicates the site of the nucleotide variant, a position of '10' indicates the nucleotide position to the left of the variant, and '12' indicates the nucleotide immediately to the right of the variant. For more information on DNA shape features, please see Supplementary Tables 1-6.;;1;;;;;Plot
890;10.1101_2025.10.03.680230.json;"Figure 1: PymolFold workflow, performance case studies, and application to complex structure prediction. (A) The PymolFold workflow. A Streamlit GUI in PyMOL calls remote prediction APIs (ESM-3, Boltz2; dashed lines). Results are returned for local analysis with integrated tools (PXMeter, color_plddt ; solid lines). (B) A representative monomer prediction of a hydrolase mutant (PDB: 6KY5), utilizing color_plddt command, where deep blue indicates high confidence. (C) Case studies of prediction time as a function of protein length. (D) Performance comparison showing mean pLDDT (confidence) and C α -RMSD (accuracy).For (C) and (D), data are the mean ± s.d. of three replicates. (E) Predicted trimer (cyan; PDB: 7UVX) superimposed on its ground truth structure (gray). Adjacent PXMeter heatmaps display interface quality metrics (lDDT, DockQ, Fnat, iRMSD).";;1;;1;;;Plot+Diagram
891;10.1101_2025.08.04.668590.json;Figure 4. Sheet aggregates are well associated with TOM20 + mitochondria but poorly associated with COX4 + mitochondria. (A) and ( B) 700× micrographs of PFA fixed vitrified 1 DIV rat cortical;;;1;;;;Photo
892;10.1101_2025.08.23.671809.json;Figure S1: Tissue- and cell-type specific expression of UMAMIT30. Images of Arabidopsis Developmental Map (A) and Arabidopsis root tissue-specific gene expression pattern (B) generated by the Bio-Analytics Resource Center at the University of Toronto(http://bar.utoronto.ca/efp/cgi-bin/efpWeb.cgi) showing UMAMIT30 (locus ID At4g01450) gene expression based on publicly-available microarray data sets [40]. Signals greater than 20 expression units were color-coded in relation to their average levels in the respective data sets [39, 41]. Images of single cell UMAMIT30 gene expression in leaves (C) and roots (D) derived from single-cell RNA-sequencing data sets obtained by Kim et al. 2021 [42] and Denyer et al. 2019 [43], respectively. UMAP plots where generated by The Plant Single Cell RNA sequencing browser tool [44]. Red arrows point to tissues (A and B) and cell-types (C and D) where UMAMIT30 expression was detected.;;;;1;;;Diagram
893;10.1101_2025.06.14.659486.json;Figure 2. Development of colon organoids in droplets and comparison to traditional dome cultures: a) Brightfield images (scale bars 250 µm), H&E staining (scale bars 100 µm), and mIF staining (SOX9 turquoise, FABP1 yellow, Ki67 red, scale bars 100 µm) of colon organoids in hydrogel droplets on days 3, 6, and 8. b) Size development analysis of colon organoids over several days, with average size highlighted above (n organoids ≥ 235). c) Whole-mount staining of colon organoids in droplets on day 8. d) Size development analysis of duodenum organoids formed from different amounts of encapsulated cells, with average size highlighted above (n organoids ≥ 58). e) mIF staining of organoids in hydrogel droplets on day 8 (SOX9 turquoise, FABP1 yellow, Ki67 red, MUC2 green, CA1 orange, CHGA pink, ECAD purple, CEACAM5 white, scale bars 100 µm). f) Relative mRNA expression of different genes of organoids grown in droplets over several days normalized to β -actin gene expression (2 biological replicates). g) Quantification of mIF staining of organoids in droplets on day 6 and day 8 (n organoids ≥ 30). h) Quantitative comparison of the coefficient of variation in organoid sizes between organoids grown in domes (1:12 dilution) and droplets on day 6. Each dot represents the coefficient of variation in a single experiment (n = 5 biological replicates). i) Brightfield images (scale bars 500 and 250 µm) and H&E staining (scale bars 100 µm) of organoids grown in domes and droplets on day 8. j) Quantitative fluorescence analysis of cell viability in intestinal organoids at days 3, 6, and 8 of culture in domes or droplets by live/dead staining (n samples = 4), and representative fluorescent images of organoids grown in domes and droplets on day 8. k) mIF staining of organoids in domes (1:12 dilution) and hydrogel droplets on day 8 (SOX9 turquoise, FABP1 yellow, Ki67 red, CA1 green, scale bars 100 µm). l-n) Bulk RNA sequencing of organoids grown in domes (1:6 dilution) and droplets (3 technical replicates, 2 biological replicates). l) Quantification of Log2 transformed expression levels and heatmap of Z-score normalized expression levels across of selected genes. Data were averaged across replicates. Statistical significance between conditions was assessed using the Wilcoxon test, with p-values adjusted for multiple testing using the Benjamini-Hochberg method. m) Volcano plot of differentially expressed genes between domes (left) and droplets (right) subsets (p < 0.05, log2 Fold Change > 1). n) Plot showing significantly enriched Gene Ontology biological processes of genes in colon organoids grown in domes (p-value < 0.05, q-value < 0.2). P-value of < 0.05 was expressed as *, p-value < 0.01 was expressed as ** and p-value < 0.001 was expressed as *** . The normality of the distribution was verified with a Shapiro-Wilk test and a t-test was done to calculate the p-values.;;1;1;;;;Plot+Photo
894;10.1101_2023.04.18.537072.json;FIG. 7. Gel-sol free energies . a The coloured curved indicates the binodal obtained with the Maxwell construction for the f sol only, its colour code depicting the monomer fraction ϕ 1 /ϕ tot in the coexisting phases. The black line represents ϕ sg ( T ), defined in (C2). In the absence of phase separation, ϕ sg estimates the volume fraction at which the gel appears. The two temperatures T three and T up are used to determine the value of ω ∞ in f gel , see (13). This allows us to perform the Maxwell construction now on f = f sol + f gel . b In phaseseparating systems, gelation can be considered as a special case of phase coexistence between a dilute phase (the 'sol') in which ϕ sol < 1 and the gel phase, corresponding to ϕ gel = 1. c-e Maxwell construction for three different temperature values, the coloured and dashed curves represent convex and concave branches of f , respectively.;;1;;;;;Plot
896;10.1101_2025.09.30.679456.json;Figure 5: Time course of cortical neuroplasticity following paired associative stimulation. MEP/Mmax (A) was modulated time and menstrual cycle phase. When expressed as percentage change (C) ML phase showed continued and greater magnitude of neuroplasticity response. The individual responses by phase for both are presented in panel B and D respectively. Bold lines indicate phase estimated marginal means with error bars indicating 95% confidence intervals. Thin lines represent individual participant data. EF: Early Follicular, LF: Late Follicular, MEP: Motor evoked potential, ML: Mid-luteal, PAS: Paired associative stimulation. # mid-luteal phase greater than early and late follicular, * significantly greater than Pre, ** significantly different than Post15.;;1;;;;;Plot
899;10.1101_2024.09.02.610777.json;Fig.2 In silico benchmarking results of DrugCLIP. (A) The evaluation of DrugCLIP on the DUD-E dataset using the EF1% to assess model performance. The results of baseline models are token from previous studies ( 11, 37 ). (B) The evaluation of DrugCLIP on the LIT-PCBA dataset, also using the EF1% for performance measurement. The results of baseline models are token from previous studies ( 11, 21, 36, 38 ). (C) The assessment of DrugCLIP's generalization ability was conducted by varying the identity cutoffs between testing targets and training data in DUD-E, with Glide-SP and Vina represented as dashed lines. (D) The evaluation of DrugCLIP's robustness regarding errors in pocket side-chain conformations, was conducted by using RMSD values ranging from 0 Å to 3 Å, with Vina shown as a dashed line for reference. (E) The screening speed on the LIT-PCBA dataset, compared with docking methods like GlideSP and Uni-Dock, and the machine learning model PLANET. Speeds of baseline methods are token from previous studies ( 8, 11 ). (F) An illustration of time consumption as the screening scale increases, with the x-axis representing the size of the molecule library and the size of the circles representing the numbers of targets. DrugCLIP (the orange line) has a computational complexity of O (M+N), where M is the number of targets and N is the number of compounds, whereas most existing methods (the green line) have a complexity of O (MN).;;1;;1;;;Plot+Diagram
902;10.1101_2024.09.27.615364.json;Fig 2. Optimization of synaptic weights and the time constant in the MP layer. A. Optimal synaptic weights for position inputs ( ω pos , top) and velocity inputs ( ω vel , bottom) optimized for seven subsets ( E 1 through E 7 ) of MP IN for different time constants ( τ ). The synaptic weights ranged from 2 mV to 18 mV. They were adjusted to maximise MCC values, separately for each subset. B. Optimization criterion MCC as a function of τ for the seven subsets of MP IN, using the optimal weights from panel A. The black line shows the mean MCC, highlighting the overall performance of layer 3.;;1;;;;;Plot
905;10.1101_2025.06.27.661925.json;Figure 8: 8(a) : Western blot expression of inflammatory marker proteins in control and experimental group of SH-SY5Y cells. Lane 1- SH-SY5Y cells, Lane 2- SH-SY5Y cells + ALD/CPF, Lane 3- SH-SY5Y cells+ ALD/CPF + A2M, Lane 4- SH-SY5Y cells+ A2M. 8(b) : Relative intensity of the proteins expressed in control and experimental groups of SH-SY5Y cells.;;;1;1;;;Diagram+Photo
907;10.1101_2025.07.23.666348.json;"1376 Figure 6S5. Expression of vGlut-40XMYC, 6XV5-vMAT, 7XMYC-vAChT, and 9XV51377 vGAT in the SV, ED, and AG of the Drosophila male reproductive system. A-D) SV. A) 1378 vGlut-40XV5; B) 6XV5-vMAT; C) 7XMYC-vAChT; D) 9XV5-vGAT. E-H) ED. E) vGlut1379 40XV5; F) 6XV5-vMAT; G) 7XMYC-vAChT; H) 9XV5-vGAT. I-L) AG. I) vGlut-40XV5; J) 1380 6XV5-vMAT; K) 7XMYC-vAChT; L) 9XV5-vGAT. Scale bar: 50  m. 1381";;;1;;;;Photo
909;10.1101_2025.05.08.652968.json;Fig. 2: HDX-MS analysis of CLC-ec1 reveals dynamics at low pH. The pH-driven structural transitions as captured by HDX-MS. ( a ) Deuteration levels of CLC-ec1 at pH 4.5 were subtracted from those obtained at pH 6.5 and the results were visualized via a differential heat map. Each colored line represents a time point of the HDX kinetics. Due to differences in the chemical exchange rate at pH 4.5 and 6.5 (100-fold), time points with equal exchange were compared (e.g. 20s at pH 6.5 vs. 2000s at pH 4.5).The blue-white-red color gradient indicates deuteration levels. Differences at the final time point (denoted by a black square dot on right of the heat map) were plotted onto the CLCec1 structure at right. ( b ) Differential heat map capturing the time resolved HDX kinetics of the second transition, shown for time points of matching exchange (10-fold difference due to 1 pH unit shift). The last timepoint was used for CLC-ec1 structure coloring. ( c ) Selected deuterium uptake plots. The peptides monitored are indicated at the top of each plot and are mapped by color onto the CLC-ec1 structure at center (views from the perspective of the membrane and from the intracellular side). Exchange times are normalized to pH 3.0 to compensate for the differences in exchange rates. For replicated time points (20s, 633s and 20000s), error bars indicate standard deviations. Data were corrected for back-exchange. Graphs at left and right depict representative peptides that capture major pH transitions. Regions of no or small pH-induced changes are represented by the graphs at the top. The full set of uptake plots are available in Extended Data Figure 3. ( d ) Membrane and intracellular views of CLC-ec1 with helices labeled.;;1;;1;;;Plot+Diagram
910;10.1101_2025.08.11.669771.json;Figure. 1 . Chemical structures of the reference compounds and daclatasvir, with the C2 axis of symmetry indicated by a dotted line.;;;;1;;;Diagram
911;10.1101_2025.07.28.667187.json;Fig 2. Model parametrization. A - Solution of the intra-host model, parametrized on german clinical data. Each curve shows the probability of an individual being infectious, detectable or recovered t days after the infection. B - Linear regression between simulated sequencing data timestamps and genomic distance from the founder genome. The slope of the regression is an estimator of the per site per year evolutionary rate. In our model we denote it Observed Substitution Rate (OSR). We use this regression method to find OSR point estimates for each simulation run and then fit the value of the model Nucleotide Substitution Rate (NSR) to the OSR. C - NSR/OSR exponential regressor fit (log-log space). Each point in orange is a single OSR estimate from a simulation ran with a specific NSR (x axis). The exponential curve fits very well the average OSR for each value of the NSR and the OSR estimate obtained by applying the regression shown above to joint simulation data. With this regressor, the user can select a NSR that corresponds to a OSR between 10 -4 and 10 -3 (shaded in gray, SARS-CoV-2 substitution rate range in real data) for the given parameters set. In red we show the value used for the experiment presented in this paper.;;1;;;;;Plot
912;10.1101_2025.07.07.663491.json;Fig. 2. Ancestry of pigs inferred using ADMIXTURE. Results of a supervised ADMIXTURE analysis with K=3. Each pie chart represents a location, size is correlated with the number of samples.;;;;1;;;Diagram
913;10.1101_2025.07.07.663569.json;Figure 1. Mean contralateral delay activity (CDA) amplitudes for color, orientation, and conjunction stimuli at set sizes 2 and 4, adapted from Figure 3D of Woodman and Vogel (2008). Although orientation and conjunction stimuli elicited larger CDA amplitudes than color stimuli, these differences were additive across set sizes, suggesting that the enhanced CDA was not due to an increased number of items stored in working memory.;;1;;;;;Plot
915;10.1101_2025.01.14.633045.json;Figure 1. Tad pili clusters encoded in Bradyrhizobium diazoefficiens USDA 110. A. Scheme of a Tad pilus. B. Scheme of the gene clusters related to Tad pili systems in B. diazoefficiens USDA 110. The genes assigned to each cluster are indicated below the gene, according to the results shown in Table S1, and using the same nomenclature as in three different bacterial models: (1) Agrobacterium tumefaciens C58, (2) Caulobacter crescentus N1000, and (3) Actinobacillus actinomycetemcomitans D7S-1. Each gene is identified by the locus tag (above each gene box).;;;;1;;;Diagram
917;10.1101_2025.04.29.651251.json;Figure 4. Genetic predisposition primes acinar cells for enhanced cell fitness in the tumor environment. A. Volcano plot of differentially expressed genes in KPTN vs KPT in vitro organoids (n = 6 for each genotype). B. Overlap of the upregulated genes in KPTN in vitro cultures and KPTN xenograft tumors (as compared with their KPT analogs, respectively). Boxed blue area: representative genes in the 130 overlapping genes. Boxed red area: overrepresentation analysis of the 553 genes that are only upregulated in KPTN tumors, but not in the in vitro culture. C. Representative images of KPT and KPTN in vitro culture incubated with or without WNT3a supplement. Scale bar = 500 µm. D. Representative images of KPTN in vitro culture incubated with or without WNT3a supplement or LGK974. Scale bar = 500 µm. E. UMAP of all cells from wild type, KPT and KPTN in vitro cultures in the single cell RNA seq analysis. F. Percentage composition of each cell population as shown in E . G. Expression of indicated feature genes in each cell population as shown in E . H. Expression level of indicated gene modules in cell populations shown in E . The Bulk KPTN UP and Bulk KPTN DOWN genes were curated from the analysis shown in A . I. Expression level of indicated genes in cell populations shown in E .;;1;1;1;;;Plot+Diagram+Photo
920;10.1101_2025.01.14.632964.json;"Fig 3. Effect of prolonged maternal presence on grey matter concentration in the equine brain ( with mother > without mother ). Sagittal and axial brain slices showing grey matter concentration (GMC) differences between groups. Orange dashed lines represent the approximate positions of axials brain slices. Data obtained from SPM unpaired Student t-test analysis using a voxel-level threshold p < 0.05, t (21) = 1.7207, FDR-corrected. Abbreviations: amyg = amygdala; hippo = hippocampus; hypo = hypothalamus; mCC = medial cingulate cortex, thal = thalamus.";;;1;;;;Photo
922;10.1101_2025.06.24.661403.json;Fig. 6 Mean sigma estimates across participants in Experiment 1 (Grey). Mean model predictions (colored bars) for performance in the Combined Condition, based on the Cutaneous and Configuration conditions. Error bars = +/- SE. Asterisk (*) = Significant t-test.;;1;;;;;Plot
923;10.1101_2025.11.12.687956.json;Scheme 1 Combined N- and C-terminal conjugation strategy for constructing DNA-peptide-DNA conjugates. (i) Photoredox-mediated decarboxylative C-terminal modification installs an NB-alkyne linker on the peptide of interest to yield a peptide-linker (PL) intermediate. (ii) N-terminal attachment of a DNAlinker (DL) via omniligase ligation affords a DNA-linker-peptide-linker (DLPL) construct. (iii) In the last step, the C-terminal alkyne is coupled to an azide-functionalized dT₃₀ threading tail by CuAAC, producing the final DNA-linker-peptide-linker-DNA (DLPLD) conjugate. (iv) The dT₃₀ threading tail with a desthiobiotin purification handle enables affinity purification with streptavidin-coated magnetic beads, thereby enriching DLPLD conjugates from unreacted intermediates.;;;;1;;;Diagram
925;10.1101_2025.04.09.648026.json;"Figure 2. Mice lacking Snca Enh+37 are protected against motor deficits as measured by: (A) Pole descent performance; (B) Grip strength; and (C) Rotarod performance. (D) Mice lacking Snca Enh+37 are also protected against anxiety-like behaviours in the open field test. Error bars represent standard error (SE). Significance was determined using a two-way ANOVA and Tukey's Honestly Significant Difference (HSD) test with a 95% confidence interval. See Tables S3-S26 for ANOVA summary statistics. * = p < 0.05, ** = p < 0.01, *** = p < 0.001, **** = p < 0.0001, ns = not significant.";;1;;;;;Plot
927;10.1101_2025.02.13.638172.json;Figure 4. Population geometry of multi-agent evidence integration;;1;;1;;;Plot+Diagram
928;10.1101_2024.12.16.628816.json;Figure 3: Estimated marginal effects from the linear mixed effects models. ( A) Predicted values of VTA target activation as a function of hippocampus novelty activation, averaged over the random intercepts for subjects. The solid line represents the fixed effect estimate, and the shaded area indicates the 95% confidence interval. ( B) Predicted values of VTA target activation as a function of dlPFC target activation, averaged over the random intercepts for subjects. The solid line represents the fixed effect estimate, and the shaded area indicates the 95% confidence interval.;;1;;;;;Plot
932;10.1101_2024.10.31.621279.json;"Figure 3. Correlations between the feedback-locked pupil response time course and the informationtheoretic variables. Left column, results for the cue-target 2AFC task. Right column, results for the letter-color 2AFC task. (A) The KL divergence, surprise, and entropy parameters are shown as a function of task trial. Model parameter units are in bits. (B) The mean KL divergence, surprise, and entropy parameters are shown as a function of frequency condition. (C) Trial-by-trial correlations between the ideal learner model parameters (KL divergence, surprise, and entropy) at each time point in the feedback-locked pupil response. Shading represents the standard error of the mean. Gray boxes, time windows of interest; early time window, [0.75, 1.25]; late time window, [2.5, 3.0]. (D) Trial-by-trial correlations between the KL divergence parameter and the feedback-locked pupil response separately for the error and correct trials. (E) As C , for the surprise parameter. (F) As D , for the entropy parameter. (G-L) As A-F for the letter-color 2AFC task. All panels, the colored horizontal bars indicate time periods of significant correlation coefficients tested against zero for each model parameter or condition of interest (cluster-corrected, permutation test). The black horizontal bar indicates a difference between conditions (cluster-corrected, permutation test).";;1;;;;;Plot
933;10.1101_2025.08.29.672906.json;Fig. 3: Phylogeny and recombination analysis of S. suis PopPUNK lineage 37. (A) Maximum likelihood phylogeny inferred from a recombination-masked whole-genome alignment using Snippy and Gubbins. The tree was visualised in Phandango. The peach-coloured clade represents Irish isolates, while teal denotes previously described non-Irish lineage 37 isolates (Murray et al. 2023). Recombination statistics per branch (Table S3), including total number of SNPs and number of recombination blocks, are presented in a heatmap (blue = low, red = high). In the annotations on the right side, blue represents unique recombination events in individual isolates, while red blocks denote shared/ancestral events. Scale bar represents the number of nucleotide substitutions (SNPs) per site across the recombination-masked alignment. (B) Heatmap with dendrogram showing hierarchical clustering of all lineage 37 isolates based on pairwise average nucleotide identity.;;1;;1;;;Plot+Diagram
934;10.1101_2025.07.08.660448.json;Supplemental Figure S7. Flow Cytometry results for the positive control and synthetic background sequence. Jurkat and K562 cells were transfected with the STARR-seq vector containing the synthetic background DNA sequence, or the positive control sequence (seq1305), alongside a vector containing mCherry as a transfection control. Transfections were successful for both cell lines, and GFP expression was detected using flow cytometry. A) Gating strategy used in the flow cytometry experiment. B) The synthetic DNA sequence designed in silico had minimal expression in Jurkat cells. The positive control sequence drove GFP expression at higher levels than the synthetic background sequence in both C) K562 and D) Jurkat cells.;;1;;;;;Plot
937;10.1101_2025.07.28.667162.json;Figure 5. The improvement in factor recovery by ACMTF-R under different amounts of noise on X. One hundred randomly initialised eight-component ACMTF-R and ACMTF models were fitted for each combination of noise on X ( 𝜂𝑋 ) and tuning parameter ( 𝜋 ), after which the lowest-loss models were compared. The improvement in factor recovery is computed by subtracting ACMTF performance from ACMTF-R performance in all panels. Improvement per setting for (A) overall factor recovery, (B) factor recovery of the hidden component, (C) shared subject mode recovery of the hidden component, (D) feature mode recovery of 𝑿 (1) for the hidden component, (E) time mode recovery of 𝑿 (1) for the hidden component, (F) feature mode recovery of 𝑿 (3) for the hidden component, (G) time mode recovery of 𝑿 (3) for the hidden component. Improvement compared to ACMTF is shown in green, while deterioration is shown in purple. A version of this figure without subtraction of ACMTF performance is shown in Supplementary Figure 10 .;;1;;;;;Plot
938;10.1101_2025.08.26.672515.json;Fig 6. Morphological changes observed in RAW 264.7 at hour 5 after being stimulated at hour 0, 2 and 4. (A) Cells with PBS, (B) Cells incubated with two µg of LPS, (C) Cells stimulated with C.Cpl , (D) Cells stimulated with MVspl, (E) Cells incubated with C.CplE, (F) Cells incubated with MVsplE, (G) Cells with C.CplS, (H) Cells with MVsplS. All groups treated with C.C. or MVs were stimulated with 10µg, respectively.;;;1;;;;Photo
939;10.1101_2025.08.01.668053.json;"Fig.11: Bacterial growth curve in SimUrine.v6 medium of E . coli (ATCC 25922) (A) and E. faecalis (ATCC 29212) in single-well configuration . Optical density at 600 nm (OD600) is shown on the y-axis; time (hours) on the x-axis. Lines represent mean values and shading standard error of the mean . The magenta line in panel A represents individual E . coli cultures whereas the light green line in panel B represents individual E . faecalis cultures. The plum-colored line in panel A represents E . coli co-cultured with E.faecalis whereas the dark green line in panel B represents E . faecalis co-cultured with E. coli .";;1;;;;;Plot
941;10.1101_2025.01.14.633045.json;Figure 6. Exopolysaccharide (EPS) quantification in WT and  pili mutants. The amounts of EPS are expressed based on total culture growth (OD 500 ). Data represent results from 4 independent experiments, each with three biological replicates. EPS values are given as means ± SD. No significant differences were found by ANOVA and Tukey's post hoc test for comparisons between strains.;;1;;;;;Plot
944;10.1101_2025.03.23.644588.json;Figure 2: Overview of post-processing. Our data acquisition protocol achieves whole-brain coverage at 0.35 mm isotropic resolution, delivering mesoscopic T2 * -weighted images in under seven minutes. Current data processing and visualization workflows make it difficult to navigate the vascular network and identify vessel types. Our data processing and visualization workflow makes it easier to navigate the vascular network for distinguishing between different vessel types down to intracortical mesoscopic details. We used ITKSNAP v4.2.2 for the manual refinements on segmentations and cutouts. We used LayNii v2.7.0 using the LN2 LAYERS program for the 'layerification' step. We used 'real-time volume rendering' in our leptomeningeal and pial voxel value renders, and 'triangular mesh reconstruction' in our intracortical mesh renders as implemented in BrainVoyager v24.0.;;;1;1;;;Diagram+Photo
945;10.1101_2024.11.01.621525.json;Figure S1. Latency for category ( A ) and orientation ( B ) information in three cortical regions during peripheral object recognition task. Time courses of decoding accuracy were smoothed with a Gaussian kernel with a half-width of 150 ms, and latency was estimated as the time from stimulus onset to 75% of peak decoding performance. When calculating the group mean of latency, data exceeding 2 SD were excluded. The latency of cross-location decoding for category information was significantly longer in early visual cortex than in occipito-temporal cortex (t(11)=2.86, p=0.03), and the effect was marginally significant for orientation information (t(12)=2.52, p=0.06), indicating the decoding performances were driven by feedback signals. In same-location decoding, the latency of category information was similar between early visual cortex and occipito-temporal cortex, and the latency of orientation information is much shorter in early visual cortex (t(13)=4.01, p=0.001). * indicates paired t-test with significance of p< 0.05. ** indicates paired t-test with significance of p< 0.01. † indicates marginal significance (Holm-Bonferroni corrected).;;1;;1;;;Plot+Diagram
948;10.1101_2025.04.01.646591.json;Figure S6. Representative molecules for transverse flow imaging of DNA replication (Constrained).;;;1;;;;Photo
949;10.1101_2025.03.12.642939.json;Fig. 1. Raincloud plot of the acceptability ratings, showing by-participant variability (Panel A) and by-item variability (Panel B).;;1;;;;;Plot
950;10.1101_2025.05.13.653719.json;Figure 4 . Comparison of five NIP-like proteins in Arabidopsis. (A) Alignment of polypeptide sequences. Positively and negatively charged amino acids are colored in green and blue, respectively. Yellow letters indicate amino acids with hydrophobic side chains, glycine, and proline. Asterisks indicate conserved residues. Boxes with broken and solid lines indicate transmembrane domains and RING domains, respectively, which were reported previously in NIPs (Azevedo et al. 2008). Polypeptide sequences were aligned using CLUSTAL W multiple alignment algorithm mounted in MEGA11. (B) Alignment scores of five NIP-related proteins in Arabidopsis.;;1;;;;;Plot
952;10.1101_2025.01.27.635038.json;Fig. 7: Mutational spectra of the top 5 genes ranked by MUSICiAn based on the genome-wide MUSIC screen. Colored dots denote the frequency obtained under knockout of the indicated gene The vertical axis shows mutation types. The horizontal axis shows frequency. The grey lines represent 300 randomly sampled genes. The black lines show the geometric mean of the pseudo-controls. The colored dots show the top genes. Some dots are not shown for T1, as the sgRNAs were filtered out during quality analysis.;;1;;;;;Plot
955;10.1101_2025.06.27.661925.json;Figure 1 : Representation of the interaction between the A2M and proteases. Each subunit contains a protease bait region and a buried receptor binding domain. Proteases recognise the bait region and interacts with it, which changes the protein's conformation resulting in trapping the proteases.;;;;1;;;Diagram
956;10.1101_2025.09.25.678545.json;Figure 5: ( a ) Pearson ρ , ( b ) Kendall τ , ( c ) Spearman r S , and ( d ) deviations between calculated and experimental binding free energies ∆ G calc -∆ G exp from FEP using Espaloma0.3.1 (green), GAFF-2.11 (orange), and OpenFF-2.0.0 (blue). Results are shown for seven different data sets (labels at abscissa). Error bars represent the 68 % confident interval obtained from bootstrapping among the ligands from each set. For the ∆ G calc -∆ G exp , dark and light gray horizontal regions indicate 1 or 2 kcal mol -1 deviations, respectively. Box plots present the median (50 th percentile) as a line within the box, and the lower and upper box edges correspond to the first (25 th percentile) and third (75 th percentile) quartiles. Whiskers extend to the smallest and largest data points within 1.5 × interquartile range (IQR = Q3 -Q1), while outliers beyond this range are shown as circles.;;1;;;;;Plot
957;10.1101_2025.04.01.646591.json;Figure 5. Topological strain results in polymerase accumulation.;;1;1;1;;;Plot+Diagram+Photo
958;10.1101_2025.01.14.632964.json;"Fig 5. Effect of a maternal prolonged maternal presence on functional organisation of the equine brain ( with mother > without mother ). Sagittal and axial brain slices showing modifications of the amplitude of low frequency fluctuations (ALFF) in posterior (a) and anterior (b) between groups. Orange dashed lines represent the approximate positions of axials brain slices. The default mode network (DMN) is identified in the domestic horse by calculating the mean Pearson correlation coefficient between time-series of spontaneous variations of BOLD (Blood Oxygen Level Dependent) signal, extracted from anatomically defined regions of interest (ROIs) which are functionally homologous to regions involved in DMN in numerous species (aG, aCC/pFC and RSC) and in which spontaneous variations of the BOLD signal is highly correlated at rest between them. For ( a ) and ( b ) figures, orange dashed lines represent the approximate positions of axials brain slices. Data obtained from SPM unpaired Student t-test analysis using a voxel-level threshold p < 0.05, t (21) = 1.7207, FDR-corrected. For ( c ) data were obtained from SPM multiple regression analysis using a voxel-level threshold p < 0.001, t (21) = 3.5272, FDR-corrected. Abbreviations: aG = angular gyrus; aCC = anterior cingulate cortex; Cu/PrCu = cuneus/precuneus; PAG = periaqueductal grey; vHipp = ventral hippocampus; pFC = prefrontal cortex; RSC = retrosplenial cortex.";;;1;;;;Photo
959;10.1101_2023.07.25.550495.json;Fig. 7 Visualizing M1 spike ensembles using t-SNE.;;1;;;;;Plot
960;10.1101_2025.01.17.633399.json;Figure 1: baal-nf workflow. (A) Workflow for identifying high-quality ASBs through baal-nf . ChIP-sequencing data from genotyped cell lines is used to infer ASBs at heterozygous SNPs using BaalChIP, a beta-binomial model that takes into account biological bias due to copy number aberrations (through the reference allele frequency (RAF)) and technical aspects such as reference-mapping (RM) bias. Identified ASBs are further characterized by mapping them to JASPAR and NoPeak motifs for a given TF. High-quality ASBs show concordance in the corrected allelic ratio (CAR) and motif score difference (MSD) as shown by the blue points in the bottom-right scatter plot. Data points are coloured blue when a heterozygous SNP is (1) an ASB, and either (2a) CAR > 0.5 and MSD > 0 (i.e., REF allele strengthens binding), or (2b) CAR < 0.5 and;;;;1;;;Diagram
961;10.1101_2024.11.06.622209.json;Fig.3: Females' movement and decision making. A) The continuous location over time in the arena (top-view) of 4 individual moths during one trial of the drought sounds vs. silent treatment. Time is represented by color in minutes, with a red triangle indicating the playback side and red X's marking the locations where eggs were laid. Note that we cannot be sure which of the individuals laid the eggs. B) The proportion of time moths spent in the playback side (in bins of 30 minutes) increased over time.;;;1;1;;;Diagram+Photo
963;10.1101_2024.09.03.610982.json;Figure 1 Cholinergic modulation of RAPNs' mEPSCs in adult male zebra finches;;1;;1;;;Plot+Diagram
966;10.1101_2025.07.29.667383.json;Figure 4. Assembly of the PROTAC library using CuAAC and identification of degraders from D2B screening: (A) General workflow of the developed, miniaturized PROTAC synthesis in 384 plates utilizing CuAAC described in this work: Library development including POI/E3-ligands derivatized with alkynes or azides, respectively. Automated and semiautomated dispensing for reaction set up. Product formation monitoring via HPLC-MS and hit identification using direct cell-based screening and automated data analysis. (B) Fluctuation of the overall conversion rate of the BRD4-targeting ligands with varying reactant concentrations (constant reaction volume = 10 µL). (C) Effects of reaction volumes on conversion rates (constant concentration= 20 mM). (D) Conversion rates of the CuAAC chemistry for BRD4 PROTACs, indicated by a color-coded heat-map based on HPLC UV data. (E) Cell viability data after 24 h with components used in an exemplary click reaction (CellTiter-Glo). (F) HiBiT lytic assay-based screening results for BRD4 at 1 µM after 6 h PROTAC exposure. (G) Dose response curves for the purified PROTACs P1-8 using the HiBiT detection system. MZ1 was used as a positive control (26035625). (H) HiBiT lytic assay data for purified BRD4 PROTACs P1-8 compared to the corresponding crude reaction mixtures after 6 h treatment, using a theoretical 200 nM PROTAC concentration assuming 100% conversion rates. (I) Spiking experiment for PROTAC P1 with alkyne A3 (blue), azide X15 (orange) and a mixture (1:1) of A3 and X15 (yellow) at 200 nM PROTAC concentration after 6 h exposure.;;1;;1;;;Plot+Diagram
967;10.1101_2025.03.03.641144.json;"Figure 5. Inhibition of ythdf genes resulted in a decrease in parenchymal cells. (A) UpSet plot showing the number of differentially expressed genes across different ythdf RNAi conditions (|log 2 (fold change)| > 0.5; Adjusted p-value < 1x10 -5 ). Each bar represents a unique combination of genes shared among the specified conditions. Bars indicate the number of genes present in the intersections of selected conditions. (B) Heatmap of the top 30 downregulated genes following co-inhibition of ythdf s, compared to individual ythdf inhibition and control (FDR < 1 × 10 ⁻⁵ ). Displayed are z-scores ranging from -2 to 2. Rows represent genes, and columns represent samples. Blue and red indicate low to high gene expression, respectively. The rightmost column denotes whether the gene is highly expressed in the parenchymal lineage 39 . (C) FISH analysis following inhibition of ythdf genes reveals changes in different parenchymal cell types, as described in the planarian cell type atlas 39 . Representative FISH images are shown for animals subjected to ythdf co-suppression and controls. Cell counts were normalized to animal size (Methods), and compared to control animals (one-way ANOVA,*p-value < 0.05, **p-value < 0.01, ***p-value < 0.001). Scale bar = 100 μm. (D) FISH analysis detecting cathepsin ⁺ cells expressing the marker dd_626 39 following";;1;1;;;;Plot+Photo
968;10.1101_2025.11.04.686644.json;Figure 3. Comparison of RNet predicted reactivity profile against averaged and against individual reactivity profiles for Ribonanza training sequences highly similar to the query region (SARS-CoV-2, 13459-13546). Left: Predicted SHAPE reactivity plotted against the averaged target SHAPE reactivity. Middle: Predicted reactivity plotted against multiple individual target reactivities, illustrating high variability among targets. Right: Reactivities predicted by RNet (gray) and reactivities derived from Ribonanza data by averaging over all targets (orange). Also shown are the Pearson correlation coefficient (r) and its associated p -value (p) and the query sequence.;;1;;;;;Plot
971;10.1101_2025.03.22.644466.json;Figure 3. Dependence of the light-evoked rod OS dynamics on the stimulus strength. (A) Representative traces of the OS dynamics in response to flashes ranging from 2.3% to 62.6% bleach levels, with the enlarged view on the right showing an elbow point at t = 7.5 ms after the flash onset. (B) The rapid OS contraction amplitude at varying bleach levels. Black dots represent individual measurements. The red circles and error bars denote the mean values and corresponding standard deviation (SD) ranges at each bleach level, respectively. The red curve represents the prediction from the voltage-dependent membrane tension model.;;1;;;;;Plot
972;10.1101_2025.04.22.650000.json;Figure 6. Wave train-induced pacemaker activity is a multicellular collective phenomenon. (A) Illuminated area (under constant light intensity) influences collective behaviour of excitable systems, transitioning between a stationary state for small illuminated areas and an oscillatory state for large illuminated areas. (B) traces) are depolarised (both in silico and in vitro;;;;1;;;Diagram
974;10.1101_2025.05.08.652968.json;Figure 6: Model for reversible Cl /H + exchange by CLC transporters. ( a ) The 2:1 stoichiometric transport mechanism involves conformational states identified in structural studies (labeled 'up', 'out', 'down', and 'middle', shown in solid boxes) along with transient states observed in simulations (illustrated within dashed boxes). For clarity, water wires are shown only at key H + -transport steps. The cycle, which can proceed in either direction, facilitates the transmembrane exchange of two Cl ions for one proton (H + ). A detailed description of the model can be found in the main text. ( b ) In K131 mutant transporters that have weakened binding at S ext and Scen , off-cycle transitions allow Cl -transport independent of H + transport. The mild uncoupling observed experimentally (3:1 Cl -/H + ) can be accounted for by one off-cycle event occurring during each regular transport cycle.;;;;1;;;Diagram
975;10.1101_2025.03.11.642640.json;Figure 5: Subcellular localization of SPI-1 in Salmonella cells.;;;1;1;;;Diagram+Photo
976;10.1101_2025.07.30.667774.json;"Figure 1 pDefense D14 promoter activation triggered by AvrPstB48 in Avocet Yr5 and Avocet S protoplasts . Luciferase-based reporter assays were performed using wheat protoplasts from cultivars Avocet Yr5 and Avocet S to assess defence signalling. The x-axis shows the plasmid combinations tested, including candidate effectors Pst104E137_008104 (#47), Pst104E137_010232 ( AvrPstB48 ), and Pst104E137_024713 (#49), along with the positive control pair AvrSr50/Sr50 . The yaxis represents normalised luminescence values, measured as the ratio of luciferase activity driven by the D14 promoter to the internal control UBI-pRed. AvrPstB48 triggered a significant increase in reporter activity, indicating activation of defence responses. Statistical differences were analysed using one-way ANOVA followed by Tukey's Honestly Significant Difference (HSD) test; treatments sharing a common letter are not significantly different (p > 0.05).";;1;;;;;Plot
979;10.1101_2025.08.22.671872.json;Figure 2: Chromatin state dynamics during the P. falciparum IDC. A) Chromatin state transitions across all 200bp genomic bins. Stacked bar graphs show the relative proportions of the 11 chromatin states during ring (R), trophozoite (T), and schizont (S) stages. The width of connecting gray lines between;;1;;1;;;Plot+Diagram
980;10.1101_2024.06.16.599248.json;Figure A1 Mean RT by angular disparity on Perspective Taking Task for Adults trials;;1;;;;;Plot
981;10.1101_2024.09.27.615364.json;Fig 5. Joint- and leg-specific contributions to the encoding of swing and stance. Box plots group swing scores of all MP IN according to their to velocity (blue and green) or position (purple and orange) inputs. The six panels group information from one leg, with 3 × 4 box plots grouping the information from individual joints. In each box plot the black line represents the median value, the box encompasses the inter-quartile range, and the whiskers comprise the central 90 % of the data. For statistics associated with this figure, see Table 2.;;1;;;;;Plot
982;10.1101_2025.11.25.690575.json;Figure 2 Analyses of compound mutants containing a single receptor mutation Each colored box represents the polarity of individual seam cell divisions, as described in Figure 1C. On the left side of each column and below each row, the active Wnts and receptors of the compound mutants, respectively, are shown. §Data from (Yamamoto et al. 2011). †Homozygotes derived from heterozygous mothers. # Includes one symmetric division that produced two seam daughters. The sum of percentages may not equal 100 because values were rounded to the nearest whole number, and divisions along the dorsoventral axis (indicated by asterisks) were excluded from percentage calculations.;;1;;;;;Plot
984;10.1101_2024.12.11.627930.json;Figure S9. Genomic results for Cross 4. Top three plots: Mean traits (FRE, MRE, rMA) across the genome. Thick red, blue and black lines indicate mean trait values for homozygotes inherited from either Control (blue) or X-only populations (red) or heterozygotes (black). The horizontal, dashed line indicates mean trait values for all individuals. Vertical dashed lines indicate the location of QTL, shaded areas indicate the Bayesian credible intervals for QTL. Plot 4: p -value of χ²-test for segregation distortion. The red line indicates the significance threshold ( p < 0.05 ) after Bonferroni correction. Bottom plot: recombination maps inferred from RADseq data. Shaded red and blue bars in the background indicate genomic windows enriched for the two most common centromeric repeats.;;1;;;;;Plot
986;10.1101_2025.11.06.687045.json;Figure 1: Comparison between field-based LAMP workflow presented in this study and the workflow required when using traditional diagnostics. Dashed connectors indicate additional processes that must be completed for traditional diagnostics. en al;;;;1;;;Diagram
987;10.1101_2025.03.03.641144.json;Figure S3. phylogenetic analysis of planarian YTHDF proteins. (A) Multiple sequence;;;;1;;;Diagram
989;10.1101_2022.05.01.490196.json;Figure 7. Schematic of optimized energy landscape for binding co-substrates A and B. Original energy levels are denoted with dashed lines for apo- ( 𝐶 ), partially bound ( 𝐶′ ), and fully bound ( 𝐶′′ ) transporter. Direction of perturbations to energy levels by amounts Δ𝐺 2 and Δ𝐺′′ are shown with arrows. Relative positioning of unperturbed 𝐶 , 𝐶′ , and 𝐶′′ , and transition states ‡ ′ and ‡ ′′ are arbitrarily chosen, as are the magnitudes of Δ𝐺 2 and Δ𝐺′′ . 10°;;;;1;;;Diagram
991;10.1101_2023.12.15.571916.json;Figure 2. Group-level autocorrelation clusters. Hippocampal voxels were clustered based on the similarity (Euclidean distance) of single voxel autocorrelation vectors, resulting in one cluster in the anterior-medial hippocampus (yellow) associated with high autocorrelation values, one in the posteriorlateral hippocampus (red) associated with low autocorrelation values, and one cluster in the intermediate hippocampus (orange) in between the anterior-medial and posterior-lateral clusters.;;;1;;;;Photo
993;10.1101_2025.04.23.650164.json;Fig. S11 Packing of the closed spike upon heparin and K5 engagement. (A-C-E) The distance between two centroids versus time (μs) and (B-D-F) the probability density versus the distance between centroids (Å) for the simulated systems of closed spike with (A-B) heparin bound for trajectories from Paiardi et al. 2 and for MD trajectories simulated in the current study for the two closed spike glycoprotein systems upon (C-D) K5OSH and (E-F) K5NOSH engagement. Centroids for the individual subunits - S A , S B , S C - were calculated for residues of RBD Loop4 (residues 495-516). (A-C-E) The distance between two centroids computed along the simulation and (B-D-F) the probability density computed on the converged MD trajectories (from 0.2 to 1 μs) are shown in black, dark grey and light grey for the distances: S A RBD Loop4 - S B RBD Loop4 (d1), S B RBD Loop4 - S C RBD Loop4 (d2) and S C RBD Loop4 - S A RBD Loop4 (d3), respectively. (B-D-F) The dashed lines showing the mean values for the single distribution are colored according to the respective distance (black, dark grey and light grey).;;1;;;;;Plot
995;10.1101_2025.09.12.675800.json;"Figure 3. HO coding sequence variants in the 3,034 Genome's Panel (3,034GP (28)). (A) Types of variants found in the HO genotypes of the 2,915 strains without artificial HO deletion from the 3,034GP. (B) Number of genotypes in which the variant is found. (C) Position of the variants in the 1761 bp HO coding sequence. At the top, black rectangles indicate the position of the two LAGLIDADG motifs involved in the endonuclease activity; whereas black stars indicate the position of the three pairs of zinc-finger motifs, all critical for DNA binding except Zf3b (27).";;1;;;;;Plot
996;10.1101_2023.12.01.569683.json;"Fig. 3 N-terminal acetylation at the initiator methionine promotes PA-X host shutoff activity. HEK293T cells were transfected for 24 hours with empty vector, WT PR8 PA-X-eGFP, the catalytically inactive PA-X D108A-eGFP mutant, or the indicated NatC-modified PR& PA-X-eGFP mutants carrying changes in the second amino acid. A) mRNA levels of a co-transfected luciferase reporter were measured by RT-qPCR and normalized to 18S rRNA. Levels are plotted as change relative to vector transfected cells. B) Confocal microscopy was used to image eGFP, PA-X-eGFP (PA-X), PA-X E2M-eGFP (EM), and PA-X E2L-eGFP (EL). Nuclei were stained with Hoechst. Representative images are shown. C) Manders' overlap coefficients for colocalization of nuclei and eGFP signal were determined on images using JACoP in ImageJ, where each point represents 10-15 eGFP-positive cells. Manders' overlap coefficient values represent the following localization: ~ 1: all protein is nuclear; ~0.5: protein is diffuse throughout the cell.";;1;1;;;;Plot+Photo
998;10.1101_2025.06.03.657184.json;Figure 2 . Automated genotype identification and screening of clinical-important mutations on F protein. A : workflow of genotype identification. Whole-genome-based genotypes are inferred using two approaches independently. Results from both approaches will be aggregated for a final call of genotype. B , C : Genotypes and genetic lineages of RSV A and RSV B defined using latest dataset. Phylogenetic trees are based on whole genome sequences. Trees and meta data are downloaded from Nextstrain (https://nextstrain.org/). D, E : Clinically relevant mutations in F protein for RSV A and RSV B, visualized on the structure of F protein in the post-fusion conformation (PDB ID: 3RRR).;;;;1;;;Diagram
1000;10.1101_2025.08.13.670155.json;Figure 3: Knockout of KEAP1 causes NRF2 pathway activation in PTC and FTC cells. (A) Representative immunofluorescence images of NRF2 (green), F-actin (red), and nuclei (DAPI, blue) in TPC1 control and KEAP1 knockout clones (KO1 and KO2), showing increased NRF2 nuclear localization upon KEAP1 knockout (scale bar = 20µm). (B) Quantitation of NRF2 nuclear intensity in TPC1 control (n = 84), TPC1 KO1 (n = 79), and TPC1 KO2 (n = 44) cells. (C, D) RT-qPCR expression of NRF2 target genes: AKR1C3 , GCLC , NQO1 , and TXNRD1 in (C) TPC1 KEAP1 knockout clones in the presence and absence of 5µM ML385 and (D) SDAR2 KEAP1 knockout clones in the presence and absence of 5µM ML385, showing NRF2 dependent upregulation of target genes in knockout cell lines (black/gray bars) relative to control cell lines (white bars). All experiments were repeated in triplicate. * p < 0.05, ** p < 0.01, *** p < 0.001, **** p < 0.0001 versus the control cell line in the absence of ML385. # p < 0.001 versus the respective knockout cell line in the absence of ML385. Statistics were performed using a two-way ANOVA test.;;1;1;;;;Plot+Photo
1;10.1101_2025.08.28.672672.json;Figure 4. RSSC diversity and distribution by location ( Case Study: Africa ). A);;1;;;;;Plot
4;10.1101_2024.12.28.630610.json;Figure 8: Growth of cancer cells for the Cooperation sensitive fitness matrix under no treatment versus migrastatic treatment: (A) Migrastatics effectively reduce overall tumor burden over 100 generations. (B) This is primarily due to a lower metastasis incidence, with metastases forming later. (C) Migrastatic treatment results in smaller metastasis sizes. All results are averaged over 50 simulations.;;1;;;;;Plot
5;10.1101_2025.04.21.649774.json;Figure 2. Redox proteins found in the secretome of NW-MSCs and OB-MSCs during adipogenesis.;;1;;;;;Plot
6;10.1101_2025.10.21.683696.json;Figure S3: Raw reads and predicted length of all unique cbVGs. (A) Number of reads per unique cbVGs junction for each high-MOI passaged P3 stock. Each dot represents a unique cbVG junction. The black horizontal lines indicate the median number of cbVG reads for each stock. (B) cbVGs and their predicted length for each high-MOI passaged P3 stock. Each dot represents a unique cbVG. The black horizontal lines indicate the median cbVG length for each stock. The dashed line indicates the length of the standard genome.;;1;;;;;Plot
7;10.1101_2025.07.07.663491.json;Fig. 1. ( A) Map of sampling locations . Geographical distribution of ancient and modern S. scrofa samples, with dates, used in this study. (B) Mitochondrial analysis . Geographic distribution of major mtDNA haplogroups based on data from ~705 control regions and ~323 whole mitochondrial genome data (see Figure S1 for full mitogenome tree). (C) Geometric morphometrics . Neighbour-joining network displaying morphometric similarities in the third lower molar shape between S. scrofa and ISEA-endemic Sus species. Tooth outlines represent population mean shapes. (D) Principal component analysis (PCA) . PCA plot illustrating the genetic variation of Eurasian S. scrofa and related species.;;;;1;;;Diagram
8;10.1101_2025.02.27.640548.json;Figure 2: Workflow of our study;;;;1;;;Diagram
10;10.1101_2025.10.27.684615.json;Fig . 7. Confocal images of F-actin densification in growing trabecular tips  in active growth zones of diamond-type stereom in adambulacral plates of an adult starfish. (A, B) Trifurcating zones. (C, D) Bifurcating zones. Arrows highlight a variety of F-actin structures possibly at different stages of development. Yellow - freshly biomineralized skeleton, magenta - F-actin, white plain arrows - F-actin caps, dotted white arrows - F-actin catenoid bridges, white plain short arrow - fully developed trabecular calcite bridge without F-actin coating, dotted white double arrows - complex F-actin catenoid bridges, green arrow - thin F-actin filament. [2 columns figure];;;1;;;;Photo
11;10.1101_2025.07.07.663569.json;Figure 5. Hypothetical CDA amplitude patterns predicted by competing hypotheses. (A) If remembering meaningful objects truly expands visual WM capacity, the CDA amplitude should exhibit a significant set size × stimulus type interaction effect, with CDA amplitude increasing across a larger range of set sizes (set size 5). (B) By contrast, a stimulus-related confound hypothesis predicts only additive amplitude differences between stimulus types across all set sizes, without interaction.;;1;;;;;Plot
12;10.1101_2025.03.22.644466.json;"Figure 1. Multilayered outer retinal dynamics in response to a strong bleaching stimulus (5 ms,  wavelength  505  nm,  34.0%  bleach)  recorded  using  phase-resolved  OCT.  (A)  A representative structural image of a wild-type rat retina captured by the ultrahigh-resolution OCT. Scale bar: 100 μm. ELM: external limiting membrane; IS/OS: inner segment/outer segment  junction;  OS:  outer  segment;  RPE:  retinal  pigment  epithelium;  BrM:  Bruch's membrane. Inset illustrates the isolation of OS tips and the RPE-BrM complex based on two decision boundaries (red and blue lines). (B) The distribution density of phase traces extracted from the composite layer that consists of OS tips, RPE and BrM, by taking IS/OS as  the  reference.  The  stimulus  was  delivered  at  t  =  0  s.  (C)  Multilayered  outer  retinal dynamics in response to the visual stimulus. IS dynamics: ∆OPL between ELM and IS/OS; OS dynamics: ∆OPL between IS/OS and OS tips; SRS dynamics: ∆OPL between ELM and the RPE-BrM complex. (D) Top: An enlarged view of the initial rapid contractile response. Bottom: Time derivatives of the rapid responses. The green block represents the 5-ms visual stimulus.";;1;1;;;;Plot+Photo
13;10.1101_2025.07.18.665602.json;Figure 3 Comparing ancestry estimates SNV panels and whole genome data. (A). S. bovis introgressed alleles are present in many S. haematobium individuals.  We compared the percent minor parent ancestry ( q ) from SNV panels to estimates made from whole genome data. The two are positively correlated once 50 SNVs are sampled though the strength of the correlation continues to increase. The scatter plots only show S. haematobium individuals. These results show that the panels of SNVs can accurately replicate a set of whole genome SNVs with a few hundred to thousand markers. The source data shown in this figure is available in the supplemental materials.;;1;;;;;Plot
14;10.1101_2025.04.10.648203.json;"Fig. 2. Intact visual circuit and ultrastructural visual adaptations in the Greenland shark. a. Immunofluorescent staining of retinal cross-sections from the Greenland shark labelling active (H3K27Ac) and repressed (H4K20me3) chromatin, counter-stained with Hoechst. b. Higher magnification image of H4K20me3 and H3K27Ac localization in photoreceptor nuclei. C. Distribution of H4K20me3 and H3K27Ac immunofluorescent signal intensity in the nucleus. d. RNAscope of key retinal cell markers in retinal cross-sections. Note that the expression of Elovl2, a key gene in synthesis of VLC-PUFAs, is confined to the retinal pigment epithelium cells, in contrast to zebrafish expression in Muller glia 50 and human expression in cones 46 . e. PUFA composition of bovine and Greenland shark retinas ( n =2). f. Spectral sensitivity of the Greenland shark rhodopsin. Inset depicts the difference (between bleached and unbleached) spectra. Scale bars: 25 µm (a, d) , 5 µm ( b ). Abbreviations : PRL, photoreceptor layer; RPE, retinal pigment epithelium; ONL, outer nuclear layer; INL, inner nuclear layer; GCL, ganglion cell layer.";;1;1;1;;;Plot+Diagram+Photo
15;10.1101_2025.10.27.684901.json;Figure 9: AMI Score Comparison Before and After DNACSE Fine-tuning;;1;;;;;Plot
17;10.1101_2025.05.13.653719.json;Figure 1 . Characterization of NIP1 and NIP2 genes and their mutants in Arabidopsis. (A) Schematic diagram of NIP1 and NIP2 genes. Open boxes and black lines indicate exons and UTRs or introns, respectively. Gray boxes with triangles show the T-DNA insertion sites in nip1 (SALK_057350) and nip2 (SALK_137112) mutants. Broken gray lines indicate target regions of RT-qPCR analysis. (B) RT-qPCR analysis of NIP1 and NIP2 in wild-type and nip1 nip2 seedlings. Seedlings were incubated in darkness for 96 h and then illuminated under continuous light for indicated time length. Transcript levels were normalized to the averaged level of ACTIN8 and ELONGATION FACTOR 1α and presented as the difference from the wild type at 96 h of dark growth. Data are mean ± SE from three biological replicates. (C) Genotyping PCR to confirm T-DNA insertions in NIP1 and NIP2 genes. Wild-type and nip1 nip2 seedlings were utilized for analysis. LR and BR indicate primer sets used in PCR to detect NIP gene without or with T-DNA insertion, respectively. (D) Phenotype of nip1 nip2 mutant seedlings grown for 4 d under continuous white light. Bar = 5 mm.;;1;1;1;;;Plot+Diagram+Photo
20;10.1101_2025.03.23.644588.json;Figure 6: Variation in leptomeningeal veins across hemispheres and individuals. The contrast of these images are '1/T2 * -weighted'. Arrows labeled 1 indicate large-diameter anastomotic veins in the lateral leptomeningeal regions, while arrows labeled 2 highlight smaller anastomotic veins.;;;1;;;;Photo
21;10.1101_2025.04.23.650164.json;"Fig. S6 Structural convergence of heparin and the K5 compounds bound to closed spike for the simulated complexes. Root mean squared deviation (RMSD (Å)) versus time (μs) of the heparin chains was retrieved from Paiardi et al. 2 . The four replica MD trajectories of the two simulated systems of closed spike glycoprotein upon K5OSH and K5NOSH engagement are from the current study. RMSD values of all the polyanionic chains were calculated for all the  C,  N  and  O  atoms  in  all  monosaccharides  and  are  shown  in  forest,  green,  and  teal  for heparin;  yellow,  orange,  and  dark  orange  for  K5OSH;  magenta,  purple,  and  crimson  for K5NOSH.";;1;;;;;Plot
22;10.1101_2025.07.23.666348.json;Figure 1. The Drosophila male reproductive system. A) schematic diagram showing paired testes, SVs (green), and AGs (purple), and a singular sphincter (red), ED (gray), and ejaculatory bulb.  B) actual male reproductive system.  Te-testes, SV-seminal vesicle, AG-accessory gland, Sph-sphincter, ED-ejaculatory duct, EB-ejaculatory bulb. Scale bar: 200  m.;;;1;1;;;Diagram+Photo
24;10.1101_2025.09.09.675153.json;Figure 1. Overview of mRNA LNP vaccine production pipeline and design types.;;;;1;;;Diagram
25;10.1101_2025.11.21.689680.json;"Fig. 6 LNCC heatmaps visualizing the spatial correspondence between the histological section and various PBI-microCT planes. (A) Histological section. (B) Manually selected plane. (C) Plane extracted using conic reference structures. (D) Fully registered plane (rigid + affine + elastic). Green regions indicate strong local correlation; darker regions suggest misalignment. (E) Final overlay of fully registered microCT plane and histology depicted in a checkerboard pattern. The contrast of the histological section was enhanced for better visualization.";;;1;;;;Photo
28;10.1101_2025.05.07.652702.json;Figure 2. Spatial maps of the 12 functional marmoset tICA components .  Components are represented on sagittal, coronal, and transversal slices of a high-resolution template of the marmoset brain (38). Brain coordinates of the presented perspective are reported in the left bottom corner of each panel. Components include higher-order visual  (HOV),  subcortical-visual  (SUV),  somatomotor  (SOM),  default  mode  (DMN),  occipitoparietal  (OP), primary visual (PVIS), basal ganglia (BG), motor-cerebellar (MCE), and auditory (AUD) networks. Components were  selected  based  on  spatiotemporal  features  and  visual  inspection.  Color  indicates  voxel-wise  z-scores, thresholded at p < 0.5 (posterior probability that a voxel belongs to the active distribution rather than noise).;;;;1;;;Diagram
29;10.64898_2026.01.10.698837.json;"Fig. 3 Measured mobilities of temporal bones prepared in baseline (PORP implanted with good coupling to the TM and stapes), PORP disconnected at the stapes, PORP disconnected at the TM, shown in (a) and (b) ; simulated effusion achieved by filling the ear with water, shown in (c) and (d) ; and simulated soft-tissue fixation achieved with alginate gel, shown in (e) and (f) . Significant differences as determined by a Mann-Whitney test are denoted by **** ( p < 0.0001), *** ( p < 0.001), ** ( p < 0.01), and * ( p < 0.05). The insets (a) , (c) , and (e) show the results at the location of the umbo, while the insets (b) , (d) , and (f) show the results at the location of the cartilage graft";;1;;;;;Plot
30;10.1101_2025.05.06.652445.json;"Figure 7. Tissue block-MRI-histology overlap of the masks to assess colocalization. Left graphs show the  impact  of  the  fixative  (NBF=Neutral-buffered  formalin;  SSS=Saturated  salt  solution;  AFS=Alcoholformaldehyde solution) on the percentage of the Good quality tissue overlap (top) and the Median percentage of  Folded  (blue)  and  Torn  (purple)  tissue  (bottom).  Right  graphs  show  the  impact  of  the  staining  type (IHC=Immunohistochemistry; AR=Antigen retrieval; HC= Histochemistry) on the percentage of the Good quality tissue overlap (top) and the Median percentage of Folded (blue) and Torn (purple) tissue (bottom). *p<0.05; **p<0.01; ***p<0.001.";;1;;;;;Plot
31;10.1101_2025.03.09.641748.json;Figure 3: BRI-50054 Treatment Increases Free ω -3 PUFA Brain Levels. ( A ) C57BL/6J mice (n=3) treated with vehicle, 1.0 or 3.0 mg/kg/day IP BRI-50054 for 3 days. Brain levels of DHA ( B ), DPA ( C ) and EPA ( D ) were measured using a validated LC-MS/MS lipidomic assay. * p<0.05, ** p< 0.01, *** p < 0.001 3) ) <;;1;;;;;Plot
33;10.1101_2025.08.12.669914.json;Fig 5 Vessel density decreases and amyloid plaques increases with age. (a) Representative three-photon fluorescence volume rendering of the vasculature (magenta) in Mouse 1 at 8.9 and 9.9 months and slices at 220 and 420 µ m. (b) Total vessel density (magenta) versus age for sessions at 6.5, 7.5, 8.9, and 9.9 months, with a linear best-fit line indicating a decrease over time ( R 2 = 0.55). (c) The total vessel density measured at each time point is plotted (cyan) with a linear best-fit line highlighting the upward trend ( R 2 = 0.56). Scale bars are 200 µ m.;;1;;;;;Plot
34;10.1101_2025.03.09.641718.json;"Fig. 1. Proposed synonymous codon changes in the 51-codon defined compression scheme for the C. reinhardtii plastome. For each amino acid with two tRNAs with different anticodons (leucine, isoleucine, serine, arginine and glycine), the target codons from the less frequently used codon box (grey) are replaced by the most frequent codon(s) from the other codon box (orange). In addition, four amber stop codons (TAG) are replaced by the ochre codons (TAA); the third stop codon ( opal , TGA) is not present in the C. reinhardtii plastome. Numbers indicate the occurrence and frequency of all codons from each codon box.";;;;1;;;Diagram
36;10.1101_2025.06.16.659879.json;"Figure  2.  Activity  on  chitin  and  stability  during  turnover. ( A )  Production  of  soluble  oxidized products over 48 hours in reactions without an external source of H 2 O 2 , containing 1 µM LPMO, 10 g L -1 chitin and 1 mM ascorbate. Error bars are SDs ( N = 3 technical replicates). Control reactions without ascorbate did not show significant product formation. ( B ) Dual monitoring of soluble oxidized products (curves with symbols) and real-time H 2 O 2 consumption (curves only) in reactions with 1 µM LPMO, 10 g L -1 chitin,  1  mM ascorbate, 100 mM KCl and 150 µM initial H 2 O 2 concentration. To address enzyme inactivation, a second addition of 150 µM H 2 O 2 was made to the reactions after 7 min; the steeper the depletion curve after this addition, the less inactivation has taken place. The dashed black line shows the depletion of H 2 O 2 in a control reaction without LPMO for the complete experiment (no";;1;;;;;Plot
37;10.1101_2025.08.01.667725.json;Figure 5. SWIFT is an evolutionarily SWI/SNF-specific platform for diverse transcription factor interactions. A. Heatmap displaying the CUT&RUN-determined occupancy of SMARCA4 and PU.1 in hMSCs expressing PU.1 in the presence or absence of SMARCD2 SWIFT domain expression. B. Scatterplot displaying the composite enrichment of transcription factors bound by 200 nM SMARCD2 SWIFT (versus mock control) incubated in nuclear extracts isolated from U2OS osteosarcoma, ES2 and OVISE ovarian carcinoma, and NCI-H1048 small cell lung cancer cell lines as detected by mass spectrometry (n= 2 replicates for each cell line). C. Heatmaps displaying the enrichment of TFs bound by SMARCD2 SWIFT from ES2 and U2OS cell nuclear extracts (mock shown as control) and their CRISPR gene dependency scores (DepMap). D. Scatter plots showing enrichment of  TFs,  colored  by  family,  in  SWIFT  domain  pulldown  (left)  and  SMARCA4  pulldown  (right)  in  the  setting  of  HA-SWIFT overexpression in U2OS cells. E. Venn diagram depicting overlap between TFs enriched (gained) in SMARCD2 SWIFT domain IP-MS  and  those  reduced  in  mSWI/SNF  (SMARCA4)  binding.  Selected  TFs  are  labeled. F. Proliferation  of  U2OS  cells overexpressing SWIFT domains, monitored by eSight. P-value p<0.0001 of difference in the slope of exponential growth for each line (n= 3 replicates) is indicated.;;1;;;;;Plot
39;10.1101_2025.03.07.642120.json;Figure 5: Gel shift assays with 7mutVRC01. Top:  Representative gel shift assay for 3 plasmid 48d and 48d.cl ICs with graphical summary of gel shift results testing binding between the 3 plasmid versions of the 8 IC constructs. Botton:  Representative gel shift assay for fusion 48d and 48d.cl ICs with graphical representation. There is a consistently higher avidity associated with the crosslinked ICs across all 4 designs, with 48d.cl IC (K126C) and Loop1 IC appearing to have the highest avidity. The crosslinked ICs contains both  crosslinked and uncrosslinked, so the pure crosslinked fraction would be expected to have higher avidity than implied by this data.;;1;;;;;Plot
40;10.1101_2025.08.22.671799.json;Figure 3. Cross-binding and cross-reactivity between orthopoxviruses . The number of cross-binding (A) and cross-neutralisation (B) antibodies in Pox-AbDab against VACV, MPXV, and CPXV. Fraction of cross-binding (C) and cross-neutralisation (D) of antibodies in Pox-AbDab. The number of antibodies considered are shown in brackets. While all antibodies binding to VARV, MPXV, and CPXV tested against VACV bind VACV as well, not all VACV targetting antibodies cross-bind to the other viruses, and cross-neutralisation is even rarer.;;1;;1;;;Plot+Diagram
41;10.1101_2023.11.14.566925.json;Figure 3. LSECs constitutively express proteins critical for iron recycling.;;1;1;;;;Plot+Photo
42;10.1101_2024.04.30.591897.json;Figure S2. Damage-induced lysosomal PI4P accumulation is unaffected by the loss of the ATG8 E3 ligase complexes ( A ) Representative live-cell fluorescent images of HeLa WT and ATG16L1/TECPR1 DKO cells co-transfected with EGFP-SidM (PI4P biosensor) and LAMP1mCherry and treated with 1 mM LLOMe for the indicated time. Scale bar = 10 µM. ( B ) Quantification of the fold change in EGFP-SidM lysosomal fluorescence from (A). Lines represent individual cells from three independent experiments.;;1;1;;;;Plot+Photo
43;10.1101_2025.11.06.687045.json;Figure 4: Schematic decision diagram detailing the primer design, screening, and selection processes. The diagram flows from the top left to the bottom right. Diamonds indicate a decision point that can have a 'yes' or 'no'. The route taken depending on that decision is indicated by a green or red arrow, respectively, flowing from the diamond.;;;;1;;;Diagram
44;10.1101_2025.03.23.644588.json;Figure 3: Data quality and venous structures. (A) Our T2 * -weighted images at 0.35 mm isotropic resolution have good SNR and reveal fine vascular details (average across all echoes and all four runs of a single participant). Note that, we tilted our imaging slab to avoid the eyeballs area while completely covering the cerebellum, as well as the rest of the cortex. (B) Zoomed-in view highlights intracortical veins, which are oriented radially relative to the cortical gray matter surface and appear tangentially sectioned in this sagittal slice. (C-D) Minimum intensity projection (3 mm thick) in the transverse plane enhances the visibility of mesoscopic intracortical veins alongside white matter veins. Arrows indicate: (1) dural venous sinuses, (2) leptomeningeal veins, (3) pial veins, (4) principal intracortical veins, (5) class V5 intracortical veins, which extend into the white matter, and (6) white matter veins.;;;1;;;;Photo
45;10.1101_2025.02.26.640381.json;"Figure 2 | Demonstration of MAGPIE flexibility  and  robustness . a, Summary of the MAGPIE pipeline  key decision  points  for  user  consideration. b, Variation  in  the  alignment accuracy  across  a  range  of  landmarks, employing a linear (affine) or non-linear (TPS) transform, with or without using an intermediate MSI H&E image to assist with co-registration, for 8 mouse lung samples. For each setting, the mean alignment accuracy per sample was selected across 5 iterations of randomly selected landmarks followed by averaging the scores across all samples, shown as points in the graph. Error bars correspond to the standard error. Points are coloured by the inclusion of an intermediate H&E image for the MSI modality. N samples = 8. c, Maximum accuracy for each sample using either affine or TPS transform, with or without the aid of an intermediate MSI H&E image. d , Comparison of highest accuracy performance per sample using affine or TPS transforms, with or without an intermediate H&E microscopy image. Each point represents the maximum achieved accuracy for each tested sample (n=8) with the boxplot showing the median, upper and lower quartiles with whiskers extending to 1.5× interquartile range. The maximum alignment accuracies per group were compared using paired two-sided Wilcoxon rank sum tests (Affine with H&E vs Affine without H&E: p = 1.12x10 -4 , TPS with H&E vs TPS without H&E: p = 1.77x10 -13 , Affine with H&E vs TPS with H&E: p = 0.198 (n.s., non-significant), Affine without H&E vs TPS without H&E: p = 1.69x10 -13 ). e , Examples  of  H&E-stained  tissue  sections  of  mouse  lung  section  pairs,  ordered  by  maximum  accuracy measurement between Visium and MSI sections. f, Generalisability of MAGPIE to other species and tissue types by application to same-section Visium and MALDI-MSI data ('SMA') from mouse and human brain tissue. The maximum co-registration accuracies achieved per sample (mouse, n=3; human, n=3) are shown as bar charts.";;1;1;1;;;Plot+Diagram+Photo
46;10.1101_2023.09.13.557676.json;Fig.  5. Contribution  of  haemodynamic  factors  on  vessel  pruning  sites .  (A) Comparison  of  pruning possibility by correlation (pp _$%&&'()*+%, ) and experimental pruning possibility (pp _'9: ) . All contributed factors to pp _$%&&'()*+%, were plotted against α ∗ with blue lines with different solid symbols. (B) Joint probability density function (PDF) of the normalized WSS index α ∗ and vessel radius R ∗ . The red line shows the maximum location of the joint PDF at each α ∗ .;;1;;;;;Plot
47;10.1101_2025.04.09.648026.json;Figure  S8. Mice  lacking  both  copies  of Snca Enh+37  show  no  differences  in  rearing behaviours. (A) Bar chart showing rearing behaviours for 16-20 mice/genotype/treatment group. (B) Bar chart showing sex differences in rearing behaviours of 8-10 mice/sex/genotype/treatment group. Error bars represent standard error (SE). Significance was determined using a two-way ANOVA and Tukey's Honestly Significant Difference (HSD) test with a 95% confidence interval. See Tables S24-S26 for ANOVA summary statistics. ▪ = p < 0.1, * = p < 0.05, ** = p < 0.01, *** = p < 0.001.;;1;;;;;Plot
48;10.1101_2025.11.12.687956.json;Supplementary Figure 6. Representative sequencing time traces at the DNA-peptide junction for longpeptide  constructs.  Green  rectangles  highlight  events  with  distinct  peptide  features  that  were  used  for Dynamic Time Warping alignment in Figure 2B. Events are segmented into the final DNA region (light yellow), the DNA-peptide transition (light brown), and the post-DNA peptide region (light green).;;1;;;;;Plot
51;10.1101_2025.07.24.666531.json;Figure 4. Proportion of species descriptions using (a) molecular analysis or (b) taxonomic review for each mammal order from 1990-2022. The bars indicate the proportion of the total number of species described per order over this period. The different shades of gray indicate  the  proportion  of  these  descriptions  involving  one,  two,  and  three  or  more countries.;;1;;1;;;Plot+Diagram
52;10.1101_2025.03.13.642599.json;Figure 1 Stiff cells drive the increase in effective resistance for sickle blood under hypoxia and reduce inter-patient variability. a) The microfluidic rheology platform used to measure spatially resolved  blood  flow  dynamics.  Blood  was  perfused  in  a  20x20  µm  cross-sectional  channel,  and Reffective was measured from flow data. b) The microfluidic single-cell classification platform used to measure the RBC population distribution of stiff (cells with polymer) and deformable (cells without polymer)  cells  at  various  oxygen  tensions.  c)  Effective  resistances  were  normalized  by  the  21% oxygen  value  for  each  patient  and  plotted  against  oxygen  tension.  Results  show  unique  patient response curves at oxygen tensions less than 12%. Patients 8, 9 and 10 were transfused twice and measurements were performed at 0% oxygen, including the native sample.  The variance measured by the sum of square errors of a 2 nd order polynomial curve fit was 0.28. d) Stiff cell fractions plotted for each patient across a range of oxygen tensions. e) Effective resistance plotted against stiff cell fraction decreased inter-patient rheological variability by a factor of 17 with a variance of 0.020. Results shown for n = 10 sickle blood samples. Error bars represent plus or minus the standard error of  the  mean  (+/-  SEM)  for  resistance data  gathered  for  n = 11  independent sampling  time  points during  flow  data  acquisition.  Error  bars  smaller  than  the  data  symbol  are  not  shown.  Statistical analysis  performed  in  Prism  v9.5.0  using  nonlinear  least-squares  regression  of  a  2 nd order polynomial.  2 nd order  polynomial  fits  (blue  line)  are  plotted  with  95%  confidence  bands  (dashed lines).;;1;;1;;;Plot+Diagram
53;10.1101_2025.04.05.647323.json;Figure 2. Hidden Markov models (HMMs) and clustering of brain states.;;1;;1;;;Plot+Diagram
54;10.1101_2025.06.05.658010.json;Figure 3 .  External  testing  results  comparing consensus enrichment, weighted ensemble ligand model (L_E), and weighted ensemble multiple structure hybrid model (H_E_M) performance in CYP1A2 and CYP17A1 isoforms.;;1;;;;;Plot
56;10.1101_2025.05.07.652702.json;Figure 5. Spatial maps of the 14 functional human tICA components. Z-scored spatial maps of each human component are overlaid on the MNI152 template. MNI coordinates of the presented perspective are reported in the left bottom corner of each panel. Networks include higher-order visual (HOV), audiovisual (AV), auditory (AUD),  executive  (EXE),  insular  (INS),  somatomotor  (SOM),  primary  visual  (PVIS),  language  (LAN),  and default mode (DMN). Color indicates voxel-wise z-scores, thresholded at p < 0.5 (posterior probability that a voxel belongs to the active distribution rather than noise). Components were labeled based on spatial overlap with known functional networks and their correspondence to task content.;;1;;1;;;Plot+Diagram
60;10.1101_2023.07.25.550495.json;Fig. 6 RLPP models perform well under different decoder settings.;;1;;;;;Plot
61;10.1101_2025.02.16.638511.json;corresponding white boxes. (b) Plots of orexin-A expression across sequential OB sections at different anterior-posterior positions from one preparation. Each marker represents an orexin-A immunoreactive product with a minimum size of 0.845 um?. (c) Orexin-A density in each OB layer. Each circle represents the mean density from an individual preparation (the red circles are from the preparation in subpanels a-b. (d-f) Same layout as panels a-d but for MCH. axon terminals. (e-h) Same layout as panels a-d but for MCH.;;1;1;;;;Plot+Photo
62;10.1101_2025.07.28.667162.json;Figure  3:  recovery  of  a  small,  hidden  component 𝑳𝟏𝟑 using  ACMTF  and  ACMTF-R. One hundred randomly  initialised  ACMTF-R  models  were  fitted  per  setting  of  tuning  parameter 𝜋 .  These  were compared  with  one  hundred  randomly  initialised  ACMTF  models.  (A)  Overall  factor  recovery, measured using 𝐹𝑀𝑆𝑜𝑣𝑒𝑟𝑎𝑙𝑙 ,  was  higher  in  ACMTF-R using 0.6 ≤ 𝜋 ≤ 0.9 compared to ACMTF. (B) Likewise, the 𝐹𝑀𝑆𝐿13 maximum was higher for ACMTF-R than ACMTF. Red data points in (A,B) indicate the  model  with  the  lowest  loss,  which  were  compared  in  (C-H).  The  absolute  Tucker  Congruence Coefficient ( 𝜙 ) between the recovered loadings and the input (C) subject mode loadings, (D) feature mode loadings of 𝑿 (1) , (E) time mode loadings of 𝑿 (1) , (F) feature mode loadings of 𝑿 (3) , and (G) time mode loadings of 𝑿 (3) for hidden component 𝐿13 . For all modes, factor recovery using ACMTF-R with intermediate values of 𝜋 was higher compared to ACMTF.;;1;;;;;Plot
63;10.1101_2025.04.23.650164.json;"Fig. S8 Structural convergence of heparin and the K5 compounds bound to open spike for the simulated complexes. Root mean squared deviation (RMSD (Å)) versus time (μs) of heparin chains was retrieved from Paiardi et al. 2 . The four replicas MD trajectories of the two simulated systems of open spike glycoprotein upon K5OSH and K5NOSH engagement are from the current study. RMSD values of all the polyanionic chains were calculated for all the C, N, and O atoms in all monosaccharides and are shown in forest, green, and teal for heparin; yellow, orange, and dark orange for K5OSH; magenta, purple, and crimson for K5NOSH.";;1;;;;;Plot
64;10.1101_2024.04.30.591897.json;Figure S1. Validation of ESCRT recruitment deficiency across multiple ATG16L1/TECPR1 DKO clones and cell lines. ( A ) Western blot analysis of HeLa ATG16L1KO and three ATG16L1/TECPR1 DKO clones treated with or without 1 mM LLOMe for 30 minutes. ( B ) Confocal images of cell lines from (A) treated with 1 mM LLOMe for 15 minutes and immunostained for ALIX and Gal3. Nuclei were stained with DAPI. Scale bars = 10 µm for whole image and 2 µm for insets. ( C ) Confocal images of HEK WT, ATG16L1KO, TECPR1KO and ATG16L1/TECPR1 DKO cells treated with 1 mM LLOMe for 15 minutes and immunostained for ALIX and Gal3. Scale bars = 10 µm. ( D ) Western blot analysis of HeLa and HEK KO cell lines treated with or without 1 mM LLOMe for 30 minutes.;;;1;1;;;Diagram+Photo
66;10.1101_2025.09.30.679456.json;Figure 3: Hormone data for all participants who completed all testing visits. A: Oestradiol concentrations across all three phases. B: Progesterone concentrations across all three phases. Black lines represent group means (error bars indicate SD), grey lines represent participants included for full analysis, whilst red indicates those excluded based on 9.5 nmol/L threshold for progesterone. EF: Early Follicular, LF: Late Follicular, ML: Mid-luteal, * different from early follicular p <0.05. + different from late follicular p <0.05.;;1;;;;;Plot
68;10.1101_2025.07.15.664946.json;Fig. 1 a). Metrics used to define types of breakpoints observed in this study. A 'True Break' is a breakpoint that is not found to be chimeric or a foldback, such as the tandem duplication example shown here. A 'Foldback' is a read where the second segment maps to approximately the same location (within 200bps) as the first segment, but on the opposite strand. A 'Chimeric' is where the second segment maps more than 1 Mb away on the same chromosome (intrachromosomal) or to a different chromosome (interchromosomal). b) IGV schematization of two foldback artifact reads from the HG002_PAW70337_sup sample supporting the same breakpoint at approximately 113,286 kb on chromosome X of the HG002 diploid assembly. Read A (5f80430c-2b83-408b89b2-63b61b1173cc) is an example of a read with no sequence between the two segments of the;;1;;1;;;Plot+Diagram
69;10.1101_2025.08.12.669816.json;Figure 2 . Gene tree for orthogroup HOG0000752 annotated as K-ras . The number after the underscore represents the number of genes within the orthogroup encoded in the genome of each species (or is predicted to encode, in the case of ancestral nodes). Asterisk indicates that a statistically significant expansion or contraction occurred in this lineage, as seen in the dasyurid ancestor.;;;;1;;;Diagram
71;10.1101_2025.08.10.669515.json;Supplemental Figure 1. Conserved SYH catalytic motif in OAC acyltransferase 3 domains. 570;;1;;;;;Plot
72;10.1101_2024.09.03.610982.json;Figure S1 Other song acoustic characteristics are not influenced by cholinergic signaling within RA;;1;;;;;Plot
73;10.1101_2024.07.01.601472.json;"Fig. 5 Morphogen gradients regulate the establishment of AP axis. a, Schematic diagram showing that  role  of  antiparallel  morphogen  gradients  in  governing  cell  fate  determination. b, Schematic diagram  showing  the  linearization  of Dre STEP. c-f ,  Plots  displaying  the  expression  patterns  and intensities of representative ligands along the AP axis in FGF (c), RA (d), noncanonical Wnt (e) and TGF-β (f) signalling. The selected ligands show differential expression patterns in Zone1 and Zone2. g, Plots  of  gene  expression  intensities,  cell  types  and  cell  type  proportions  along  AP  axis.  The  thick dashed lines in red and blue indicate the expression trends of trunk-enriched and tail-enriched genes; the thin dashed lines sperate Zone1 and Zone2 for GO enrichment analysis. h, Enriched GO terms in Zone1 and Zone2 respectively. i, Model  diagrams  showing  the  relationships  between  morphogen gradients and cell type specification in Zone1 and Zone2 at different developmental stages. Paraxial";;1;;1;;;Plot+Diagram
74;10.1101_2025.03.09.641718.json;"Fig. 4. Codon compression of rbcL using the combinatorial approach. (A) Schematic of rbcL coding  sequence  containing  476  codons.  Vertical  grey  lines  represent  positions  of  26  target codons. (B) Schematic  for  recoding  of rbcL coding  sequence  by  complementation  of  the rbcL knockout strain CSB419 with plasmids pCSB424 (encoding the WT rbcL CDS), pCSB430 (defined compression scheme) or the pCSB426 plasmid library (combinatorially assembled rbcL variants). Primers  used  for  genotyping  and  sequencing  are  represented  by  blue  arrows. (C) Growth  in minimal  media  of  the rbcL KO  (CSB419,  n=13)  and  complemented  strains  (CSB424,  n=20; CSB430, n=16 and CSB426, n=73). Cells were grown in 96 well plates (culture volume 200 μL) in HSM at light intensity of 80 μmol∙m -2 ∙s -1 and  OD 730nm was  measured after 7 days. Data points represent the average of three independent growth experiments. (D) Composition of the 26 target codons in 13 transformants selected from the CSB426 library compared to those in the WT rbcL (CSB424) and rbcL compressed using the defined compression scheme (CSB430). Sequences are sorted based on the decreasing value of the Codon Adaptation Index (CAI) calculated for the 26 target positions. Randomised codons are coloured by the third base of the codon: T - red, C blue, A - green, G - black. (E) Growth rate of the CSB424 (n=4), CSB430 (n=4) and CSB426 (n=13) transformants in minimal medium plotted against the CAI of the target positions. Cultures (25 mL) were grown in flasks for 3 weeks. OD 730nm of cultures was measured every 24 h and the growth rate (K) was calculated after fitting data points to the Gompertz growth function (GraphPad Prism, v10). Error bars represent standard deviations for three independent cultures.";;1;;;;;Plot
75;10.1101_2024.10.25.620274.json;"Figure 2: CD8 co-receptor KO abolishes MAGE-A3 TCR cross-reactivity to the self-antigen Titin. (A) Schematic of helper and cytotoxic T cells transduced with the MAGE-A3 specific a3a TCR. Lck can exist in a free state or a co-receptor bound state. (B) HLA-A1+T2cells were titrated with MAGE-A3 or Titin peptides to stimulate cytotoxic or helper a3a TCR-T cells for 20 hours. Representative dose-responses (Left) and mean sensitivity as EC50 (Right). (C) Schematic of WT or CD8 KO cytotoxic a3a TCR-T cells. Lck can exist in a free state or a co-receptor bound state. (D) HLA-A1+ T2 cells were titrated with MAGE-A3 or Titin peptides to stimulate WT or CD8 KO cytotoxic a3a TCR-T cells for 20 hours. Representative doseresponses (Left) and mean sensitivity as EC50 (Right). Data measuring 4-1BB surface activation marker (top) and target cell killing (bottom) are shown. (E) Nalm6 cells endogenously expressing the Titin protein were co-cultured with WT or CD8 KO cytotoxic a3a TCR-T cells for 20 hours. 4-1BB was stained by flow cytometry. Each data point in (E) represents an independent experiment with different blood donors. Each EC50 data point in (B) and (D) represents an independent experiment with different blood donors. P values were determined by paired t-test; ns not significant, *p < 0.05, **p < 0.01, ****p < 0.0001";;1;;;;;Plot
77;10.1101_2025.05.15.654300.json;Fig. S9. Deep  mutational  scans  of  PYR1nita  on  menitazene  and  no  ligand  control (negative). A . Heatmap of per-position normalized enrichment ratios for binding to menitazene. B,C . No ligand binding sort compared to (B) nitazene and (C) menitazene sort enrichment ratios. The  no ligand binding (negative) occurred with 100 nM biotinylated ΔN-HAB1 T+  and 1% (v/v) DMSO. This negative sort enriches mutations that bind ΔN-HAB1 T+ in the absence of ligand.;;1;;;;;Plot
78;10.1101_2025.06.03.657562.json;Figure  4.  SEPs .  Average  SEPs  obtained  from  left  and  right  hand  stimulations  are  plotted  for  a  representative contralateral channel (C4 for the left hand, C3 for the right hand). Shaded area represents SEM. Scalp topography plots are shown for the main components. Cz - right hand 0.1 -0. 1;;;;1;;;Diagram
81;10.1101_2025.10.27.684901.json;Figure 5: performance of DNACSE and baseline models on all nine different classification tasks in the Genomic Benchmark;;1;;;;;Plot
82;10.1101_2025.01.02.631135.json;Figure 3. Segmentation errors can cause false positive ligand-receptor inferences and confound multi-cell type expression covariation across spatial regions.;;1;;1;;;Plot+Diagram
86;10.1101_2025.10.10.681551.json;Figure 1. From left to right: u 1 j , u 2 j , and u 3 j . j = 1: HC, control, j = 2:SD, and j = 3:RS. Red broken lines are baselines.;;1;;;;;Plot
88;10.1101_2025.01.17.633399.json;Supplementary Figure S4: Number of associated traits & eQTLs for high-quality ASBs predicted for FOXA1. These values were obtained by querying for the variant in OpenTargets Genetics and summarizing statistics for each category (A) Number of trait associations that passed a p-value threshold of 5 x 10 -2 , (B) Number of trait;;1;;;;;Plot
89;10.1101_2024.12.28.630610.json;Figure 6: Growth of cancer cells for the pay-off matrix for Anti-coordination equal under no treatment versus migrastatic treatment. (A) Migrastatic treatment significantly reduces total tumor burden over 100 generations. (B) This is attributed to delayed and diminished metastasis formation, with metastases arising later. (C) Moreover, the average metastasis size remains consistently lower with migrastatic treatment. All results averaged over 50 simulations.;;1;;;;;Plot
90;10.1101_2025.01.17.633518.json;Fig. 9. Puncta formed in the presence or absence of the VP3 C terminal IDR are sensitive to aliphatic diol treatment. DF-1 cells were transfected with a mixture of pIBDV-SegA and pIBDVSegB::mNG (A), or DF-1 cells were transfected with a mixture of pIBDV-SegA ∆ C and pIBDVSegB::mNG (B). Transfected cells were treated with 1,3-Propanediol (1,3-PD), while capturing time lapse images. Briefly, cells were initially maintained in media for acquisition, and at time (t)=0 seconds (s), 1,3-PD was added to achieve a final concentration of 4% (v/v). The leftmost images show whole cells (mNG signal shown in white), with stills from the inset regions (orange boxed regions) shown thereafter. The timestamp (t) of imaging is shown in seconds (s).;;;1;;;;Photo
91;10.1101_2025.03.06.641943.json;Figure 4. Phosphopeptides and lipids synergistically activate Arr2 and Arr3. A. Diagram of ACKR3 highlighting GRK5 and GRK2 phosphorylation sites. GRK5 phosphorylates both the proximal and distal sites on ACKR3, whereas GRK2 only targets distal sites. B. Table listing the sequences of ACKR3 C-tail and the four peptides used in this study. Unique GRK5 phosphorylation sites are shown in blue and GRK2 phosphorylation  sites  are  shown  in  green. C. Schematic  illustrating  how  the  trypsin  digestion  pattern correlates with the release of arrestin C-terminus upon p-Rho* binding. The gel shows that a truncated form of Arr2 (Arr2∆C) and Arr3 (Arr3∆C) is produced in the presence of p-Rho* indicating the activation of Arr2 and Arr3, respectively. D, E. The trypsin digestion patterns of Arr2 ( D ) or Arr3 ( E ) in the absence and presence of four nanodisc types and four ACKR3-derived peptides listed in B.;;1;;1;;;Plot+Diagram
93;10.1101_2025.04.01.646591.json;Figure 1. Topological challenges during DNA replication.;;;;1;;;Diagram
94;10.1101_2025.08.26.672515.json;"Fig 4. Inhibition of E. coli or S . Typhimurium bacteria by L. plantarum MVs in an agar disc diffusion test. (A)  Inhibition  in  SIM  medium inoculated with E.  coli at 1×10 8 with  75  and  100  µg  of  MVspl  or  MVsplE.  (B)  Inhibition  in  SIM  medium inoculated with S .  Typhimurium 1×10 8 with 75 and 100 µg of MVspl or MVsplS. Analysis performed by one-way ANOVA, results represent * p < 0.1 and ** p < 0.05. As  positive  control,  C.Cpl,  C.CplE,  or  C.CplS  was  used,  while  PBS  served  as  the negative  control.  Analysis  was  performed  using  one-way  ANOVA;  results  are represented as * p < 0.1 and ** p < 0.05.";;1;;;;;Plot
95;10.1101_2025.08.13.670155.json;Figure 4: Loss of KEAP1 stimulates proliferation and migration in PTC and FTC cells. Growth curves of (A) TPC1 control and KEAP1 knockout cell lines (KO1 and KO2) and (B) SDAR2 control and KEAP1 knockout cell lines (KO1 and KO2), showing increased proliferation in the knockout clones relative to controls. (C-F) Transwell migration assays of (C) TPC1 control and KEAP1 knockout clones (KO1 and KO2) and (E) SDAR2 control and KEAP1 knockout clones (KO1 and KO2) with relative quantifications (D, F) after crystal violet staining, showing increased migration upon KEAP1 loss. The number of migrated cells was averaged from five randomly selected 10X fields. ** p < 0.01, *** p < 0.001, **** p < 0.0001. Statistics were performed using a one-way ANOVA test.;;1;;;;;Plot
97;10.1101_2025.06.14.659486.json;Supplementary Figure 6: a) Brightfield images of biological replicates of colon organoids on day 8 grown in domes or hydrogel droplets. b) Size analysis  of  organoids  grown  in  domes  or  droplets  on  day  6  with  coefficient  of  variation  of  organoid  size  highlighted  above  (n organoids ≥  90) c) Representative  fluorescence  images  of  live/dead  stainings  of  organoids  growth  in  domes  or  droplets  on  day  0,  3,  6,  8  (scale  bar  200  µm). d) Quantification of mIF staining of organoids in domes or droplets on day 8 (n organoids ≥ 67). e-g) Bulk RNA sequencing of organoids grown in droplets in static  condition  or in bioreactor on day 8 (3 technical replicates). e) Quantification of Log 2 transformed expression levels. Statistical significance between  conditions  was  assessed  using  the  Wilcoxon  test,  with  p-values  adjusted  for  multiple  testing using the Benjamini-Hochberg method. f) Volcano  plot  of  differentially  expressed (DE) genes between static (left) and bioreactor (right) condition (p < 0.05, log2 Fold Change > 1). g) Plot showing  significantly  enriched  Gene  Ontology  biological  processes  of  genes  in  colon  organoids  grown  in  static  condition  (p-value  <  0.05, q-value < 0.2).;;1;1;;;;Plot+Photo
98;10.1101_2025.07.23.664352.json;Figure  6 : RNAi  of Gp-pat-1 increases  virulence  on  the GpaVvrn -resistant  potato cultivar Seresta. ( A )  Expression levels of Gp-pat-1 3 days after inoculation.  Expression was  relative  to  eYFP-treated  ppJ2.  Combined  data  from  two  batches  is  shown.  The significance shown is from a t-test. ( B ) Juveniles with an altered Gp-pat-1 expression were more virulent  on the GpaVvrn -resistant  Seresta  compared to  the  control  juveniles that  are soaked  in  eYFP  targeting  siRNAs.  Virulence  is  unchanged  on  the  susceptible  cultivar Desiree. The p-values shown are from t-tests. ( C )  Schematic representation of Gp -PAT-1 depicting  the  predicted  functional  domains  and  the  four  nonsynonymous  SNPs  that correlate significantly with virulence in AMPOP02 and AMPOP10. These four SNPs cause three  amino  acid  changes.  Colours  of  the  circles  indicate  polarity  of  the  amino  acid according to the reference sequence (left half) and the alternative sequence (right half).;;1;;1;;;Plot+Diagram
100;10.1101_2025.08.01.667674.json;Figure 3. The ompF gene is preferentially mutated in the WT strain and not in the BAC-tolerant strain upon adaptive laboratory evolution to ciprofloxacin (CIP). Whole genome sequence analysis of E. coli MG1655 (WT) and its BACtolerant derivative S4 after experimental evolution in the presence of CIP. The bar at the top represents the genome of E. coli from 0 MB to 4.6 Mb. Genomic loci with mutations are magnified in the panel below. Each of the 36 blue bars represent one replicate E. coli population from the evolution experiment. Dark blue bars show populations from the  64  ×  MIC  concentration  step  of  the  experiment.  The  populations  that  adapted  ('survived')  to  the  highest concentration (2048 × MIC) of the experiment are represented by light blue bars. A dark blue bar (64 × MIC) followed by  a  light  blue  bar  (2048  ×  MIC)  represents  sequences  from  a  single  evolved  population  at  the  two  different concentrations.  For  both,  the  WT  and  S4,  6  populations  that  survived  the  entire  evolution  experiment  (i.e.  they adapted to 2048 × MIC) are shown. In addition, the 6 dark blue bars at the bottom of each strain s' segment (WT and S4) represent genomes of evolved populations at 64 × MIC that went extinct at concentration above 64 x MIC and below 2048  ×  MIC  (' extinct ').  Red  lines  represent  single  nucleotide  polymorphisms  (snp),  white  lines  represent deletions (del), green lines represent inversions (inv) and black lines represent insertions (ins). The intensity of the line shows the frequency of the specific mutation in the population. Names of key genes are indicated below the diagram. The number of variants in each population is shown on the right side of the figure.;;1;;;;;Plot
103;10.1101_2025.08.19.671051.json;Fig 6. Predicted cell turns see caption on next page.;;1;1;1;;;Plot+Diagram+Photo
104;10.1101_2025.09.29.679248.json;Figure 3. A) View as seen by the camera of the eye -tracker with object bounding box and gazeindicator (red dot) of the person in front included. This view is essentially identical to the way participants see the scenery. B) Eye track over time. The s tart of fixations is marked by red dots.;;;1;1;;;Diagram+Photo
105;10.1101_2023.10.03.560674.json;Figure 3: Histone PTMs accurately predict endogenous gene expression. (A) Spearman correlation on genes from held out chromosomes for different input context lengths, with all cell types pooled together. Blue curve is the mean across 10 computational replicates of CNNs and the red is the mean across 10 computational replicates of ridge regression. Shaded area represents standard deviation in the Spearman correlation across the 10 computational replicates. (B) Spearman correlation on genes of cell types held out during training. The bar plots represent the mean across 10 computational replicates and the error bars represent the corresponding standard deviations. (C) Distribution of Spearman correlations across genes, computed for each gene in test chromosomes by comparing predictions across the 13 cell types. The different curves represent 10 computational replicates for each model type.;;1;;;;;Plot
106;10.1101_2023.09.27.556556.json;Fig 5. Specific stimuli-responsive dynamic, post-translational modulation of protein subcellular localization using pretroDNA tag. ( A ) Subcellular localization of mCherry-RT with pretroDNA_tetO tag is reversed by aTc from inner membrane poles with Tar-TetR-GFP to a uniform distribution throughout the cells. To analyze the post-translational re-localization, aTc was added to cells in resource-deficient environments followed by fluorescence microscopy observation. Im and I c were determined from normalized mCherry intensity profiles along the medial axis of observed cells using MicrobeJ 15 . ( B and C ) Fluorescence microscopy (B) and Im / I c ratio analysis (C) were conducted after 1 hour incubation with aTc. ( D and E ) Fluorescence microscopy (D) and Im / I c ratio analysis (E) by the time of exposure to aTc. All image data are representative of n=3 biological replicates. Scale bar, 5 µm. Error bars indicate SD.;;1;1;1;;;Plot+Diagram+Photo
107;10.1101_2025.06.27.661915.json;Figure 1. Mammalian  cytosine modifications in doublestranded DNA. (a) The cytosine modifications mC and hmC are written by DNMT and TET enzymes. (b) In CpG dyads, both cytosines (C a , C b ) can exist as C, mC or hmC. (c) Strand-symmetric and -asymmetric versions of CpG and CpH dinucleotides containing C, mC and hmC (white circle: T, A, or G).;;;;1;;;Diagram
109;10.1101_2025.05.28.656716.json;Fig A1. Simulated model behaviour across the full range of probe stimulus contrast values from 0.1 (lightest grey) to 1 (black). A) percentage of correct ideal observer responses to probes presented to the dominant monocular population. B) Same but for the suppressed population.;;1;;;;;Plot
110;10.1101_2025.08.21.671520.json;Fig. 3. HDAC inhibition synergizes with GPX4 inhibition to selectively kill persister cells. ( A to F ) Heatmaps of synergy between GPX4 inhibitor RSL3 and HDAC inhibitors panobinostat and vorinostat following 24 hour cotreatment.  Bliss  synergy  score  calculated  with  SynergyFinder  3.0.  Red  color  and  positive  scores  indicate synergy, green color and negative scores indicate buffering. ( A and B )  PC9 parental cells and persister cells derived from 50 nM erlotinib. ( C and D ) A375 parental cells and persister cells derived from 10 nM dabrafenib with 1 nM trametinib. ( E and F ) BT474 parental cells and persister cells derived from 2 µ M lapatinib. ( G to J );;1;;;;;Plot
111;10.1101_2024.06.14.599120.json;Figure 9. Modeling of Rad51-ED and Rad51-KN on an experimentally derived high-;;;;1;;;Diagram
112;10.1101_2025.02.04.635765.json;Figure 5. Age effect of dynamic propagation in an independent NKI-RS cohort. (A) Age-related similarity of spatiotemporal;;1;;1;;;Plot+Diagram
114;10.1101_2025.03.05.641278.json;Fig. 1.  Symptoms  of  BHB  on  oat  disease caused by Pseudomonas  coronafaciens pv. c oronafaciens . A) in the field in Aberdeen, Idaho in 2023 B) on oat leaves collected from the field C) colonies of Pcc on Wilbrink's media.;;;1;;;;Photo
115;10.1101_2024.09.03.610982.json;Figure 5 Cholinergic modulation of HVC-RAPN and LMAN-RAPN eEPSCs in 1367 adult female zebra finches 1368;;1;;1;;;Plot+Diagram
116;10.1101_2024.06.06.597786.json;Extended Data Fig. 8 Pseudotime and additional module score analyses in fracture callus scRNA-seq. Sequencing analysis performed at 14d post-fracture among control or denervated callus tissue. Mesenchymal cells only presented for analysis. a Heatmap of genes by hierarchical clustering across pseudotime in both control and denervation groups. b Module score analysis performed within the Pdgfra + Lepr + stem-like cells . Violin plots of module scores shown. Gene lists in module scores shown in Supplemental Information File 9. ns: non-significant.;;1;;;;;Plot
117;10.1101_2024.06.16.599248.json;Figure 1 Schematic Overview of Theoretical Accounts of Perspective Taking;;;;1;;;Diagram
119;10.1101_2025.06.24.661403.json;Fig. 9 Mean PSE shift across participants by Conflict Condition (Error bars = ± SE);;1;;;;;Plot
121;10.1101_2025.06.24.661403.json;Fig. 7 Mean sigma estimates across participants in Experiment 2 (Grey). Mean model predictions (colored bars) for performance in the Combined Condition, based on the Cutaneous and Configuration conditions. Error bars = +/- SE. Asterisk (*) = Significant t-test. Note the difference in y-axis scale from Fig. 6.;;1;;;;;Plot
122;10.1101_2025.04.08.647715.json;Figure 11: Distributions of the values of risk of inadequate zinc intake, across households.;;1;;;;;Plot
123;10.1101_2025.06.09.658280.json;"Fig. 1. Instantaneous 3D subcellular segmentation of single-molecule fluorescence using Fourier light-field microscopy in living cells. a Optical schematic of two-colour Fourier light-field microscopy with key optical elements labeled. Here, one spectral channel is dedicated to widefield instantaneous volumetric imaging (Volumetric Organelle channel; green), while the other is implemented simultaneously for 3D-SMLM (Single-Molecule channel; red). b Analysis workflow showing 3D reconstruction of the Volumetric Organelle channel with Richardson-Lucy deconvolution (16) and the Single-Molecule channel with single-molecule 3D localization (15). Trajectories are then segmented in 3D according to their localization relative to the subcellular organelle mask for quantitative analysis with improved sensitivity.";;;;1;;;Diagram
126;10.1101_2025.04.22.649740.json;Figure 1 - Allometric scaling in sea stars. (a) Relationship between the sea star mass and the average  arm  length  across  eight  five-armed  species: Asterina  gibossa (circles,  n  =  37), Echinaster sepositus (triangles, n=14), Asterias rubens (inverted triangles, n=74) , Marthasterias  glacialis (squares,  n=23) ,  Linckia  laevigata (squares  with  dot,  n=2) ,  Patiria miniata (lozenges, n = 4), Dermasterias imbricata (lozenges with dot, n=2), and Pentaceraster mammillatus (circles with dot, n=1). Each dot represents an individual sea star (n = 157). The relationship shows a strong correlation (R 2 = 0.8543, p < 0.0001). (b) Photographs of the oral and  lateral  views  of  two individuals of Asterias  rubens illustrating  size  variability. (c) Size range observed in A. rubens . The scale bar is 50 mm. (d) Relationship between the body mass and the average arm length ( n = 74, R 2 = 0.7629, p < 0.0001). (e) Relationship between the;;1;;1;;;Plot+Diagram
127;10.1101_2025.04.17.649325.json;Fig. 2. CWT analysis of M-ECG and I-ECG Signals using the Morlet wavelet (participant 1).;;1;;;;;Plot
129;10.1101_2025.03.12.642939.json;"Fig.	 3.	 Estimated	 marginal	 means	 for	 the	 400-800	 ms	 negativity	 timewindow by Verb type, Case, Trial and sentence-final behavioural Acceptability	 rating.	 Shaded	 areas	 represent	 83%	 confidence	 intervals. Conditions	 plotted in the upper-left and	 lower-right quadrants	 are grammatical; conditions plotted in the upper-right and lower-left quadrants	are	ungrammatical.";;;;1;;;Diagram
130;10.1101_2025.04.03.645855.json;Supplementary Fig. 1. Estimation of pigment composition in larval spots using chemical treatments. ( A ) Natural pigmentation patterns of larval spots in L and + p phenotypes prior to chemical treatment. ( B ) After removal of the epidermal cells by SDS treatment, both black and yellow pigmentation remain visible in the cuticle. ( C ) HCl treatment of SDS-treated cuticle specimens does not eliminate the black or yellow pigments, indicating that both are composed of highly polymerized, acid-resistant melanin. Scale bars, 1 mm.;;;1;;;;Photo
131;10.1101_2022.06.06.495023.json;Figure 3: Qualitative ratings of sound-induced touch for synesthetes and controls. Mean intensity (A), hardness (B), dryness (C), smoothness (D), coldness (E) and dullness (F) ratings are represented for each group across sound frequencies. Error bars represent the standard error of the mean.;;1;;;;;Plot
132;10.1101_2024.03.22.585864.json;Figure 2: Single-cell analyses of Shox2 regulatory trajectory. A . Illustration of single-cell preparation from microdissected  Shox2 trac hindlimbs  at  E10.5,  E11.5,  E12.5,  and  E13.5. B .  UMAP  visualization  of  re-clustered mesenchymal  cells  from  all  merged  datasets. C .  RNA-velocity  analysis  across  mesenchymal  cell  clusters. D . Analysis of gene expression density for Shox2 (proximal marker), dmCherry-P2A-CRE, Hoxd13, and EYFP (distal marker) in mesenchyme cells. Note the EYFP expression in distal clusters, in contrast to Shox2 and dmCherry-CRE E . Distribution of cell proportions categorized by the different Shox2 transcriptional phases: initiation (Shox2+, dmCherry-P2A-CRE +/-, EYFP-), maintaining (Shox2+, dmCherry-P2A-CRE +/-, EYFP+), decommissioned (Shox2-, dmCherry-P2A-CRE-,  EYFP+),  inactive  (Shox2-,  dmCherry-P2A-CRE-,  EYFP-)  or  other  cells  (when  where  not included in any of the previously mentioned class) across mesenchymal clusters. Clusters are ordered according to their distal and proximal identity and to developmental time, with the limb progenitor cluster highlighted by a star. F . UMAP representing different Shox2 cell phases: inactive (black), initiation (light blue), maintaining (red), decommissioned (yellow) and other (grey). G . Visualization of Shox2 RNA-velocity: light blue signifies a higher fraction of immature transcripts (immat.), whereas red indicates a higher fraction of mature transcripts.;;1;;1;;;Plot+Diagram
133;10.1101_2025.05.06.652397.json;"Figure 3: (a) Volcano plot depicting the 946 genes differentially expressed (nominal P values<0.05) between no RRS + paw incision ( n = 4) and RRS + paw incision ( n = 4) groups. (b) Top biological processes in the Gene Ontology pathway enrichment analyses of differentially expressed genes. (c) Gene set enrichment analysis (GSEA) significantly enriched gene  set, p value  =  0.005.  (d)  Upregulation  of  NLRP3  inflammasome  pathway-related genes (brcc3dc , P = 0.094; nlrp3 , P = 0.071; usp50 , P = 0.163; = 0.027.  Z-scores  were  calculated";;1;;;;;Plot
134;10.1101_2025.03.07.642120.json;Figure 12: Process for constructing a divalent immunogen  targeting a particular bnAb:  1) identify target bnAb and model binding of 2 antigens to both fabs of bnAb target, 2) identify protein scaffold that will fix the position of the two antigens for divalent binding by the target bnAb, 3) rigidify the divalent immunogen  to reduce/prevent  rotational and translational freedom.;;;;1;;;Diagram
135;10.1101_2025.02.28.640818.json;Figure 1: Overview of the different steps in the sedimix workflow.;;;;1;;;Diagram
137;10.1101_2025.08.21.671520.json;"Fig.  2. Persister  cells  have  variable  antioxidant  deficiencies  and  depend  on  FSP1  to  survive  GPX4 685 inhibition. ( A ) Parental and persister cells analyzed for NRF2, KEAP1, and system x c -components SLC7A11 686 and SLC3A2 expression. ( B and C ) A375 and PC9 parental and persister cells analyzed for reduced GSH or total 687 GSH (GSSG) levels. ( D ) Protein expression of ferroptosis suppressor genes in parental and persister cells. ( E ) 688 FSP1 mRNA expression in PC9 parental and persister cells treated with and without RSL3. P values calculated 689 with the Wilcoxon Rank Sum test with Bonferroni correction. ( F and G ) PC9 and A375 parental and persister 690 cells treated with and without 5 µ M FSP1 inhibitor. ( H and I ) PC9 and A375 persister cells co-treated with 1 µ M 691 FSP1 inhibitor, 50 nM RSL3, or both for 24 hours. ( B , C , F to I ) n = 3 biological replicates; mean ± s.d. is shown; 692";;1;;;;;Plot
138;10.1101_2025.10.27.684615.json;"Fig. 5. Simplified 3D diagram showing sequential stages of bifurcating growth across three node generations in a plate exhibiting D-TPMS . Node and branch thicknesses and lengths are not representative, as explained in Fig. 4; colors follow those of Fig. 4. Stage 1. The upper nodes in two parallel rows (A-C, A'-C') are connected to two bottom nodes in the same row. Here, six rows are illustrated: four lower (marked by arrows), and two higher, perpendicular to them (containing nodes A-C and A'-C'). Stage 2. Two side branches emerge from two oldest upper nodes (A, A'), forming a straight top ridge perpendicular to the row. Stage 3. Branches extend and, while growing, incline slightly toward adjacent nodes, while at the same time the subsequent upper nodes start stage 1. Stage 4. At least one branch connects with that of a neighboring node, forming an arch-shaped skeletal bridge. Stage 5. A new node";;;;1;;;Diagram
139;10.1101_2025.05.07.652702.json;Figure 7. Human component clustering and temporal relationships. (A) Hierarchical clustering dendrogram of the 14 functional human components using squared Euclidean distance and Ward's linkage. Clusters include primary  visual  (red),  sensorimotor-executive-insular  (gold),  multisensory  (green),  and  functionally  distinct components (light blue, dark blue,  purple).  (B)  Within-species  correlation  matrix  showing  pairwise  temporal correlations  (Pearson's  r)  between  component  timecourses.  Components  are  ordered  based  on  the  sequence specified  by  the  hierarchical  clustering  tree.  Sensorimotor  and  audiovisual  networks  show  high  internal correlation, while the language, executive-2, and DMN components are temporally distinct from other clusters. Clusters identified through hierarchical clustering are highlighted on the matrices with colored squares, following the same color scheme presented in panel A. Red shades indicate positive correlations, while blue shades represent negative correlations. Only correlations with an absolute r value greater than 0.10 are displayed.;;1;;1;;;Plot+Diagram
140;10.1101_2025.07.14.664713.json;Figure S1. Transmission maps for four-layer systems. a-c), Simulated transmission maps for four-layer stacks comprising a polymer substrate and insulation of the same thickness (100 µm TPU, PDMS, or 5 µm ParC). d-f), Simulated transmission maps for four-layer stacks comprising a polymer substrate and insulation of the same thickness simultaneously keeping the overall polymer thickness comparable (50 µm TPU, PDMS, or 2 . 5 µm ParC). g-i) Transmission maps for four-layer systems incorporating a thin insulation layer (100 µm TPU, PDMS, or 5 µm ParC substrate and 25 µm TPU, PDMS, or 1 . 5 µm ParC insulation). Solid contours indicate 0.9 transmission, and dashed contours indicate 0.5 transmission. Dashed red contours indicate the transmission threshold of the corresponding three-layer configurations, for direct comparison.;;1;;1;;;Plot+Diagram
141;10.1101_2025.06.13.659272.json;Fig 5(a-l): Isolation and characterisation of TNBC stem-like cells by FACS.  Phase contrast imaging of TNBC cells and TNBC Stem-like cells  (a-d).  CSCs are observed as spheroids  in culture  (b,d).  Flow cytometric analysis of TNBC cells using DCV based side-population assay (e-h). FACS analysis using marker-based selection methods expressing markers CD133 /i2 , CD44 /i2 , and CD24 /i2 (i-l) nd lls rs;;;1;;;;Photo
142;10.1101_2024.07.01.601472.json;Fig.3 Processing the serial bulk RNA-seq data and the Stereo-seq data. a , Schematic representation of the workflow for generating the serial bulk RNA-seq data of zebrafish embryos. b ,  Cresyl  violet staining of the cryosectioned slices. Each slice is 20 µm thick. The regions stained by cresyl violet correspond to cells. c ,  ISH  images showing the expression patterns of midline genes, gsc , lft1 and tbxta , from dorsal view. d , f , Expression plot showing the expression patterns of midline genes along left-right axis in the Stereo-seq data (d) and the bulk RNA-seq data (f). e ,  Diagram illustrating the midline of the Stereo-seq data tilted towards the left. g , The adjusted Stereo-seq slices. Poor-quality and severely damaged slices were discarded. Each spot is labelled with cell type annotations. h , 3D construction of the Stereo-seq slices. i , Correlation heatmap between the bulk RNA-seq data and the re-segmented  Stereo-seq  slices.  The  colour  bar  represents  the  Pearson  correlation  coefficient. j ,;;1;;1;;;Plot+Diagram
143;10.1101_2023.04.04.535507.json;Figure 8. Proposed model of how RSV NP-LssaCA-OsTLP tripartite interaction leads to callose degradation to promote RSV infection of plants.;;;;1;;;Diagram
144;10.1101_2025.07.29.667383.json;Figure 6. Identification of active PROTACs for AURKA: (A) HiBiT lytic assay-based screening data for AURKA at 50 nM, 200 nM and 1 µM PROTAC concentration after 6 hours incubation  time. The clusters of CRBN and VHL containing PROTACs are labeled beneath the heatmap. (B) Screening hits sorted according to degradation efficacy using HiBiT lytic assay data measured at a PROTAC concentration of 50 nM. The data showed good reproducibility of screens carried out at 1 µM and 50 nM PROTAC concentration and identified eight PROTACs with more than 60% POI degradation at 50 nM. (C) Chemical structures of the PROTACs A16 + X7 and A13 + X30 that induce efficient degradation of AURKA (Dmax > 60%) at a PROTAC concentration of 50 nM. (D) HiBiT-lytic assay-based screening data for AURKA of crude reaction mixtures of CRBN ligand-bearing PROTACs at a PROTAC concentration of 50 nM after 6 h treatment. The data is sorted;;1;;1;;;Plot+Diagram
145;10.1101_2025.03.23.644588.json;Figure 7: Visualization of pial vessels near the transverse temporal gyri, buried within the lateral sulcus. (A) Segmented gray matter. (B, C) 'Cut-out' view of the temporal lobe after removing the parietal lobe, providing a clearer bird's-eye perspective of Heschl's gyrus. (D, E, F) Detailed visualization of the leptomeningeal and pial angioarchitecture within 1.5 mm of the nearest temporal cortex gray matter. The middle cerebral artery, colored in red, is classified by tracing its branches towards the brainstem. Examples of central and peripheral pial veins are highlighted with arrows in F. This visualization is inspired by Duvernoy and Vannson (1999), Figure 239. See Supplementary Figure 3 for alternative viewing angles.;;;1;;;;Photo
146;10.1101_2025.08.11.669771.json;Figure 2. Binding modes for reference ligands plus daclatasvir. a) 3D structure of the complexes, showing  two  PD-L1  monomers,  in  surface  representation,  and  the  ligands  in  licorice.  The  insets highlight the biphenyl core and the orientations of the polar chains for each ligand. b) Intermolecular interactions  for  each  ligand.  Residues  involved  in  hydrophobic  interactions  are  shown  in  green. Stacking interactions, salt bridges, and hydrogen bonds are represented by dotted lines in yellow, red, and blue, respectively.;;;;1;;;Diagram
148;10.1101_2025.02.16.637469.json;"Fig.  7  |  Transcranial  Alternating  Current  Stimulation  (tACS)  modulation  of  perceptual  sensitivity  in Experiment  3.  a, tACS  modulation  of  body  ownership  sensitivity. b ,  tACS  modulation  of  visuotactile simultaneity sensitivity. Shaded regions represent the 95% confidence intervals. Asterisks indicate significant differences  between  the  three  stimulation  conditions  (green:  low  alpha;  purple:  high  alpha;  orange  sham). Specifically, both the high-alpha and low-alpha tACS conditions differed significantly from the sham condition in the hypothesized direction; i.e., lowering the alpha frequency reduced both body ownership and simultaneity sensitivities, whereas increasing the alpha frequency enhanced both sensitivities.";;1;;;;;Plot
149;10.1101_2025.02.13.638127.json;"Figure S1. Isotope ratio mass spectrometry-based measurements of 13 C-urea carbon incorporation into the protein fractions of (A) cecum content, (B) liver and (C) quadriceps muscle.  13 Curea carbon incorporation into 'total' cecum content is also shown (D), which is an analyses run on the total cecal content milieu, not just the protein fraction. Cecal content panels (A, D) lack microbiota-depleted data because ABX-treated animals had insufficient content for analyses. Asterisks indicate a significant effect of season (Season) or gut microbiota presence/absence (ABX), where ** indicates P<0.01 and *** indicates P<0.001. n = 5 for all data except for cecum content (A, D; n=1, pooled samples).";;1;;;;;Plot
150;10.1101_2023.09.13.557676.json;"Fig 4. Evaluation of the model by the machine learning model with blood pressure. (A and B) Visualization of dependency of pruning possibility on pressure, vessel radius and WSS index. The blue and red scattered circles showed unpruned and pruned pixels from experimental data (A) and prediction of the pretrained network (B) . The iso-surfaces illustrated the pruning possibility (pp) = 0.05(red), 0.06(green), 0.07(magenta) and 0.08(cyan) that predicted from pre-trained network. p* and R* indicated the scaled pressure and radius. α * referred to the scaled WSS index. (C) The variation of predicted pruning possibility by correlation (pp _$%&&'()*+%, ) with the pruning possibility by machine learning algorithm (pp _""# ) . (D) The contribution of the vessel radius to the pruning probability, i.e., 0.231R ∗. -0.2946R ∗/ -0.016R ∗ appearing in Eq. (1), as a function of the dimensionless vessel radius R ∗ .";;1;;;;;Plot
151;10.1101_2024.12.28.630610.json;Figure 3: Cancer cell growth under the cooperation sensitive (A-D) and resistant (E-G) cases with four treatments combining Adaptive Therapy (AT) or Maximum Tolerable Dose (MTD) with and without migrastatics. (A) & (E) Reduced metastases and persistence of sensitive cells with AT (A) . (B) & (F) Migrastatics do not inhibit overall growth. (F) AT fails with fully resistant tumors. (C) & (G) Delayed and reduced metastases, especially with AT. (D) & (H) Smaller, delayed metastases with migrastatics. (C) , (D) , (G) and (H) averaged over 50 runs.;;1;;;;;Plot
152;10.1101_2025.04.21.649774.json;"Figure 3. Adipogenic proteins in the secretome of NW-MSCs and OB-MSCs during adipogenesis. A. Abundance of adipogenic proteins in the secretome of NW-MSCs and OB-MSCs for day 0, 5 and 21 of adipogenesis. B-G. Lipid localization proteins. FABP5, fatty acid binding protein 5; PLIN3, perilipin 3; CAV1, caveolin 1, ANGPTL3, angiopoietin like protein 3; GOT2, Glutamic-oxaloacetic transaminase; SLC2A1, soluble carrier family 2 member 1; PPARD, peroxisome proliferator-activator receptor delta. Two-way ANOVA: Effect of day of differentiation on FABP5, CAV1 and SLC2A1 (p=0.001, 0.0001 and 0.04,  respectively).  Effect  of  obesity  on  FABP5,  SLC2A1  and  PPARD  (p=0.01,  0.0004  and  0.0006, respectively). H-I. Fatty acid synthesis proteins. FASN, fatty acid synthase; ACSL1, acyl-COA synthase long chain 1. Two-way ANOVA: Effect of day of differentiation on ACSL1 (p=0.0001). Effect of obesity on  ACSL1  (p=0.003).  Tukey's  range  post  testing:  *p<0.05  (NW-MSCs  versus  OB-MSCs);  **p<0.01 (NW-MSCs  versus  OB-MSCs);  ##p<0.01  (day  5  versus  day  0);  ###p<0.001  (day  5  versus  day  0); $p<0.05 (day 21 versus day 0); $$p<0.01 (day 21 versus day 0); $$$p<0.001 (day 21 versus day 0).";;1;;;;;Plot
153;10.1101_2025.01.02.631135.json;Supplementary Figure 6. NMF factors can also extract patterns of biological intracellular variation.;;1;;;;;Plot
154;10.1101_2025.10.06.680657.json;"Figure 3: Comparison of AMR results for vimentin (red) and actin (blue) networks during the extension phase. (a, b) Force-displacement curves at different velocities (protocol 2), see legend for color code) for vimentin and actin, respectively. Each curve represents the average of ten individual curves. (c) Curvatures K of the force data shown in Fig. 2 and SM, Fig. S3 during the first second of the extension phase (protocol 1) plotted against the maximum displacement s max (bottom axis) and velocity ˙ s (top axis). The box plots show the quartiles and median. (d) Analysis of the actin data (protocol 2); the heat map shows the fraction of yield events at different maximum displacements and velocities; 0 (green) indicates no yield events (0), 1 (blue) indicates detected yield events in all cases (SM, Sec. IIBb)";;1;;;;;Plot
156;10.1101_2025.08.28.672672.json;Figure 5. RSSC diversity and distribution by host (;;1;;1;;;Plot+Diagram
157;10.1101_2025.04.01.646591.json;Figure S8. Representative molecules for labelled polymerases during DNA replication.;;1;;;;;Plot
158;10.1101_2025.06.24.661367.json;Figure S1: Mesenchymal stromal cells have the highest expression of Slc6a6.;;1;;;;;Plot
159;10.1101_2025.03.14.643101.json;Figure 5. Stabilization of multiple HLA alleles using the SMART system A) SEC traces of empty HLA alleles fused to SMART stabilizer. Expected monomer range for the S75 column on the HPLC is 2.1-2.4 minutes. B)   Plot of SMART HLA expression statistics showing total area under the SEC curve versus the fraction of the sample that is monomeric. C) Heatmap of native and SMART HLA soluble expression levels with (+) and without (-) a linked peptide expressed in vitro . Soluble protein (µM) was quantified using radioactive 14 C-leucine incorporation. Average of three replicates (n = 3) is shown for each construct.;;1;;;;;Plot
161;10.1101_2024.12.28.630610.json;Figure 2: Cancer cell growth under the cooperation sensitive (A-D) and resistant (E-G) cases with four treatments combining Adaptive Therapy (AT) or Maximum Tolerable Dose (MTD) with and without migrastatics. (A) & (E) Reduced metastases and persistence of sensitive cells with AT (A) . (B) & (F) Migrastatics do not inhibit overall growth. (F) AT fails with tumors becoming fully resistant. (C) & (G) Delayed and reduced metastases, especially with AT. (D) & (H) Smaller, delayed metastases with migrastatics. (C) , (D) , (G) and (H) averaged over 50 runs.;;1;;;;;Plot
162;10.1101_2025.02.06.636927.json;"Figure 4: Crystal structure of the Gab1 617 -684 fragment in complex with SHP2 1 -222 [43] determined by 3D -ED/MicroED. SHP2 is depicted in cartoon representation (dark grey) with a light grey surface; ordered parts of the Gab1 peptide are shown as yellow sticks with corresponding 2Fo -Fc density (contoured at 1.5 σ , blue mesh).";;;;1;;;Diagram
164;10.1101_2025.09.08.674817.json;"Figure 3. HRSEM analysis of cell-surface interactions on 3D-printed implants. (A-C) MG63 osteoblast-like  cells  cultured  for  48  hours  on  the  inert  titanium  implant.  Sequentially  higher magnification reveals the interface between the smooth titanium surface and adherent cells, with a clear distinction between cellular and substrate structures. (D-F) MG63 cells cultured on the FmocFF/HA  lyophilized  scaffold-incorporated  implant.  (G-I)  MG63  cells  cultured  on  the FmocFF/HA  Hydrogel-incorporated  Implant. At  high  magnifications,  the  bioactive  scaffolds exhibit a nano-fibrillar architecture resembling native ECM, closely integrated with the attached cells. Scale bars: (A, D, G) 20 µm; (B, E, H) 10 µm; (C, F, I) 1 µm.";;;1;;;;Photo
165;10.1101_2025.05.03.651968.json;Figure 11: Parcellated uncompensated and folding-compensated cortical thickness for the HCA cohort. Group areal mean (A) and group mean areal standard deviation (B) are shown.;;;1;;;;Photo
166;10.1101_2025.08.26.672515.json;S2 Fig. Gram staining of L. plantarum co-cultures (1000x). (A) L. plantarum strain after  being  co-cultured  with E.  coli 1×10⁸ in TSB medium and (B) L.  plantarum;;;;1;;;Diagram
167;10.1101_2025.06.02.657414.json;Fig. 1 | The bik1-1 mutant but not bik1-2 nor bik1-3 shows growth arrest and autoimmunity.;;1;1;1;;;Plot+Diagram+Photo
168;10.1101_2025.07.14.664667.json;Figure 1. Habitus, overview statistics and chromosomal karyotype. (A) Habitus of Osmia cornuta , depicting both a female (left) as well as a male (right) individual (image copyright: www.apidarium.de). (B) Assembly and annotation summary statistics, classified into size-related, assembly structure-related, and annotation-related  metrics. (C) A chromosomal karyotype that depicts for each of the 16 chromosomes regions of increased or reduced gene- and repeat-density. In addition, the presence and location of some;;1;1;;;;Plot+Photo
169;10.1101_2025.01.17.633623.json;"Figure 2: The hepatocyte clock controls a subset of transcriptional rhythms in skeletal muscle. A. dryR analysis on gastrocnemius muscle harvested from hepatocyte specific Bmal1-KO mice (Bmal1 hep-/; see also Figure 1A). B. Phase-aligned heatmaps of genes in specified dryR classes (BICW >0.6, amp<0.25). C. Phase plots for each category D. Gene ontology analysis E. Example genes F. candidate TFs (TRRUST Transcription Factors 2019). Motif images from https://jaspar.elixir.no/.";;1;;1;;;Plot+Diagram
170;10.1101_2025.03.23.644588.json;Figure 8: Middle gray matter surface (mid-thickness) displaying '1/T2 * -weighted' contrast in vivo. (A, C) Lateral and medial cortical surfaces. (B, D) Inflated versions to better reveal vascular patterns within sulci. Mesoscopic intracortical veins appear as bright dots. Inferior brain regions affected by magnetic field susceptibility artifacts, where tissue segmentation becomes unreliable, are indicated.;;;1;;;;Photo
174;10.1101_2024.12.04.626811.json;Figure 3. Healthcare professionals' tendency towards gut microbiota analysis (number of responses for each question in order of appearance n = 154, n = 154 n = 95 n = 107).;;;;1;;;Diagram
175;10.1101_2024.10.30.620813.json;Figure  5.  Proposed  integration  of  Selenoprofiles  in  gene  annotation  pipelines. While existing pipelines differ in their structure, all follow the same principle in that various information layers  are  ultimately  combined  into  gene  structures.  We  propose  to  integrate  Sec  codons predicted by Selenoprofiles as high-scored layer to correct selenoprotein annotation.;;;;1;;;Diagram
176;10.1101_2025.03.18.643876.json;Figure 5 . ( A ) UpSet plot illustrating the intersection of the top 20 bacterial genera (based on  average  abundance)  detected  in  endometrial  brush  and  endometrial  tissue  biopsy samples  using  16S  rRNA  gene  sequencing  (DNA-based)  and  meta-transcriptomics (RNA-based). The bar plot represents the intersection size, indicating the numbers of unique and shared genera across different detection methods. Dots in the matrix represent groups included in the intersection. ( B ) Presence-absence matrix displaying the bacterial genera identified by each method, with dots indicating detection in biopsy DNA (blue), biopsy RNA (red), brush DNA (yellow), and brush RNA (purple).;;1;;;;;Plot
177;10.1101_2024.08.22.609246.json;"Fig. 4: Functional clustering in the network. Network-wide assortative clustering measured with assortativity coefficient. ( A and C ) Network color scheme and assortativity calculations based on subcellular localization. ( B and D ) Network color scheme and assortativity calculations based on a network of proteostasis genes predicted through a combination of genome-wide coexpression analyses and a manually curated set of peptidase and peptidase-interacting proteins (Majsec et al., 2017; Fig. 4). Purple nodes are predicted members of the Majsec et al., network and blue nodes are all other genes. Assortativity coefficient was calculated using the R igraph package. Null distributions were obtained from 1000 replicates in which node attributes were randomized across the network.";;1;;1;;;Plot+Diagram
178;10.1101_2025.04.13.648583.json;Fig.5. In Vitro Antibacterial Activity of Nano capsules;;;1;;;;Photo
179;10.1101_2025.09.25.678545.json;Figure 1: ( a ) Schematic representation of the BindFlow workflow and ( b ) the systems used in this study for validating ABFE calculations.;;;;1;;;Diagram
180;10.1101_2025.09.24.678327.json;Fig.  4:  Genomic  distribution  and  developmental  expression  of  effector  and  horizontally transferred (HGT) genes in Pratylenchus vulnus . A. Chromosomal distribution of putative effector genes (heatmap) and horizontally transferred genes (green dots) across the six P.  vulnus chromosomes. Effector gene density is shown as a heatmap (0-15 per window), while HGT-derived gene positions are marked as individual points. B . Heatmap showing expression (Z-score normalized TPM) of putative effector genes across developmental stages. C . Heatmap of expression patterns for HGT-derived genes across the same developmental stages.;;1;;;;;Plot
183;10.1101_2024.12.05.627005.json;"FIG. 8. The dependence of the inference bias on population size. The difference between inferred and underlying values of the relative rate of death q and the number of mutations per birth µ is shown for populations of different sizes. The symbols (blue squares for q and orange balls for µ ) show the differences between inferred and underlying values averaged over 100 runs; error bars show the corresponding standard deviation. The inference is based on maximizing the likelihood (5), the underlying parameters were q = 3 / 4, µ = 1 at full sampling ( ρ = 1). For visibility, the symbols indicating the results for the mutation parameter µ are shifted a little to the right. As expected, the bias of the estimates decreases with the population size N , until reaching a plateau for populations of size N = 400 and larger.";;1;;;;;Plot
185;10.1101_2025.09.09.675153.json;Figure 3. In vitro validation of secreted monomeric and secreted multimeric mSb-encoding mRNA LNP vaccines.;;1;;;;;Plot
188;10.1101_2025.06.02.657353.json;Fig 4. In vitro validation of RDV's inhibitory efficacy against mSADS-CoV and SADS-CoV.;;1;1;;;;Plot+Photo
189;10.1101_2025.10.10.681551.json;Figure 3. Left: G ( ℓ 1 , 2, 1, 1 ) and right G ( ℓ 1 , 3, 1, 1 ) . Horizontal axis is 1 ≤ ℓ 1 ≤ 10 from left to right.;;1;;;;;Plot
190;10.1101_2025.06.25.661481.json;"Figure 6. DEG-77 fails to degrade SACK1G/FAM83G I206A and Y204A mutants (A&B) Wild type DLD1 cells were subjected to treatment with (A) the indicated concentrations of DEG-77 for 24 h and (B) 100 nM DEG-77 for the indicated times prior to lysis. Extracts (20 µ g protein) were  subjected  to  SDS-PAGE  and  samples  transferred  to  PVDF  membrane,  which  was subjected to immunoblotting using the indicated antibodies; (C) Wild type (WT) SACK1G-GFP or the indicated mutants of SACK1G-GFP were stably expressed in SACK1G -/-DLD1 cells using";;;1;;;;Photo
191;10.1101_2025.03.14.643370.json;Figure 2: dIL families represent temporal cohorts.;;1;1;1;;;Plot+Diagram+Photo
192;10.1101_2025.10.13.682215.json;"Figure 6. Studies  of  the  directionality  of  energy  transfer  within CPC capitalizing on the free cysteines left in this expression system. (a) A  methylene  blue-based  quencher  was  covalently  attached via maleimide chemistry to the unmodified cysteines in the CPC minimal sets to examine the positional effects on the extent of  exciton  quenching. (b) From  docking  experiments,  these quenchers  occupy  the  same  binding  site  as  the  PCB  chromophores,  resulting  in  similar  alignments  of  their  transition  dipole moments. (c) The extent of quenching can be measured at various positions  within  the  CPC  assembly  to  determine  the  directional flow  of  energy  transfer  across  the  complex. (d) Time-resolved emission measurements were used to measure dynamic quenching processes.  The  faster  rate  of  exciton  transfer  to  quencher  sites compared  to  fluorescence  rates  led  to  decreased  fluorescence lifetimes  of  some  CPC  complexes. (e) The  amplitude-weighted average lifetimes for each sample's exponential decay were compared with and without the presence of the conjugated quencher. The errors given are those obtained from the variations between several independent preparations. The statistical errors of the decay analysis are smaller than these values. Samples that showed statistical  significance  (from  an  unpaired  1-tailed t -test)  in  fluorescence lifetime decreases are highlighted with asterisks; differences in other measurements were not statistically significant.";;1;;1;;;Plot+Diagram
194;10.1101_2025.06.20.660682.json;Figure 4. Mathematical model of RNA levels across FLC intron 1 predicts reduced productive  transcription  initiation  and  increased  intron  processing  rate  for FLC sense  transcription  in  the  cold. (A) Schematic  representation  of  intron  lariat  and nascent  RNA  contribution  to  RNA  levels  across  intron  1,  and  their  relationship  to productive transcription initiation, intron processing rate and lariat degradation rate. Top: schematic  representation  of  lariat  RNA  profile:  lariat  turnover  products  generate  a characteristic slope determined by the initiation rate F and 5'-3' lariat turnover rate k d . Bottom: schematic representation of nascent RNA profile across intron 1 of FLC .  The slope along the intron reflects the PolII density or a ratio of the initiation rate F to the PolII elongation speed ν . Signal level at the intron acceptor site IA corresponds to the ratio of the initiation rate to the intron processing rate k s . Model equations for the nascent and lariat RNA contributions are shown. From these we obtain model equations for the total and  chromatin-bound  RNA  fractions  by  assuming  that  all  of  the  lariat  component;;1;;;;;Plot
195;10.1101_2025.08.01.668053.json;"Fig.10 : Bacterial growth curve in NYCIII medium of E . coli (ATCC 25922) in single-well configuration. (A) and E. faecalis (ATCC 29212). Optical density at 600 nm (OD600) is shown on the y-axis; time (hours) on the x-axis. Lines represent mean values and shading standard error of the mean . The orange-colored line in panel A represents individual E . coli cultures whereas the light blue line in panel B represents individual E . faecalis cultures. The dark red line in panel A represents E . coli co-cultured with E. faecalis in opposing duet wells whereas the dark blue line in panel B represents E . faecalis co-cultured with E. coli in opposing duet wells.";;1;;;;;Plot
196;10.1101_2025.03.21.644484.json;Figure 1 . Gene selection strategy. A . Side-chain flipping of N138 to mediate binding of adenine (PDB ID 6AN9) and guanine (PDB ID 6ANH) 19 . The primary polar interactions with adenine involve R117, H118, and N138, which form a network of hydrogen bonds with each other, the base, and two water molecules 19,32 . The hydrogen bonding network upon binding guanine is unclear, as the lower resolution of the crystal structure complicates the interpretation of absent waters. B . Class III PPK2 gene tree (left) and a zoom-in on the major N138 clade (right). Genes selected for experimental characterization, as well as the previously characterized CHU enzyme, are indicated. C . Multiple sequence alignment (CHU numbering) of selected;;;;1;;;Diagram
197;10.1101_2025.05.03.651968.json;Figure 17: Relationships among folding-compensated and uncompensated cortical thickness, myelin, their spatial gradients, and areal borders in the central sulcus of group average HCP-YA data  for  the  MSMAll  n=1071  group.  (A)  shows  the  parcellated  folding-compensated  cortical thickness with areal borders for areas 4, 3a, and 3b depicted in red. Areal borders corresponding to transitions between areas are labeled as follows: anterior border of area 4 (string a ),  4-3a (string b ), 3a-3b (string c ), and the posterior boundary of area 3b (string d ). (B), (C), (E), and (G) show mean curvature, uncompensated cortical thickness, folding-compensated cortical thickness, and myelin group-average flat maps of the left hemisphere, respectively. (D), (F), and (H) depict the spatial gradient maps of uncompensated cortical thickness, compensated cortical thickness, and myelin respectively. (MR: Multiple Regression, M: Medial, L: Lateral, A: Anterior, P: Posterior);;;1;;;;Photo
199;10.1101_2024.10.29.620954.json;Fig 1 - The number of pathways within each hierarchy level.;;1;;;;;Plot
200;10.1101_2025.05.06.652397.json;"Figure 5: The effect of intrathecal administration of MCC950 and IL-1Ra on (a&c) pain-related aversion (PEAP; day 2 (**P<0.01 ***P<0.001) and (b&d) paw withdrawal thresholds (von frey; Day  5)  following  paw  incision  surgery. ++ p <0.01, +++ p <0.001  No  RRS  +  veh  vs  RRS  +  veh, ## p <0.01,  ### p <0.001 no RRS + IL-1Ra/MCC950 vs RRS + IL-1Ra/MCC950, * p <0.05, ** p <0.01 RRS + veh vs RRS + IL-1Ra. n=6-8 per group.";;1;;;;;Plot
201;10.1101_2025.03.03.641144.json;Figure S2. Sequence characteristics of m ⁶ A sites. (A) Shown is a sequence motif of m ⁶ A sites having low scores (0.3 - 0.5) and lacking a +1 C. The presence of a stretch of Us is observed as well as preference for a -1 G. (B) Shown is a sequence motif of m ⁶ A sites having low scores (0.3  -  0.5)  and  lacking  a  +1  U.  There  are  no  strong  sequence  preference  for  particular nucleotides other than a +1 C. (C) Metagene analysis of sites having either a +1 C (top) or +1 U (bottom)  show  a  similar distribution across the gene, indicating that the sites are installed similarly,  despite  the  incompatibility of the +1 U with the known m ⁶ A installation consensus DRACH.  (D-F)  A  rare  example  of  an  m ⁶ A  site  located  at  a  sequence  position  that  differs between alleles is shown. (D) The site (left, red arrow) is methylated in the allele with the AC sequence, whereas the other allele, which contains a +1 G, is refractory to m ⁶ A installation and  remains  unmethylated.  The  m ⁶ A  site  score  (right)  indicates  methylation  in  the  allele containing  a  +1  C.  (E)  The  expression  levels  of  both  alleles  were  nearly  identical,  as determined by counting reads covering the sequence difference and distinguishing between;;1;;;;;Plot
202;10.1101_2025.05.06.652397.json;"Figure 6: The effect of chronic administration of glucocorticoid antagonist RU486 (21 days) on (a)  immobility  in  the  FST  (* p <  0.05),  (b)  pain-related  aversion  (PEAP  Day  2  post  surgery; **P<0.01) (c) time in the centre zone of the OFT (Day 4 post surgery, **P<0.01), (d) paw withdrawal threshold (von Frey) and (e) paw withdrawal latency (Hargreaves test). ++ p <0.01, +++ p <0.001 no RRS + paw incision + veh vs RRS + paw incision + veh, * p < 0.05, ** p < 0.01, *** p < 0.001 no RRS + paw incision + RU486 vs RRS + paw incision + RU486. n= 5-6 per group.";;1;;;;;Plot
203;10.1101_2025.04.10.648182.json;Figure  6 -Expected effect of source diameter and airflow on delivered concentrations.  ( A )  Theoretical  relationship  between  source  diameter  (d)  and airflow through the odor vial (Qs) and the mass transfer coefficient from interface to headspace (kh), as predicted by equation (12). The point corresponding to the experimental source diameter and flowrate is indicated by a square. ( B ) Effect of source  diameter  (d)  on  the  expected  relationship  between  Khl  and  Yh,psr,  as predicted by equations (11), (12) and (14). Computed for Qs = 200 mL.min -1 , k l = 10 7 , and d varying between 10 and 300 mm (headspace volumes varying between 0.8 mL and 21 L). ( C ) Effect of source airflow Qs on the expected relationship between Khl and Yh,psr, as predicted by equations (11), (12) and (14). Computed for source diameter d = 1.32 cm, kl = 10 -7 and Qs varying between 10 mL min -1 and 5 L min -1 . Points and curves are color-coded by Log10 of kh value.;;1;;;;;Plot
204;10.1101_2025.08.22.671799.json;"Figure S6. Antibody heavy and light sequence identity score to a set of human antibodies from naive B-cells. The 130 full-length human antibody sequences in Pox-AbDab (blue) and 130 randomly selected human antibody sequences from CoV-AbDab (purple) were compared against all human B cell receptor sequences from OAS using the ""OAS-aligned"" dataset provided with KA-Search (1.9Bn heavy chains from 69 studies, 350.5M light chains from 38 studies). The highest sequence identity observed was recorded. P-values of the Mann-Whitney U test are indicated on the x-axis.";;1;;;;;Plot
205;10.1101_2025.05.09.653141.json;Figure 10: ARAFs support the complex shape of 1° cells. (A) 3-D rendering of the cone;;;;1;;;Diagram
208;10.1101_2025.05.06.652445.json;"Figure 5. Histology quality of the sections regarding staining intensity and gray to white matter (GMWM)  contrast. Left graphs show the impact of the fixative (NBF=Neutral-buffered formalin; SSS=Saturated-salt solution; AFS=Alcohol-formaldehyde solution) on the staining intensity (top) and GMWM contrast (bottom). Right graphs show the impact of the staining type (IHC=Immunohistochemistry; AR=Antigen retrieval; HC= Histochemistry) on the staining intensity (top) and GM-WM contrast (bottom). ¯ p<0.05 before Bonferroni correction; *p<0.005; **p<0.001; ***p<0.0001.";;1;;;;;Plot
209;10.1101_2024.11.03.621732.json;"Figure 5. Maps of predicted foliar traits as an example of variation of four different foliar traits along  an  environmental  gradient  linked  to  topographic  wetness (LMA,  leaf  mass  per  area; cellulose; Chl a , chlorophyll a and nitrogen). The black polygon represents the location of a forested peatland (Canards Illimités Canada, 2023). TWI : Topographic Wetness Index (Ministère des ressources naturelles et des forêts, 2024). The index increases with the capacity of the land to retain humidity (Ministère des Forêts, de la Faune et des Parcs, 2020).";;;;1;;;Diagram
213;10.1101_2025.08.10.669515.json;Figure 2. Comparative analysis of chemotactic responses to C. elegans VSPs.;;1;;;;;Plot
215;10.1101_2025.05.06.652445.json;Figure 4. Overlap of the masks segmented to assess the amount of histology tissue colocalizing with MRI scans. A) Overlap of the MRI plane and block photo masks that was considered as the target for assessment of the histology sections that co-localized. B) Overlap of the histology (with the four labels) to the block photo masks that is overlapped with the MRI picture, which was assessed according to the two groups (fixatives and type of staining).;;;1;;;;Photo
216;10.1101_2025.05.06.652462.json;Figure 2: Relationship between T cell receptor diversity, repertoire size and clonal expansion. (A) Log D as a function of age with colored curves indicating median Log D in bins of Log S . Gray shading represents the central 90% of subjects. TCR diversity increases with repertoire size. (B) Same as in (A) but with color bars indicating median Log D as function of age in bins of P 1000 . TCR diversity decreases with increasing clonal expansion. (C) Relationship between repertoire size and P 1000 stratified by CMV exposure status. For CMV-positive subjects, there is a marginal anti-correlation between P 1000 and S (Spearman ρ = -0 . 04 , p = 7 × 10 -5 ). For CMV-negative subjects, the anti-correlation is significantly stronger (Spearman ρ = -0 . 25 , p = 1 × 10 -264 ). (D) Log D as a function of Log S with colored curves indicating median Log D in bins of P 1000 . The solid and dashed curves are for males and females, respectively. (E) Same as (D) but solid and dashed curves are for CMV-negative and CMV-positive subjects, respectively. (F) Same as in (D) but solid and dashed curves are subjects that are younger and older than the median age of the cohort (50 years), respectively. After accounting for repertoire size and clonal expansion, TCR diversity is independent of sex, CMV exposure status and age.;;1;;;;;Plot
217;10.1101_2024.12.23.630084.json;"Fig. 2 | Scaling of cortical network responses to novel, holographically triggered spikes in individual pyramidal neurons in awake mice. a Schematic view of activity windows to calculated auto- and crosscorrelations. b Holographically triggered TC spikes are novel, as  evidenced by their zero autocorrelation during ongoing activity. In contrast, autocorrelations remain high for other neuron categories, except NegR, due to spike failure during the response. c Ongoing TC spike fluctuations positively correlate with all neuron groups. However, evoked TC spikes selectively correlate positively with PosR, show no correlation with NonR, and correlate negatively with NegR. d Scaling for ongoing fluctuations in TC with respect to all other groups. Note limited range in spontaneous TC count fluctuations of <10 spikes/132 ms. e Robust scaling for novel spikes in TC with respect to PosR but not NonR or NegR. f Scaling of population spike count for each neuron category separately and combined ( black ). g Strong positive scaling for PosR remains even when significance level alpha is greatly reduced. Change in scaling exponent as a function of alpha per neuron ( avg; solid  lines )  and population  ( sum; dashed lines )  f or  each  group. h PosR  are  predominantly  located  within a 100 µm radius of the TC but also distribute throughout the network as alpha decreases. i Relative number of  neurons per category changes with alpha. Note that PosR and NegR make up the majority of the observed network at the lowest significance level at  which robust scaling is  still observed. j The Fano Factor (FF) remains unchanged for PosR and NonR despite significant scaling in PosR (α = 2.5%). Opaque bars : Mean spike count corrected FF (see Methods). k Population FF also shows no change across categories. Shaded areas (d - f) and error bars (b, c, j, k): SD. When comparing correlations (b, c) and FF (j), 1, 2 & 3 stars indicate p < 0.05, 10 -3  & 10 -6 , respectively, using Wilcoxon rank sum test.";;1;;;;;Plot
218;10.1101_2025.07.08.663108.json;Figure 2. CBCs serve as a major source of revSCs, and the two stem cell populations are mutually interconvertible.;;1;1;1;;;Plot+Diagram+Photo
219;10.1101_2025.07.07.663603.json;Figure 6. Genes and phenotypes associated with the top SNPs in 2R and X. (A) Phenotypic patterns of adult CT max associated with  the  top  SNPs  in  chromosomes  2R  (top)  and  X  (bottom)  in  the  DGRP.  The  x-axis  shows  lines  homozygous  for  either  the temperate or tropical alleles. Data from (47). (B) Gene models for all coding loci associated with our top SNP in 2R. (C-E) Levels of transcript expression (normalized read counts) for SK, VT, and F16 embryos, at 25°C (Control) or after a heat shock of 34°C. Genes associated with our top SNPs in 2R ( SP70 and Cpr57A ), and in X ( sog ) are shown. Note that RNAs of Obp57e , Obp57d , CG30148 , and BORCS7 were not expressed in our dataset. (F) SNPs in SP70 that are significant in the introgression FET analysis. The top seasonal and clinal SNP is indicated with a star. Feature annotations are also shown. (G) Same as F, but for sog . See Table S7 for feature annotations of regions in (F) and (G).;;1;;;;;Plot
220;10.1101_2025.11.12.687812.json;Figure 1 MMF administration decreases the guanosine nucleotides levels in the brain;;1;1;1;;;Plot+Diagram+Photo
221;10.1101_2025.03.23.644588.json;Supplementary Figure 3: Different perspectives of the whole brain (A-B), and zoomed-in, cutouts (D-F) for temporal lobe adjacent vessels of Figure 7 . Bright tubular structures are leptomeningeal and pial veins. The colored cerebral arteries are classified by tracing their branches towards the brainstem.;;;1;;;;Photo
223;10.1101_2024.03.29.585638.json;Fig. 4: Comparisons between cell shapes and migration patterns in simulations and experiments on HUVEC. (A, C) Experiments on migrating Human Umbilical Vein Endothelial Cells (HUVEC). (B,D) Simulations of migrating HUVEC. Hexagon side: 60 µ m. Inter-hexagon width: 20 µ m. (i) Dynamics of the total cell length and the arms' lengths. (ii) Snapshots of the cell, corresponding to gray dashed lines in (i). Key simulation parameters: ( β, d, σ, k ) = (7 . 0 , 3 . 6 , 2 . 0 , 0 . 8) in (B), and ( β, d, σ, k ) = (7 . 0 , 3 . 5 , 2 . 7 , 0 . 7) in (D). Other simulation parameters: c = 3 . 85 , D = 3 . 85 , f s = 5 , r = 5 , κ = 20 , δ = 250. (E) Distribution (probability density function, pdf) of T junc (left) and distribution of T n j junc (right) in the experiments, where the cells spans 1 or 2 junctions. A total of 9 cells across 5460.5 minutes were used to obtain these distributions. (F) Distribution of T junc (left) and distribution of T n j junc (right) from a long simulation with parameters of (B).;;1;;1;;;Plot+Diagram
224;10.1101_2024.12.11.627930.json;"Figure 1. Relationship between the number of male flowers and the number of flowers and fruits counted on the sub-sample of one of the three X-only populations (Population 5, with only XX individuals). Both variables are standardised by the dry biomass of the sub-sample. The dotted line shows the result of the standardised major axis regression (intercept = 1171, 95%CI [1088; 1255], slope = -9.26, 95%CI [-10.23; -8.38], R2 = 0.47). The colour of the points reflects the relative male allocation in terms of numbers (analogous to rMA for biomass), computed as the standardized number of male flowers divided by the sum of the number of male flowers with that of female flowers and fruits. The calibrated female trait was calculated as the negative of the female trait divided by the slope (Klinkhamer et al. 1997).";;1;;;;;Plot
225;10.1101_2025.05.06.652445.json;"Figure 6. Number of tags necessary to register the sections A) according to the fixative and B) according to  the  type  of  staining.  NBF=Neutral-buffered  formalin  SSS=Saturated-salt  solution;  AFS=Alcoholformaldehyde solution; IHC=Immunohistochemistry; AR=Antigen retrieval; HC=Histochemistry. **p<0.001; ***p<0.0001.";;1;;;;;Plot
226;10.1101_2025.07.14.664667.json;Figure 5. Effective population size is estimated to have declined since the Last Glacial Maximum. Line  plot  showing inferred demographic history of ten female O. cornuta sampled across Germany. The y-axis  represents effective population size, while the x-axis indicates time in years before present. Each individual is represented by a distinct colour, with faint lines illustrating the variation in effective population size  estimates  based  on  100  bootstrap  iterations.  Vertical  grey  lines  correspond  to  the  Last  Glacial Maximum (LGM) and Last Interglacial (LIG) period, respectively.;;1;;;;;Plot
227;10.1101_2025.05.09.652687.json;Figure 1. EIF4A2  exon  10B  is  representative  of  NMD-targeted  isoforms  accumulating during viral infections. (A) Widespread accumulation of NMD isoforms upon infection with Influenza A virus (IAV) and Vesicular Stomatitis Virus (VSV). A549 cells were infected for 12 h (IAV) or 24 h (VSV),  RNA  sequenced,  splicing  analyzed  using  MAJIQ  and  NMD  isoforms  determined  from  NMD datasets (see material and methods). (B) Schematic of the exon 10B splicing in EIF4A2. Conservation values across 100 vertebrates is shown underneath. (C) Impact of viral infection with prototypical -ssRNA viruses (Vesicular Stomatitis Virus (VSV), Rift Valley Fever Virus (RVFV), and Influenza A Virus (IAV)) and +ssRNA viruses (West Nile Virus (WNV), Zika virus (ZIKV), Chikungunya virus (CHIKV), and Mayaro virus (MAYV) on EIF4A2 exon 10B inclusion. A549  cells were infected at a MOI of 5,  RNA harvested at 24 h PI and subjected to radiolabelled RT-PCR for EIF4A2 exon 10B inclusion. (D) Impact of  VSV  and  UV-inactivated  VSV  on  EIF4A2  exon  10B  splicing.  (E)  EIF4A2  exon  10B  accumulates following  translation  inhibition.  A549  cells  were  treated  with  DMSO,  cycloheximide  (CHX),  or homoharringtonine  (HHT)  for  5h.  RNA  was  harvested  and  subjected  to  radiolabelled  RT-PCR  for EIF4A2  exon  10B  inclusion.  (F)  EIF4A2  exon  10B  accumulates  following  NMD  inhibition.  A549  cells were treated with DMSO or SMG1i, a SMG1i inhibitor, at 3 μ M, 1 μ M, 300 nM, 100 nM, or 30 nM, for 7h. RNA was harvested and subjected to radiolabelled RT-PCR for EIF4A2 exon 10B inclusion.;;1;;1;;;Plot+Diagram
228;10.1101_2025.03.09.642188.json;Figure 5: Overview and results of the mutational effect prediction in oncoPPIs a, Outline of the analysis to predict the experimentally-validated mutational effects on binding in oncoPPIs. The oncoPPI discovery was conducted by Cheng et al. [57] to identify 24 mutational effects in 13 different oncoPPIs through computational predictions and experimental Y2H assays. We used MINT embeddings and a trainable MLP on a dataset containing wild-type and mutant human protein pairs to predict whether the mutation results in a loss of binding or not in a fashion similar to Fig 2b. We then used the trained model to predict on the oncoPPI dataset across the 24 mutational effects. Since the training dataset is small, we use an ensemble of 100 trained models and using their consensus to compute the predicted binding score, which is the fraction of times a particular oncoPPI was assigned to be 1 (binding conserved) or 0 (binding lost). b, Predicted binding score and true mutational effects from Y2H experiments for all 24 mutations. We show the gene names of the interacting proteins, the missense mutation information (wildtype amino acid and position of the mutation n green and the mutated amino acid in red). Some oncoPPIs are homodimers (similar shaped dark red and gray protein icons) and some are heterodimers (different shaped dark red and gray protein icons). We use green check marks and red crosses to indicate whether our predicted binding score matches the true mutational effect. Using a threshold of 0.68 (Methods Sec. 5), MINT correctly distinguishes 23 out of 24 mutations.;;;;1;;;Diagram
230;10.1101_2025.03.09.641748.json;Figure 6: BRI-50460 Plasma and Brain Distribution. ( A )  BRI-50460 (3 mg/kg SQ) in an acute PK study using C57BL/6J mice ( n = 4 per time point), where plasma and brain tissue were harvested at 0.5, 1, 3,  and 6 hours post-injection ( B ) Plasma and brain Cmax and AUC after 3 mg/kg SQ BRI-50460 with Brain/plasma (B/P) ratio compared with zolpidem (Ambien®) ( C ) Free plasma and brain levels of BRI50460  expressed  in  percentage  unbound.  ( D ) K p,uu  of  BRI-50460  compared  to  other  CNS  penetrating agents. K 1, ith -ng;;;;1;;;Diagram
231;10.1101_2025.06.04.657787.json;Figure 1 : Trial structure for the visual inspection task.;;;;1;;;Diagram
232;10.1101_2025.07.04.663163.json;Fig.  5. AvrPm4 96224 induced  cell  death  in Pm4 -containing  wheat  protoplasts  is  suppressed  by  co-expression  of SvrPm4 JIW2 . ( A ) Protein sequence alignment of SvrPm4 candidates BgtAcSP-31023 and Bgt-51526 haplovariants found in the Pm4 virulent isolate GBR_JIW2 and in the Pm4 avirulent isolate CHE_96224. GBR_JIW2 is shown as the reference, with polymorphic residues in CHE_96224 highlighted. ( B ) Wheat protoplast assay showing suppression of AvrPm4 -induced cell death by SvrPm4 JIW2 .  Protoplasts  isolated  from  the  transgenic  wheat  line #52,  overexpressing Pm4b (used  in Fig. 2 )  were transfected  with  each Svr candidate  individually  or  co-transfected  with AvrPm4 .  Presumed  suppressor-active  candidates ( BgtAcSP-31023 JIW2 and Bgt-51526 JIW2 )  and  suppressor-inactive  candidates  ( BgtAcSP-31023 96224 and Bgt-51526 96224 )  were tested.  The  experiment  was  performed  twice  with  three  biological  replicates  each  (n  =  6  total).  ( C )  HR  response  in N. benthamiana upon Agrobacterium -mediated co-expression of Bgt-51526 JIW2 or Bgt-51526 96224 and Pm1a-HA , or a negative GUS control. The assay was performed three times with n = 6 leaves per experiment (n = 18 total). For all experiments, significance and P values (significance threshold of P < 0.05) were calculated with a two-sided analysis of variance (ANOVA) followed by a Tukey's HSD test ( Supp. Table S3 ). Boxes with the same letter are not significantly different.;;1;;;;;Plot
233;10.1101_2025.05.03.652001.json;Figure  1.  Conformational  Biasing  (CB)  approach  for  predicting  mutations  that  shift  protein conformational occupancy. ( A ) Many proteins switch between alternative conformations. Specific conformations  may  exhibit  unique  binding,  catalytic,  and  functional  properties.  ( B )  CB  predicts mutations  that  shift  conformational  occupancy.  ( C )  Computational  workflow  for  CB.  Mutant sequences  for  a  protein  of  interest  are  paired  with  the  protein's  structure  in  two  or  more conformational states. The structures can be experimentally-solved or computationally-predicted structures.  The  sequence-structure  pairings  are  scored  using  an  inverse  folding  model  such  as ProteinMPNN and plotted as shown. Conformation-biasing mutations maximize the difference in conformation-specific inverse folding scores.;;;;1;;;Diagram
235;10.1101_2025.08.22.671872.json;"Figure 4: Associations between chromatin state transitions and expression dynamics for a selection of P. falciparum genes. A) Representative chromatin states at start codons at three timepoints (left) and expression heatmap from timepoints throughout the IDC (right; RNA-seq data sourced from (Toenhake et al., 2018)) for each of 19 selected genes. B) Chromatin states for the three timepoints at ETRAMP11.2, PDI-Trans, and MSP1 gene loci. Thick blue bars at each gene indicate exonic regions, thin blue bars indicate UTR regions and chevrons indicate the orientation of transcription.";;1;;;;;Plot
236;10.1101_2025.06.06.658308.json;Figure 2. In vivo tracking of human CD19CAR-AkaLuc T cells in a mouse model of NALM6 leukemia.;;1;1;1;;;Plot+Diagram+Photo
239;10.1101_2025.10.13.682215.json;Figure  7. Examining  the  effects  of  the  aromatic  residues  surrounding  the  α 84 /β 84 -coupled  chromophore  pair  in  CPC. (a) A highly conserved network of aromatic amino acids surrounds the central chromophores in CPC. (b) Plots are shown for the normalized absorption spectra and relative fluorescence intensities of the α 84 chromophores  and  mutants. (c) Amplitude-averaged  fluorescence lifetime measurements showed a significant reduction in the lifetimes of the α-W128L and α-F74A mutants (from an unpaired 2-tailed t -test). The β-Y76P, α-F122A, and α-F122H mutants were also  found  to  have  a  statistically  significant  increase  in  fluorescence  lifetime  (p  ≤  0.01). (d) CD  spectra  of  β-Y76A  mutants known to possess full chromophorylation levels showed a reduced extent  of  coupling  associated  with  the  mutation.  Split  Gaussian decomposition  estimated  only  12%  contribution  by  area  of  the sharp,  red-shifted  CD  band  associated  with  chromophore  coupling.;;;1;1;;;Diagram+Photo
241;10.1101_2025.11.17.688954.json;Figure 2: Maximum-likelihood phylogenetic tree based on the 3622 core genes of 339 B . gladioli strains. Green colored branches represent strains isolated from plants, and red colored branches represent strains isolated from rice displaying symptoms of BPB from Bangladesh. The five distinct Bangladeshi clades are labeled using Roman numbers (I-V). The tree was rooted using B . glumae BGR1 as an outgroup. The position of the root is represented by a black circle. The scale bar corresponds to 0.01 substitutions per site.;;;;1;;;Diagram
242;10.1101_2025.05.03.651968.json;Figure  9: Age-related  cortical  atrophy  based  on  uncompensated  and  folding-compensated cortical thickness. Spatial maps depict the difference between HCA and HCP-YA group averages for both measures. Both maps exhibit a highly similar spatial pattern, with a strong correlation (𝑟𝑟 = 0.92) .;;;1;;;;Photo
244;10.1101_2024.10.30.621164.json;FIG. 3: Environmental carrying capacity K g and extinction due to sociality .;;1;;;;;Plot
247;10.1101_2024.10.11.617736.json;Fig. 3. A new glioma subpopulation with drug resistance . a . UMAP embedding of the  three  tumor  cell  clusters  determined  by  MAAS. b .  Sankey  plot  showed  the correspondence between clusters identified by CNVs and those identified by MAAS. c . Differentially enriched cancer hallmark signatures between clusters. The left panel displays pathways enriched in MAAS clusters, while the right panel shows pathways;;1;;;;;Plot
248;10.1101_2024.02.13.580203.json;Fig. 1 cyp19a1b -deficient males exhibit severely impaired male-typical mating and aggressive behaviors.;;1;;;;;Plot
249;10.1101_2025.08.19.671051.json;Fig 3. Incorporation of additional data using OoSE and group analysis a: Shape space for the original untreated dataset (grey) with additional data from cell treated with siControl (blue) and siKif1C (orange). 8 regions obtained by equally slicing shape space with a 4-by-2 grid are indicated with dashed lines and grey circled numbers. b: Bar graphs showing the fractions of shapes, which lie in each of the 8 regions of shape space as indicated in a. c-d: Diffusion map regions specified using an self organising map with data from cells treated with siControl (c) and siKIF1C (d) plotted in colour on top of the untreated dataset shown in grey. e: Stacked bar graph showing the fraction of shapes within the 4 regions indicated in c and d.;;1;;;;;Plot
251;10.1101_2025.07.23.666348.json;"Figure 2. Gal4 and Split-GAL4 expression patterns in the Drosophila male reproductive system.  A) Tdc2-GAL4 ; B) TRH-GAL4 ; C) vGlut-GAL4; D) Tdc2-AD  vGlut-GAL4-";;;1;;;;Photo
252;10.1101_2025.10.21.683696.json;"Figure 3: cbVG break, rejoin and junction positions in high-MOI passaged P3 stocks. (AC) Number of unique breaks (A), rejoins (B) or junctions (break_rejoin) (C) for each high-MOI passaged P3 stock. ""≥2"" indicates the number of events that appear in two or more stocks. The numbers above the bars indicate the actual number of events. (D-F) Depiction of breaks (D), rejoins  (E),  and  junctions  (F)  that  appear  in  two  or  more  stocks.  The  colors  indicate  the percentages of those breaks, rejoins or junctions over the total cbVG reads in their respective stocks  following  the  corresponding  scale  on  the  right.  Underlines  indicate  adjacent  break  or";;1;;;;;Plot
253;10.1101_2025.10.21.683696.json;Figure  4:  Dominant  break  positions,  rejoin  positions,  and  junctions  in  each  high-MOI passaged  viral  stock. (A)  Percentage  of  reads  for  each  unique  cbVG  in  each  high-MOI passaged P3 stock. Each dot represents a unique cbVG junction, and the black horizontal line indicates the median percentage for each stock. The number on top indicates the number of dominant  unique  cbVG  junctions  defined  as  species  with  >1%  of  the  total  cbVG  reads.  (B) Mapping  of  dominant  cbVGs  from  (A)  on  the  rSeVC eGFP genome.  Red  dots  indicate  break positions, blue dots indicate rejoin positions. Thick blue lines represent cbVGs with frequencies greater  than  or  equal  to  3%  of  the  total  cbVG  reads.  Thin  gray  lines  represent  cbVGs  with frequencies  of  1%  to  3%  of  the  total  cbVG  reads.  (C)  Dominant  cbVGs  and  their  predicted length for all high-MOI passaged P3 stocks. Each dot represents a unique cbVG species. The black horizontal line indicates the median dominant cbVG length for each stock. The dashed line indicates the length of the standard genome. (D) Percentage of unique cbVG junctions (red) and dominant (reads% > 1%) cbVG junctions (blue) in each high-MOI passaged P3 stock that meet the 'rule of six'.;;1;;;;;Plot
254;10.1101_2025.05.31.657027.json;Figure 2: Correlation between gap fraction and average confidence score for SCOP alignments. Each point represents a single alignment, and a linear regression line (with 95% confidence interval) is overlaid in red. A strong negative correlation is observed (r= -0 . 76).;;1;;;;;Plot
255;10.1101_2025.04.30.651418.json;Figure 1. Illustration of fPET timeseries and models tested in the path analyses. The fPET timeseries (A) for one subject in the left visual striatal cortex, with blue shading illustrating the standard deviation of the timeseries, i.e., fPET SD , indexing 'glucodynamics' across the scan. Separate path analyses (B) were tested for the whole brain and the dorsal attention, salience ventral attention, control and default networks.  The  path  analyses  included  direct  effects  of  fPET SD on  cognition  and  indirect  effects  of CMR GLC and fPET SD on cognition via local and global network efficiency. CMR GLC was indexed as a 'static' measure of glucose metabolism across the entire scan. Models were also tested in which there was a direct path from CMR GLC to cognition (grey arrow).;;1;;1;;;Plot+Diagram
256;10.1101_2025.01.20.633902.json;Figure 7: Model of Disp-mediated Shh transfer to HDL. We propose that Disp-mediated Shh solubilization requires HDL and A10, whereas the requirement for Scube2 is relative and depends on the amount of available HDL carriers. A,B) TIRF-SIM of Shh-transfected HEK293 cells (A) or Disp -/-cells (B) using the monoclonal anti-Shh antibody 5E1 shows unchanged cell surface clustering of overexpressed Shh in both cell lines. Scale bar: 10 µm. C) Dual-lipidated Shh colocalizes with HSPGs [7] (left). The availability of HDL carriers at the cell surface is a critical step for Shh release: In the absence of HDL, the Disp-regulated release complex is incomplete and Shh cannot be released, even in the presence of Scube2 [41]. EGF domains and the HS-binding spacer region are indicated. D) High HDL levels, as modeled in our experiments, result in frequent random encounters of HDL with the Shh release complex based on the law of mass action. This allows Disp to more effectively transfer the C-terminal Shh cholesterol moieties to HDL. This first step of partial Shh extraction exposes the N-terminal cleavage site for subsequent proteolytic processing by A10. Both activities release Shh from the PM. E) We propose that one role of Scube2 is to increase the frequency of HDL encounters with the release complex when HDL levels are low. This may be achieved by recruiting the soluble HDL/Scube2 complex to the punctate Shh/HSPG clusters at the cell surface [7, 13, 16]. This model explains why Scube2-regulated Shh solubilization is best achieved under serum-depleted conditions: We propose that Scube2, which has captured HDL and recruited it to the cell surface, forms a HS-associated Scube2/HDL reservoir that allows Shh solubilization to continue even after the medium is changed to serum-free DMEM. In contrast, careful prior washing of cells depletes the Scube2/HDL reservoir, thereby minimizing Shh release [41]. See Discussion for details.;;;;1;;;Diagram
258;10.1101_2024.11.03.621732.json;"Figure 4. Maps of predicted foliar traits as an example of general distribution of four different foliar  traits  in  the  study  area  (LMA,  leaf  mass  per  area;  cellulose;  Chl a ,  chlorophyll a and nitrogen). Trait predictions varies among functional types. RGB imagery was provided by Cloutier et al. (2023).";;1;;;;;Plot
259;10.1101_2023.09.13.557676.json;Fig. 3. Vessel pruning prediction by machine learning model. (A) Schematic of the machine learning model (Model-1) in which the relative location from the inlet (𝑟, 	𝜃, 	|𝑧|) , the vessel radius ( R ) and the 𝛼 were input to the network, while the pruning possibility was output. N was the total number of pixels corresponding to unpruned vessels, while n was the total number of pixels corresponding to the pruned vessels. n 1 was the number of pixels randomly sampled from N unpruned pixels every 10 epochs. (B) IoU as  a  function  of  the  threshold  value  (th)  of  the  pruning  possibility  output  from  Model-1. (C) Schematic of machine learning model (Model-2) in which blood pressure, vessel radius and WSS index were used as the input, and the pruning possibility was output. N , n 1 and n were defined as same as in Model-1 . (D) IoU as a function of the threshold (th) used in Model-2. ( E) Comparison of vessel pruning predicated by machine learning models (Model-1 and Model-2) with the actual pruning sites. ML in the figure means 'machine learning'. Orange, black and red circles illustrated the successfully predicted pruning sites, unpredicted pruning sites and extra predicted sites, respectively.;;;;1;;;Diagram
260;10.1101_2025.05.13.653719.json;Figure 2 . Effect of NIPs on RPOTmp-dependent gene expression. (A) RT-qPCR analysis of PCpromoter initiated transcripts in the wild type and rpotmp mutant. (B) RT-qPCR analysis of PCpromoter initiated transcripts in the wild type and nip1 nip2 mutant. In A and B, levels of PC promoter-initiated transcript were normalized to the background level of rrn16 transcript as described (Tarasenko et al. 2016) and presented as the difference from the wild type at 96 h of dark growth. 0 h indicates imbibed seeds before incubation at 23 ° C. (C) RT-qPCR analysis of plastid-encoded tRNAs and RPOTmp . Transcript levels were normalized to the averaged level of ACTIN8 and ELONGATION FACTOR 1α and presented as the difference from the wild type at 96 h of dark growth. In A to C, seedlings were incubated in darkness for 96 h and then illuminated under continuous light for indicated time length. Data are mean ± SE from three biological replicates.;;1;;;;;Plot
261;10.1101_2024.12.04.626811.json;How often do you receive patients referring to persistent abdominal pain and feeding problems that do not improve with dietary changes?;;;;1;;;Diagram
262;10.1101_2025.04.13.648583.json;Fig. 1. (A) SEM (100 - 200 nm), (B) Micrograph and FTIR Characterization of ciprofloxacin-loaded hydroxyapatite-alginate-chitosan nano capsules;;;1;;;;Photo
263;10.1101_2025.05.15.654044.json;Figure 3: In silico perturbation of GBM tumor cell scRNAseq data using an L1000-derived alisertib TCS predicts an NPC-like to MES-like tumor response confirmed in vivo a. Histogram  of  single-cell  alisertib  TCS  correlations  (connectivities).  Cells  with  negative correlation coefficients (blue) are predicted to be sensitive to alisertib, while cells with positive correlation coefficients (red) are predicted to be resistant to alisertib. b. Hierarchy plot of patient GBM tumor cells colored by predicted sensitivity (ρ < 0) or resistance (ρ > 0) to alisertib. c. Bar;;1;;1;;;Plot+Diagram
264;10.1101_2025.04.07.647511.json;Fig. 3. Behavioral results for visual (cross-modal) trials. A. Psychometric functions were fitted to the delay detection data for each experimental condition. B. Across both groups, the TRE manifested as a rightward shift of the functions;;1;;;;;Plot
265;10.1101_2024.10.25.620274.json;Figure 3: The CD4 co-receptor enhances the discrimination of helper cells expressing an MHC-I restricted TCR. (A) Schematic of helper and cytotoxic T cells transduced with the c259 TCR. (B) Representative ligand discrimination assays using helper and cytotoxic c259 TCR-T cells recognising peptides on U87 target cells. Expression of the 4-1BB activation marker was measured after a 20 hour co-culture. (C) Mean potency (P15) over TCR/pMHC affinity (KD) from N=3 independent blood donors (points) is fitted to the kinetic proofreading model (solid line). (D) Kinetic proofreading introduces a time-delay ( τ kp) between pMHC binding (state C 0 ) and TCR signalling (state C N ) that selectively reduces signalling to low-affinity ligands. (E) Fitted time-delay from the data in panel (C). F-test compares the time-delay between conditions. (F) Schematic of helper WT and CD4 KO c259 TCR-T cells. (G) Flow cytometry staining of CD4 in WT and CD4 KO helper T cells. (H) U87 cells were titrated with each of the 7 NY-ESO-1 peptides to stimulate WT or CD4 KO helper c259 TCR-T cells. 4-1BB expression was measured after 20 hours. (I) Fold change in potency (P15) between CD4 KO and WT helper T cells from (H) is plotted over TCR/pMHC affinity (KD). Dashed line indicates fold change of 1. Significance of non-zero slope was assessed by an F-test Data in (B), (G) and (H) are representative of at least N=3 independent experiments with different blood donors. Data in (I) is shown as means ± SDs of N=5 independent experiments with different blood donors. ns not significant, *p < 0.05, **p < 0.01.;;1;;1;;;Plot+Diagram
268;10.1101_2025.06.30.662370.json;Figure 1: Analytic predictions for the reduction in genetic diversity from BGS. The predicted departure from neutral levels of diversity ( 1 -B , y-axis) is plotted against the recombination distance of a selected site ( r , x-axis). Each panel shows the effect of varying a single DFE parameter across an order of magnitude, while holding the other parameters constant ( µ = 5 . 5 × 10 -9 , ¯ s = 0 . 0275 , β = 0 . 55 ) and assuming a coalescent N e of 10 , 000 .;;1;;;;;Plot
269;10.1101_2025.04.01.646677.json;Figure 1 .  Quantified oxylipins, endocannabinoids and polyunsaturated fatty acids in plasma samples of ADNI  2/GO  participants,  projected  onto  their  metabolic  pathway.  Nod  size  indicates  the  average concentration observed across the samples, with chemical classes indicated by node color.;;;;1;;;Diagram
270;10.1101_2024.06.06.597786.json;Extended Data Fig. 10 Expression of fibroblast growth factors (FGFs) in human DRGs and qRT-PCR of osteogenic genes expression in vitro . a Expression of FGF9 in human sn-RNA seq in;;1;;;;;Plot
274;10.1101_2024.10.25.620274.json;Figure S7: High-throughput measurements of c259 TCR affinities with the 163 pMHCs from the positional scanning library by SPR at 37°C;;1;;1;;;Plot+Diagram
275;10.1101_2025.01.17.633623.json;"Figure 1: Core clock rhythms in skeletal muscle are independent from the liver clock. A. Schematic of experimental design. ZT; zeitgeber time. B. Expression of core clock genes in skeletal (gastrocnemius) muscle isolated from WT and hepatocyte specific Bmal1 KO (Bmal1 hep-/) mice (n=3 male mice per genotype per timepoint), FPKM; Fragments Per Kilobase of transcript per Million mapped reads. C. Rhythmicity of core clock genes in skeletal muscle by DryR analysis. D-F. Rhythmicity (D), peak phase (E) and amplitude (F) of core clock genes in skeletal muscle by JTK_CYCLE analysis.";;1;;;;;Plot
276;10.1101_2025.01.14.632964.json;Fig.  6.  Prolonged  maternal  presence  promotes  sociability, exploration,  and  feeding  efficiency. Longitudinal observations from +1 to +7 months post-weaning. Boxes represent the median, with error bars indicating the 95% confidence interval of the median ( a ). Medians sharing the same letter are not significantly different. Stars indicate significant differences between foals with or without their mothers (***: p<0.001, **: p<0.01, *: p<0.05, ns: non-significant). Behavioural tests conducted at +7 months post-weaning  ( b ).  The  variables  presented  were  selected  based  on  multivariate  analysis.  Boxplot whiskers extend to ±1.5× the interquartile range for each treatment.;;1;;;;;Plot
277;10.1101_2025.07.29.667383.json;Figure 2. Overview of the proteins of interest used in this work: Four target proteins from different families were used in this study: Bromodomain-containing protein 4 (BRD4, top left), soluble epoxide hydrolase (sEH, top right), WD repeatcontaining protein 5 (WDR5, bottom left) and Aurora kinase A (AURKA, bottom right) in complex with their corresponding ligands and exit strategies. The ligands were modified with various alkyne moieties and are shown next to the respective POI.;;;;1;;;Diagram
278;10.1101_2025.04.09.648026.json;"Figure S2. Representative images of ( A ) smFISH/RNAscope staining in the substantia nigra of a Het( Snca Enh+37 +/- ) founder mouse (L1); blue = Hoechst, red = Th ,  green = Snca , yellow = colocalization of Th and Snca and (B) the HALO logic gate used to identify dopaminergic neurons from RNAscope images (purple = nucleus, light gray = cytoplasm of Th + cells, dark gray = cytoplasm of Th - cells, red = cytoplasm of Th+ cells containing Snca transcripts).";;;1;;;;Photo
281;10.1101_2025.09.21.677650.json;"Fig. 3. Assay for protease cleavage site preferences. A. Schematic representation of the assay. Barcoded proteins are immobilized on Ni-NTA beads, and a recombinant protease is added. Following incubation, wild-type and mutant proteins with enhanced cleavage are depleted from the beads during washing steps, while variants that do not undergo cleavage are retained on the beads. B. Heatmap showing FLAG epitope cleavage by enteropeptidase. Scissors indicate the cleavage site. The underlined sequence corresponds to the activation peptide in trypsinogen and the numbers above it (19-23) correspond to positions in trypsinogen. The bar plot below the heatmap displays the positional mean of substitutions at each position. C. Heatmap showing cleavage of a substrate by the human rhinovirus 3C protease. Scissors indicate the cleavage site. The bar plot displays the positional mean of substitutions. D. Pearson's correlation plot between two biological replicates of the enteropeptidase cleavage assay. Each dot is a unique variant. Red line indicates linear regression fit. E. Pearson's correlation plot between two replicates of the rhinovirus 3C protease cleavage assay; dots and red line as in D.";;1;;1;;;Plot+Diagram
282;10.1101_2025.05.19.654807.json;Supplemental Figure 4 ( A ) InterPro protein domain  analysis of significantly enriched proteins from Mass-spectrometry  of  the  R-loop  interactome  in  HEK293  and  HEK293  p53  KO  cells  treated  with  1.5µM Azacitidine  (Aza)  or  Decitabine  (Dac),  compared  to  solvent  treated  cells.  ( B )  Scatter  plots  of  DRIP-Mass Spectrometry  proteins  from  Aza  or  Dac  treated  HEK293  and  HEK293  p53  KO  cells,  clustered  based  on  GO biological enrichment term analysis. Clusters are computed using the Leiden algorithm, with points plotted on the first two UMAP dimensions. Larger and more opaque points represent more significantly enriched terms. Clusters of interest are highlighted with colours, all other clusters are coloured grey. Some clusters are further highlighted by dashed boxes to allow for easy comparison between the drug conditions ( C ) Upset-Plot showing the number of  unique  (black/coloured  bars)  and  shared  (grey)  significantly  enriched (up) and significantly depleted (down) proteins  from  Mass-spectrometry  of  the R-loop interactome in HEK293 and HEK293 p53 KO cells treated with 1.5µM Aza or Dac.;;1;;;;;Plot
283;10.1101_2023.12.01.569683.json;"Fig. 1 N-terminal acetylation of PA-X is required for nuclear localization. A) Diagram showing which Nat complexes acetylate nascent proteins depending on the first two amino acids. WT PA-X and the PA-X E2 mutants E2D and E2N are modified by NatB (purple), PA-X E2L and E2M mutants are modified by NatC (yellow), and PA-X E2A, E2S, and E2V mutants are modified by NatA (blue). The PA-X E2P mutant should be unmodified. B-G) HEK293T cells were transfected for 24 hours with empty vector, WT PR8 PA-X-eGFP, the catalytically inactive PA-X D108A-eGFP mutant, or the indicated PR8 PA-X-eGFP mutants carrying changes in the second amino acid. For B, a PR8 PA-X E2P mutant carrying an SV40 nuclear localization sequence (PA-X E2P-NLS-eGFP) was also transfected. B,E) mRNA levels of a co-transfected luciferase reporter were measured by RT-qPCR and normalized to 18S rRNA. Levels are plotted as change relative to vector transfected cells. C,F) Confocal microscopy was used to image eGFP-positive cells. Nuclei are stained with Hoechst. Representative images are shown. D,G) Manders' overlap coefficients for colocalization of nuclei and GFP signal on images were determined using JACoP in ImageJ. Each data point represents 10-15 eGFP positive cells. Manders' overlap coefficient values represent the following localization: ~1: all protein is nuclear; ~0.5: protein is diffuse throughout the cell.";;1;1;1;;;Plot+Diagram+Photo
285;10.1101_2024.09.03.610982.json;Figure  3  Cholinergic  modulation  of  HVC-RAPN  eEPSCs  in  adult  male  zebra finches;;1;;1;;;Plot+Diagram
286;10.1101_2025.09.29.679248.json;Figure 11 ) Objects and destinations per interval. Intervals (abscissa) are numbered as shown in the inset above.;;1;;;;;Plot
287;10.1101_2024.03.22.585864.json;Figure 6: Partial early and late enhancer deletion induce stage-specific alterations. A. Illustration detailing the Shox2 Δearly deletion  allele  lacking  8  out  of  26  early  putative  enhancers  (in  green),  while  late  (in  purple)  and common  (light  blue)  putative  enhancers  remain  intact. B. Fluorescent  imaging  comparing  Shox2 trac and Shox2 Δearly forelimbs at E11.5 and E14.5. White arrows indicate a reduction in dmCherry and EYFP signals at E11.5 and a complete loss of EYFP signal in distal limbs at E14.5. C. Log2 ratio of the proportion of maintaining, inactive, and  decommissioned  cell  populations,  identified  by  flow  cytometry  analyses,  in  Shox2 trac versus  Shox2 Δearly forelimbs at E10.5, E11.5, E13.5, and E14.5. D. Normalized FPKM of Shox2 expression in E10.5 and E14.5 Shox2 trac and Shox2 Δearly entire forelimbs, with comprehensive DESeq2 analyses in Supplementary Table S6 . E. Schematic representation of the Shox2 Δlate deletion allele lacking 2 out 4 late (in purple), 2 out of 4 common (in light blue), 1 out of 26 early putative enhancers. F. Fluorescent imaging of Shox2 trac and Shox2 Δlate forelimbs at E11.5 and E14.5. White arrows and delimited area indicate a loss of dmCherry signal in the central limb section at E14.5. G. Log2 ratio of the proportion of maintaining, inactive, and decommissioned cell populations, identified by flow cytometry analyses, Shox2 trac versus Shox2 Δlate forelimbs at E11.5, E13.5, and E14.5. H. Normalized FPKM of Shox2 in E10.5 and E14.5 Shox2 trac and Shox2 Δlate entire forelimbs, detailed DESeq2 analyses in Supplementary Table S6. In C and G :  T-tests  were utilized to calculate p-values from replicates ( Supplementary Fig. S6 ). NS= nonsignificant,  *=p<0.05,  **=p<0.01  and  ***=p<0.001.  In D and H boxplots,  boxes  indicate  the  first  and  third quartiles, the whiskers indicate ±1.5 × interquartile range, and the horizontal line within the boxes indicates the median. Statistical test used: DESeq2 Wald test, padj is the FDR-corrected p-value from DESeq2;;1;1;1;;;Plot+Diagram+Photo
288;10.1101_2025.07.19.665666.json;Supplementary Figure 6 . Ability of the model to predict responses in additional repeats of the same stimulus or in an unseen stimulus (generalizability) . Data from the same dataset as in Figure 5. a : Performance of the model when the training data and the test data are obtained from the same stimulus sequence (5 minutes). The training data was obtained from repeats 1 and 3, and the test data from repeats 2 and 4. The plot shows predictability of each neuron's activity as a function of their repeatability. The line is obtained through linear regression (slope: 0.82). An identical plot was shown in Figure 5h . b : Ability of the model to generalize to unseen visual stimuli. The plot shows the performance of the model when the training data is obtained from 5 minutes of stimulus and the test data are obtained from a different 2 minutes of stimulus, as a function of repeatability in the test period. c: Prediction score (ratio of predictability to repeatability) as a function of the length of the training set, when training and testing are done on the same stimulus sequence (black) or on a different 2-min stimulus sequence (red). Both curves show good performance with 3 minutes of training, and no major improvement with longer training.;;1;;;;;Plot
289;10.1101_2025.05.06.652462.json;Figure 4: A Linear Model of TCR diversity. We model D as a linear function of S and S 1000 and fit the data in five-fold cross-validation. We plot the predicted TCR diversity as a function the measured TCR diversity. The red dashed line shows one-to-one correspondence. The linear model accurately describes the measured TCR diversity ( R 2 = 0 . 96 ).;;1;;;;;Plot
290;10.1101_2025.08.27.671384.json;"Fig.  1.  Interpenetrating  network  collagen  I-tetrazine-alginate  hydrogels  functionalized  with  DLL-4  and  VCAM-1 enable  orthogonal  control  over  the  viscoelastic  properties  of  a  3D  engineered  thymic  niche. a)  Schematic  of physicochemical composition of viscous and elastic 3D ETNs. b) Stress relaxation kinetics of viscous and elastic 3D ETNs at  15%  fixed  shear  strain.  c)  Storage  modulus  values  for  viscous  and  elastic  3D  ETNs  (n  =  3);  ns:  no  significance, Unpaired t test with Welch's correction. d) Characteristic time for 3D ETN matrices to relax 50% of the initial stress in response to fixed deformation (n = 3); *p < 0.05, **p < 0.01, Unpaired t test with Welch's correction and 95% confidence interval.  e)  Loss  angle  oscillatory  time  sweep  kinetics  for  viscous  versus  elastic  3D  ETN  matrices.  f)  Loss  angle measurements for 3D ETN matrices (n = 3); *p < 0.05, ***p < 0.001, Unpaired t test  with Welch's correction and 95% confidence interval. g) Irreversible plastic strain measurements for 3D ETN matrices (n = 3). h) Creep behavior for viscous and elastic 3D ETNs. Data is visualized as mean values +/- SD.";;1;;1;;;Plot+Diagram
291;10.1101_2023.07.25.550495.json;Fig. 8 Information analysis for spike prediction models.;;1;;;;;Plot
292;10.1101_2025.05.09.652687.json;Figure 6. Model of the feedback loop involving NMD during dsRNA sensing. Upon viral infection, dsRNA is produced by most viral infections. This dsRNA, aside from triggering the innate immune sensing pathway and the interferon response, activates RNaseL and PKR, which drastically inhibits translation. In this state of stricking reduction of translation, NMD is also decreased, leading to the accumulation of NMDdecayed  isoforms.  These  isoforms,  or  the  inhibition  of  NMD  itself,  feeds  back  to  limit  the  sensing  of dsRNA,  in  a  negative  feedback  look  that  will  decrease  the  interferon  response  as  well  as  RNaseL activation. Created in BioRender. Lynch, K. (2025) https://BioRender.com/3or17n1.;;;;1;;;Diagram
293;10.1101_2025.04.23.650164.json;Fig. S17 Exposure of the receptor binding motif (RBm) during the MD simulations. (AC-E) Solvent Accessible Surface Area (SASA) (Å 2 ) of the RBm versus time (µs) and (B-D-F) the probability density versus SASA of RBm (Å 2 ) for the simulated systems of open spike with heparin bound from Paiardi et al. 2 and for the four replica MD trajectories of the two systems of open spike glycoprotein with K5OSH and K5NOSH bound simulated in the current study. The SASA is shown for each subunit - S A , S B , S C - in blue, pink, and brown for heparin-spike complexes  and  in  blue,  teal,  and  cyan  for  K5-spike  complexes. (A-C-E) The  SASA  is computed along the simulations  while (B-D-F) the  probability  density  is  computed  on  the converged MD trajectories (from 0.2 to 1 μs) and is shown for each subunit - S A , S B , S C - in blue, pink, and brown for systems with heparin bound, in blue, teal, and cyan for systems with K5  compounds  bound. (B-D-F) The  dashed  lines  showing  the  mean  values  for  the  single distribution are colored according to the SASA of the respective subunit.;;1;;;;;Plot
294;10.1101_2025.09.26.678799.json;"Fig. 6 NMDA mediated Ca 2+ effects on afterdepolarizations. The effect of varying the (a) conductances of AMPA and NMDA current input (a; g AMPA and g NMDA , respectively), (b) conductance of NMDA current and the fraction of Ca 2+ current carried by the NMDA current ( P f,NMDA ), (c) conductance of NMDA current and the K(Ca) current conductance (fold change from its default value) in the dendritic compartment ( g K ( Ca ) ,d ), (d) conductance of NMDA current and the the Hill coefficient of the gating of the K(Ca) current ( n K ( Ca ) ), and (d) conductance of NMDA current and the half-maximal concentration of the K(Ca) current gating ( k Ca ) on ADP amplitude, relative ADP amplitude and the number of evoked APs. A fixed AMPA conductance ( g AMPA = 10 µ S/cm 2 ) is assumed in b-e.";;1;;;;;Plot
295;10.1101_2024.03.13.584141.json;"Fig.4 Using MEG to time the two successive neural codes for geometric shapes ( A,B ) Performance of a classifier using MEG signals to predict whether the stimulus is a regular shape or an oddball. Left: performance for each shape; middle: correlation with geometrical regularity (same x axis as in figure 3C); right: visualization of the average decoding performance over the cluster. In A, training of the classifier was performed on MEG signals from all 11 shapes; In B, eleven different classifiers were trained separately, one for each shape. ( C ) Sensor-level temporal RSA analysis. At each time point, the 11x11 dissimilarity matrix of MEG signals was modeled by the two model RDMs in Fig. 1D , and the graph shows the time course of the corresponding GLM beta weights. ( D ) Source-level temporalspatial searchlight RSA. Same analysis as in C, but now after reconstruction of cortical source activity.";;1;;1;;;Plot+Diagram
297;10.1101_2025.10.01.679787.json;Figure 2. Memory B cell antibodies. (A) Absolute number of RBD binding B cells in homotypic beta- (n=5 in blue), mosaic 8b- (n=5 in orange) and mRNA- (n=5 in gray) vaccinated mice obtained from draining lymph node on day 56. (B) Pie charts showing the proportional clonal representation of antibodies obtained from the memory B cells in (A). The number indicates the number of sequences. The black outline and percentage show the frequency of clonally expanded B cells. Colors represent individual clones. (C) Circus plot shows V+J antibody gene segments shared among mice immunized with the different immunogens. Purple shows antibodies shared within clones. Green shows antibodies shared from clones to singles and grey shows shared single antibodies between the 3 immunizations. (D) Nucleotide somatic hypermutations (SHM) in the heavy and light chains for all sequences shown in (B) for homotypic beta (blue), mosaic 8b (orange) and mRNA (gray) immunization groups. The red line represents the median value. Statistical significance was determined using an ANOVA test.;;;;1;;;Diagram
298;10.1101_2025.06.27.661925.json;Figure  2: Native gel electrophoresis of human A2M consisting of the purified A2M (lane 3).;;;1;;;;Photo
299;10.1101_2025.02.21.639456.json;FIGURE 4. Pseudogene dating estimates for aardvark. Average dates are mapped on a timetree based on dates from Foley et al. (2023). Also included are relevant fossil taxa, indicated by black bars and daggers. Bars indicate the date range for these fossils (see Discussion). Paintings by Carl Buell.;;;;1;;;Diagram
300;10.1101_2025.07.08.663108.json;Figure 1. Single cell RNA sequence estimates CBCs and absorptive enterocyte as an origin of revival stem cells;;;1;1;;;Diagram+Photo
